<?xml version="1.0" encoding="utf-8"?>
<COLLADA xmlns="http://www.collada.org/2005/11/COLLADASchema" version="1.4.1" xmlns:xsi="http://www.w3.org/2001/XMLSchema-instance">
  <asset>
    <contributor>
      <author>Blender User</author>
      <authoring_tool>Blender 3.6.5 commit date:2023-10-16, commit time:14:30, hash:cf1e1ed46b7e</authoring_tool>
    </contributor>
    <created>2023-12-01T17:52:13</created>
    <modified>2023-12-01T17:52:13</modified>
    <unit name="meter" meter="1"/>
    <up_axis>Z_UP</up_axis>
  </asset>
  <library_effects>
    <effect id="Material_001-effect">
      <profile_COMMON>
        <technique sid="common">
          <lambert>
            <emission>
              <color sid="emission">0 0 0 1</color>
            </emission>
            <diffuse>
              <color sid="diffuse">0.00807575 0.00807575 0.00807575 1</color>
            </diffuse>
            <index_of_refraction>
              <float sid="ior">1.45</float>
            </index_of_refraction>
          </lambert>
        </technique>
      </profile_COMMON>
    </effect>
  </library_effects>
  <library_images/>
  <library_materials>
    <material id="Material_001-material" name="Material.001">
      <instance_effect url="#Material_001-effect"/>
    </material>
  </library_materials>
  <library_geometries>
    <geometry id="asm_edie_v7-1_ear_right-mesh" name="asm_edie_v7-1_ear_right">
      <mesh>
        <source id="asm_edie_v7-1_ear_right-mesh-positions">
          <float_array id="asm_edie_v7-1_ear_right-mesh-positions-array" count="7443">5.17347 0.470047 -21.68001 3.259232 -1.204254 -22.10462 1.262199 -2.90329 -22.25025 2.563827 -4.454514 -22.00162 0.9734192 -3.145142 -22.24726 1.513992 -5.329117 -21.96216 4.641296 -2.686035 -21.8439 3.607445 -3.572494 -21.96216 3.697472 0.3357849 -19.13269 3.836426 0.4644318 -19.07984 8.871926 3.850281 -19.95267 5.240677 0.5296936 -21.65974 5.661888 -1.798141 -21.64726 5.352692 1.906967 -18.32332 4.605553 1.187057 -18.73861 3.044472 -0.260315 -19.34432 -7.630508 14.05666 -17.84977 2.225174 -0.9900208 -19.53003 -9.053063 12.89877 -18.24162 1.396263 -1.710449 -19.63709 0.5722351 -2.408997 -19.66504 -10.48917 11.70874 -18.40611 -0.2540665 -3.089661 -19.61041 -0.4948807 -3.284531 -19.57966 -11.95026 10.47618 -18.33418 -2.635559 -6.087173 -21.70916 -3.803879 -7.007523 -21.33484 -1.082909 -3.754349 -19.47793 -0.6875 -4.517532 -22.11456 7.179153 2.277069 -20.90602 6.665764 -0.9118042 -21.3729 8.609871 0.8441773 -20.59496 7.649536 -0.03004455 -21.02173 6.766884 3.322845 -17.28158 7.124489 3.692001 -16.96105 10.71606 5.624847 -18.53551 6.072243 2.618729 -17.83658 9.015908 3.986389 -19.85729 9.543519 1.707901 -20.09402 -3.677193 17.15941 -15.50009 12.08997 6.998886 -17.15554 10.98119 6.896149 -15.2636 7.437477 4.019241 -16.65897 -4.906715 16.21361 -16.44112 -6.231026 15.17506 -17.23737 10.44732 2.558182 -19.52062 12.15327 4.207016 -18.1644 11.31822 3.392166 -18.87668 12.24028 7.152496 -16.98406 12.94963 4.999985 -17.38617 9.854516 6.691345 -13.50736 9.943345 6.795441 -13.35657 14.79059 9.900681 -13.1894 9.290528 6.042938 -14.39229 8.69677 5.379013 -15.21207 8.079873 4.704498 -15.96834 13.56785 8.544388 -15.25002 14.69025 9.785782 -13.38088 -0.01486206 19.85101 -11.32135 10.38905 7.323273 -12.55808 -1.225822 18.98477 -12.96316 -2.449455 18.08446 -14.34824 13.70463 5.768387 -16.54464 15.08044 7.221191 -14.68325 14.41571 6.509628 -15.64265 15.69661 7.900665 -13.6697 13.44994 9.766022 -10.72422 15.61551 10.8791 -11.40357 16.2621 8.545762 -12.60541 11.82534 9.110474 -9.341361 12.22334 9.633622 -8.216361 16.83456 12.52415 -7.522033 11.38038 8.537659 -10.47568 10.90052 7.940842 -11.54794 16.35132 11.82735 -9.339588 2.266518 21.39465 -7.260659 12.24586 9.663666 -8.148719 3.204308 21.98111 -5.064815 1.17971 20.67622 -9.380649 17.23361 9.724183 -10.3392 16.77501 9.154282 -11.49399 17.98184 10.74054 -7.915278 17.63634 10.25354 -9.14495 12.63274 10.19057 -6.89585 15.7557 12.39619 -5.243962 16.90771 12.63876 -7.189927 13.29871 11.15688 -4.201774 14.78341 12.27379 -2.934844 17.48253 13.83594 -2.730109 12.97907 10.68608 -5.57997 17.28418 13.30894 -4.979644 13.81791 11.9892 -1.279786 13.91087 12.1532 -0.599082 17.5057 14.2179 -0.4683905 13.58251 11.5945 -2.76711 4.799614 22.85851 -0.01208209 14.01823 12.34865 0.2688408 5.129158 23.00546 1.40713 4.439758 22.68012 -1.365888 4.050545 22.47196 -2.663312 18.26894 11.18356 -6.654345 18.66427 11.93178 -4.05586 18.49668 11.58108 -5.36642 18.81697 12.48805 -1.384631 18.77115 12.23444 -2.727097 17.35853 14.45621 1.78891 18.80156 12.69177 -0.03300094 14.17934 12.66669 1.866864 17.04444 14.55238 4.033148 18.58748 12.9469 2.679436 18.72498 12.84489 1.323217 14.3423 13.14258 5.164387 16.56759 14.50667 6.244304 18.13182 12.99637 5.373532 14.28687 12.9313 3.497992 18.38954 12.99745 4.031065 14.3543 13.30496 6.874806 15.9331 14.32039 8.403728 17.81519 12.94366 6.702294 14.32688 13.41916 8.633359 15.14936 13.99678 10.48768 17.0097 12.68428 9.300782 17.44073 12.83952 8.012856 14.26598 13.49174 10.55541 14.2252 13.54034 12.47807 15.98395 12.22278 11.79138 16.52356 12.47845 10.56171 6.170959 23.13902 9.520617 8.670159 20.16058 11.41695 10.67273 16.31427 13.48185 15.39271 11.91809 12.98563 6.062233 23.20664 7.780439 5.898277 23.22304 6.093631 5.426002 23.1182 2.900796 5.684433 23.19222 4.465614 -17.88202 -13.77628 10.13558 -17.14188 -12.86251 10.55666 -17.08094 -12.93513 8.633359 -22.73767 -6.19371 11.41695 -18.36317 -14.5715 7.693092 -16.88644 -13.00364 5.815418 -25.285 -3.092743 7.735792 -25.23686 -3.215271 9.520617 -17.18262 -12.81395 12.47807 -16.19048 -14.77477 11.79138 -15.78774 -14.24542 12.98563 -16.82308 -15.7048 9.300782 -16.53598 -15.26178 10.56171 -18.62375 -15.19306 5.179389 -17.21841 -16.45301 6.702294 -17.05081 -16.10232 8.012856 -16.53432 -12.9711 3.112247 -18.66368 -15.63373 2.639159 -17.32529 -16.75568 5.373532 -18.4905 -15.89193 0.1216478 -17.3557 -17.21301 2.679436 -17.3711 -17.00929 4.031065 -16.03469 -12.83833 0.5304499 -18.10454 -15.97316 -2.405715 -17.14162 -17.46813 -0.03300094 -17.27911 -17.36613 1.323217 -15.3995 -12.61433 -1.947446 -17.49965 -15.87045 -4.931573 -16.68595 -17.51761 -2.727097 -16.94367 -17.51869 -1.384631 -14.63132 -12.29707 -4.324698 -16.68214 -15.57993 -7.398709 -15.99487 -17.36076 -5.36642 -16.36932 -17.46491 -4.05586 -13.36066 -11.70583 -7.4344 -15.65861 -15.10188 -9.774515 -15.07769 -16.9997 -7.915278 -13.73327 -11.88675 -6.60423 -15.56383 -17.20551 -6.654345 -12.16598 -11.5033 -11.01909 -14.45673 -14.44956 -11.99668 -13.94685 -16.43932 -10.3392 -14.53809 -16.74401 -9.14495 -10.83287 -11.31545 -14.55917 -13.09656 -13.63581 -14.04034 -12.61761 -15.6872 -12.60541 -13.30597 -16.08666 -11.49399 -11.60236 -12.67711 -15.88133 -11.10798 -14.75351 -14.68325 -11.88412 -15.24232 -13.6697 -9.3648 -11.14856 -18.05859 -9.992875 -11.58725 -17.50755 -10.2918 -14.22243 -15.64265 -8.550515 -13.04078 -17.38617 -9.438347 -13.65087 -16.54464 -7.017227 -8.038697 -16.32582 -5.780914 -7.211212 -17.30927 -8.262955 -10.36298 -18.92568 -7.631302 -12.3942 -18.1644 -6.160843 -7.469086 -17.02662 -9.454102 -9.56456 -13.78454 -7.856651 -8.578721 -15.54227 -8.675621 -9.090195 -14.68494 -12.6981 -11.3737 -8.78914 -11.51897 -10.74769 -10.87217 -10.18334 -9.995774 -12.85126 -10.87063 -10.38795 -11.87693 -23.32764 -0.2077789 -5.876178 -22.89597 0.2674255 -7.113965 -23.72128 -0.6559296 -4.58509 -24.07714 -1.077805 -3.234673 -24.65892 -1.824753 -0.3998413 -24.38986 -1.467514 -1.840165 -25.06495 -2.445496 2.668032 -24.88455 -2.150864 1.098604 -25.19502 -2.703949 4.303762 -25.26973 -2.921005 5.994782 -21.9098 1.308563 -9.454469 -22.42455 0.7716827 -8.304588 -6.438591 -9.02208 -20.11058 -6.683823 -11.71334 -18.87668 -4.557358 -7.592468 -21.03975 -4.716972 -10.25808 -20.09402 -5.711281 -11.0005 -19.52062 -2.676552 -8.694657 -21.02173 -3.704254 -9.488602 -20.59496 -5.284561 -6.869919 -17.65421 -4.413078 -6.258606 -18.1951 -1.637352 -7.878952 -21.3729 -1.911789 -4.403244 -19.27331 -2.736328 -5.032562 -18.99664 -3.566147 -5.648224 -18.64025 -16.24841 6.712646 -16.61487 -17.59546 5.484146 -15.53901 -18.88538 4.280136 -14.20663 -19.51511 3.680862 -13.43021 -20.1395 3.077988 -12.56529 -20.75591 2.473083 -11.60494 -21.35033 1.879089 -10.56176 -0.5901566 -7.044235 -21.64726 0.4614716 -6.193329 -21.8439 -13.42433 9.209641 -18.00941 -14.86317 7.949738 -17.4334 -0.6875229 -12.38972 9.812972 1.516487 -13.64478 13.41998 -0.2699051 -11.51585 13.07874 -1.117966 -0.06672668 24.64805 -2.419594 1.484497 24.39942 -4.282486 -0.09893798 24.27284 -3.138977 -14.58699 8.937911 1.098869 -14.51866 10.15421 -0.06812286 0.8078766 24.60859 -2.518837 1.684509 20.7748 -6.167465 -1.744095 23.87689 -3.195427 -1.835205 24.49034 -2.161575 -0.9487457 24.60859 -6.400009 -1.950211 23.80832 -4.216019 -2.723099 24.2937 -6.480652 -1.781616 20.66958 -8.046662 -3.431091 23.18955 -5.219902 -3.609421 24.01933 -5.926361 -1.152908 17.76406 -6.439667 -1.61441 17.57194 -10.28101 -5.324783 18.81387 -4.446739 0.1507873 18.1518 -9.88546 -5.133484 22.19475 -10.27352 -5.500153 21.93864 -4.638466 -2.6922 18.00975 -7.398323 -2.49028 17.12619 -6.108299 -4.027664 17.37261 -3.156723 -1.386597 18.39822 -4.116882 0.4400025 18.08726 -1.352585 -16.71593 9.279145 -2.454193 1.878433 17.1497 -3.858566 0.6717377 17.78311 -2.826935 -1.097046 18.33357 -3.769073 0.7591553 17.34973 -2.569183 -0.8647003 18.0292 -3.778847 0.770813 15.71763 -2.480469 -0.776535 17.59588 -2.218773 2.071762 13.53165 -3.774338 0.7654419 14.08353 -2.492599 -0.762085 15.96339 -3.85099 0.6927185 13.68434 -2.490196 -0.7649384 14.32882 -4.073837 0.4938355 13.38509 -2.56736 -0.8371582 13.92941 -4.371574 0.2326049 13.2805 -2.790512 -1.03569 13.6302 -5.685722 -0.9306336 13.28619 -5.030884 -0.3467102 13.28295 -3.088234 -1.296814 13.52564 -5.890495 -1.231842 10.38274 -2.90992 -1.140717 13.56119 -3.747131 -1.876221 13.52814 -5.987656 -1.200195 13.39838 -4.401878 -2.460663 13.53143 -6.209335 -1.394806 13.70339 -4.703506 -2.730545 13.64366 0.5018311 -13.80714 -5.25653 -0.3013611 -17.96873 -4.040235 -2.087753 -15.83979 -4.381469 1.434944 -13.54761 -8.522302 2.288216 -15.93607 -4.915296 -4.924728 -2.925751 13.94877 -9.520813 -4.554733 12.48548 -10.00727 -5.03009 12.62545 -10.18232 -5.15889 15.71138 -6.790314 -1.911896 14.80648 -5.503929 -3.444839 15.05211 -1.813095 2.264084 9.92866 -5.413589 -1.053772 7.045025 -9.030144 -4.227982 9.522571 -9.099518 -4.157379 12.1002 -8.798737 -3.891006 11.50622 -8.680268 -3.811264 10.80652 -8.75853 -3.926147 10.12051 -5.180977 -0.845871 7.043829 -4.878098 -3.249588 7.293822 -9.437478 -4.652756 9.14189 -9.584107 -4.801971 9.073489 -6.156967 -1.725494 7.049534 -4.195625 0.02293395 7.039879 -3.902527 -2.369278 7.288019 -1.254395 2.441818 6.351827 -3.891098 0.2778168 6.933622 -2.917618 -1.500137 7.284002 -3.651825 0.456131 6.635151 -2.612884 -1.244827 7.177467 -3.553223 0.5019226 6.239518 -2.373917 -1.06636 6.878695 -1.255089 2.430283 6.239518 -3.461967 0.3931732 4.545953 -2.27578 -1.020477 6.483535 -1.163841 2.321533 4.546043 -3.355125 0.2658386 2.851827 -2.185234 -1.128387 4.789868 -1.056992 2.194199 2.851827 -3.407249 0.1654663 2.458953 -2.078835 -1.255188 3.095621 -3.611534 -0.05419921 2.162429 -2.131165 -1.355682 2.702329 -3.90432 -0.324234 2.057974 -2.335503 -1.575363 2.406054 -0.3805161 2.632584 2.057974 -4.433311 -0.7882843 2.059872 -2.628021 -1.845276 2.301772 -0.6961746 2.391937 2.161653 -0.9485397 2.228409 2.457872 -0.3171616 2.683655 2.058172 -3.665688 -0.6086273 -0.9189711 -7.681847 -4.273163 -0.8912649 -8.382187 -4.431793 2.090912 -7.111862 -3.223999 2.077567 -5.249779 -4.202591 2.316578 3.221336 -15.67654 -8.181068 -4.529976 -4.043991 -0.6640596 -0.1418762 2.34819 -0.9189711 -3.356606 -0.3591004 -1.024394 -2.38932 -2.129745 -0.6751604 -3.104637 -0.1958923 -1.320512 -2.079926 -1.879868 -0.780858 -2.989212 -0.1702423 -1.712823 -1.828087 -1.716812 -1.077167 -0.6910782 1.758118 -1.712823 -2.825607 -0.3652191 -3.393277 -1.71283 -1.691376 -1.46901 -0.6454697 1.867752 -1.319638 -0.4403381 2.088043 -1.023646 -0.5274811 1.563156 -3.393187 -2.748772 -0.4567871 -4.131494 -1.548706 -1.886963 -3.149354 0.04193115 1.511917 -5.757256 -1.705276 -0.2941589 -7.233958 -2.646393 -0.5787964 -5.072871 -0.2229385 1.363632 -5.463563 -0.348259 1.349564 -5.072871 2.0746 3.104004 -5.852675 -0.5344162 -0.1319122 -10.29207 -3.56414 -2.887695 -10.77169 1.244369 2.452499 -5.856923 0.3622971 1.74733 -5.860213 -2.68174 -0.6993408 -5.462726 -2.873405 -0.9342041 -5.756743 -5.589508 -3.903076 -7.859023 -3.877762 -3.208969 -10.90362 0.7279282 0.0670166 -13.09507 0.7603684 0.02835083 -13.3006 -1.941635 -1.582718 -11.17245 0.49366 0.3462067 -11.56161 0.5193634 0.4835205 -11.16815 0.7062683 0.7194214 -10.88031 3.284416 3.269821 -8.980062 -3.045944 -2.42775 -10.77405 -2.523705 -1.969589 -10.77593 -2.209869 -1.727356 -10.87968 2.263031 -1.762451 -14.38147 -1.322395 -2.156677 -14.62736 0.9757385 -0.2283172 -14.62737 -1.804474 -1.582169 -11.56161 -1.570198 -1.861359 -13.09514 2.013069 -1.464554 -12.84958 1.776886 -1.18309 -11.31649 1.988708 -0.8090973 -10.63539 1.802147 -1.045258 -10.92313 1.000099 0.9872284 -10.77593 1.542297 1.422226 -10.77405 2.282577 -0.5411682 -10.53095 2.084915 1.852432 -10.77169 3.135078 0.1399078 -10.52773 2.824211 -0.1069641 -10.52905 2.456497 2.105911 -10.90415 3.367775 0.3235931 -10.52664 4.629379 3.432571 -12.0517 2.741531 2.225327 -11.26137 3.739647 0.5766907 -10.65904 3.285049 2.362656 -12.22434 4.025215 0.6954956 -11.01616 3.955009 2.61673 -13.07734 4.570076 0.831192 -11.97884 6.120583 3.590973 -15.09545 4.186333 2.662369 -13.49736 5.241501 1.083557 -12.8316 4.196503 2.520477 -13.97346 5.484344 0.9858551 -13.72727 5.47348 1.128387 -13.25141 3.982735 2.25238 -14.30389 2.970627 1.265182 -14.93262 5.270821 0.7173004 -14.05785 1.865723 0.2369079 -15.38604 4.258965 -0.2703247 -14.68653 4.889053 0.3394013 -14.32057 2.680359 0.2360534 -17.24279 1.744499 0.1324462 -15.40636 3.15435 -1.298828 -15.13989 -1.628662 -3.407486 -17.36678 -1.935089 -2.952347 -15.38603 1.499016 -0.04873657 -15.35657 2.787582 -1.584244 -15.11049 5.363892 2.81485 -15.75851 2.907516 0.4442444 -17.16434 -8.799569 12.92371 -16.18466 0.1110992 -2.00267 -17.61113 1.562431 -0.7643585 -17.51853 -1.371773 -3.20578 -17.42772 -0.6320953 -2.61409 -17.55558 4.143272 1.606491 -16.59772 -7.396126 14.05853 -15.71566 -6.035324 15.13609 -15.01153 -4.697395 16.17236 -14.06509 6.573074 4.068603 -14.63094 6.599472 5.256821 -10.6799 8.792283 6.552628 -11.50898 8.905106 6.686462 -11.30213 7.702354 6.037216 -10.66052 8.260209 5.933975 -12.40594 7.162346 5.622421 -10.79864 7.152481 4.69165 -13.96697 7.714546 5.313324 -13.22667 5.860344 5.516342 -7.616302 6.086464 4.985107 -10.33052 5.686722 4.840988 -9.791616 5.467903 4.847214 -9.161931 5.441315 4.98111 -8.561971 5.581818 5.215652 -8.028175 3.409409 1.623169 -5.608043 6.23822 5.848129 -7.356706 2.130432 3.147385 -5.852351 2.521767 0.9278412 -5.612697 1.640572 0.2239532 -5.616038 1.054985 -0.159317 -5.219478 1.320099 -0.0112915 -5.513129 14.58388 -1.850632 -4.381469 13.91882 -6.176834 -4.915296 12.13243 -4.047913 -5.25653 0.9294205 -0.1731262 -4.828811 0.7494202 0.04139709 -3.14926 16.37027 -3.979568 -4.040235 0.5853043 0.2369842 -1.46901 0.8355179 0.5665741 -0.7801962 0.6306381 0.3464203 -1.076421 0.4753723 2.843048 -0.9168005 1.134483 0.8270722 -0.6751604 3.962296 5.978043 2.086061 4.553711 5.952148 -0.8873568 4.040382 3.096664 -0.6592894 3.212509 2.932663 2.313328 3.04982 5.300598 2.077762 0.8957901 1.111542 2.301772 0.5798569 0.8708191 2.405583 0.3276291 0.7074127 2.70179 0.2192993 0.673172 3.095621 0.1128921 0.7999878 4.789963 0.02235412 0.9078827 6.483535 -1.192574 2.51976 6.635929 0.08490753 0.9969025 6.879519 2.110718 5.457504 11.81942 2.552521 5.623322 8.710865 -0.6718216 2.979752 7.039879 -0.9747467 2.724976 6.934363 -1.39119 2.756729 13.68412 -0.8477631 3.189438 13.2805 -1.156418 2.941818 13.38488 -1.47094 2.687515 17.34973 -1.476204 2.693802 14.08353 -1.480713 2.699173 15.71773 1.669678 4.820343 23.80379 1.590431 4.988144 20.60202 -0.7541351 3.249252 18.1518 -1.369087 2.760635 17.78354 -1.095604 2.975128 18.08763 1.544273 4.720886 23.8398 -0.411377 3.146515 24.25548 -7.164009 -5.365417 23.24139 -6.203674 -4.491196 23.66816 -8.097657 -6.229126 22.74046 -11.62804 -6.803284 20.89948 -9.001458 -7.079422 22.16705 -7.727104 -2.784058 16.05162 -13.93842 -9.130143 18.47743 -7.770325 -2.828888 16.47832 -7.648598 -2.720047 16.87334 -13.22408 -8.393952 19.33087 -13.78106 -8.905259 14.59334 -7.530487 -2.597702 15.71672 -2.862358 -13.54507 13.99026 10.94308 -2.630493 9.812972 15.31905 -2.726776 9.279145 13.53265 -0.5978394 8.937911 10.00996 -2.890015 13.07874 12.72947 -4.75943 10.15421 -2.32431 -13.1154 13.8542 -1.845726 -12.77599 13.46641 -1.50164 -12.57999 12.88788 -1.342689 -12.55628 12.20368 -1.393639 -12.7087 11.51948 -2.063774 -13.4259 10.55316 -1.646408 -13.01353 10.94095 -7.939171 -3.564148 5.354297 -8.941246 -4.582169 4.912192 -9.91803 -5.136459 9.015463 -7.204536 -2.801895 5.971923 -6.585403 -2.143509 6.785673 -6.395226 -1.949783 6.981561 -8.770051 -4.409698 4.960369 -8.383042 -6.831131 5.065097 -12.96558 -8.469132 6.877101 -12.26579 -7.821655 6.004083 -11.45682 -7.054031 5.352527 -10.57644 -6.202133 4.952155 -9.665337 -5.305405 4.820362 -7.488747 -5.934189 5.205262 -6.658859 -5.088058 5.599251 -5.925072 -4.325821 6.21667 -5.997993 -4.402313 6.141196 -5.306404 -3.66777 7.029987 -5.116241 -3.474014 7.22587 -6.242393 -4.132797 15.96277 -6.438393 -4.319916 16.29783 -6.480942 -4.365494 16.72471 -6.358719 -4.257187 17.11979 -10.7074 -8.728257 20.81083 -9.872353 -7.913406 21.52312 -12.25877 -10.28963 19.19108 -11.50377 -9.521225 20.03261 -14.65111 -9.883568 17.50784 -12.96984 -11.03086 18.28909 -11.16524 -6.23877 11.52581 -13.47081 -8.699448 10.74031 -15.85516 -11.28451 12.05846 -10.89085 -5.93425 12.12428 -10.48371 -5.509766 12.50132 -15.87734 -11.25807 15.45989 -10.40284 -5.610046 9.154416 -13.15996 -8.656876 7.078234 -10.82414 -6.0074 9.538332 -11.12601 -6.274902 10.13269 -11.24507 -6.35524 10.83571 -15.76178 -11.3958 8.656523 11.79635 -5.018951 13.41998 -11.87227 -10.19147 7.324202 -11.67837 -10.00317 7.122981 -10.97999 -9.35344 6.249371 -10.17231 -8.583588 5.597411 -9.293091 -7.729629 5.19686 -9.791047 -8.214905 5.388412 -2.580345 -13.88116 10.4171 -3.118401 -14.31083 10.55316 -3.596977 -14.65025 10.94095 -3.941063 -14.84624 11.51948 -4.100021 -14.86996 12.20368 -4.049065 -14.71754 12.88788 -3.378929 -14.00034 13.8542 -3.796303 -14.41271 13.46641 -13.63458 -11.74242 17.32969 -23.70477 -1.929703 9.520617 -19.29752 -8.833756 13.48186 -14.81623 -13.06699 15.25184 -14.25074 -12.4219 16.31613 -13.76545 -9.304215 7.161883 -15.67644 -11.44565 7.112949 -13.57677 -9.099244 7.157495 -13.38766 -8.89473 7.153185 -14.26824 -9.946915 6.32375 -15.53852 -11.46297 5.591317 -23.75081 -1.812195 7.810154 -14.22984 -9.858468 6.738858 -14.04053 -9.616524 7.054767 -14.06519 -9.940148 4.572115 -15.34896 -11.44765 4.092949 -23.73632 -1.649261 6.158482 -13.7887 -9.886788 2.84926 -15.10808 -11.39918 2.617331 -23.66683 -1.446075 4.5714 -13.20399 -9.356369 2.173551 -14.81949 -11.31934 1.173284 -23.54784 -1.207687 3.053474 -13.45709 -9.616799 2.264949 -13.66682 -9.807122 2.507647 -11.49731 -8.08133 -0.8342066 -14.48631 -11.20924 -0.2327785 -23.38577 -0.9403839 1.615127 -12.15865 -8.240296 2.151078 -12.60723 -9.321625 -1.13897 -14.10929 -11.06853 -1.601562 -23.18626 -0.6489105 0.2560358 -12.42988 -9.082413 -0.8992224 -12.18998 -8.810242 -0.8203154 -12.61863 -9.482254 -1.847611 -13.69377 -10.89986 -2.923703 -22.95227 -0.3346253 -1.036143 -12.67371 -9.465348 -1.486791 -12.03363 -9.230729 -3.5302 -13.24114 -10.70298 -4.198276 -22.68498 0.002593994 -2.27333 -12.33354 -9.362442 -2.702275 -11.48343 -8.766816 -4.040071 -12.75477 -10.47932 -5.422152 -11.80528 -9.071076 -3.885961 -9.516228 -7.719162 -7.849725 -12.24088 -10.23202 -6.587665 -22.07208 0.7242432 -4.544963 -11.69974 -9.96 -7.6962 -21.34726 1.522903 -6.631505 -9.67952 -8.220978 -9.003828 -10.55657 -9.353699 -9.729557 -20.47229 2.439499 -8.62981 -9.670464 -8.013718 -8.329416 -8.658196 -7.690872 -10.66194 -9.35373 -8.67363 -11.51111 -19.5019 3.415634 -10.40321 -9.121193 -8.04094 -10.28363 -9.487336 -8.232911 -9.696153 -7.253273 -7.393204 -13.95302 -8.12455 -7.937927 -13.03085 -18.50416 4.387329 -11.87653 -8.513848 -7.566467 -10.7279 -4.273972 -3.979004 -12.22116 -4.641571 -4.596664 -13.07735 -6.867912 -7.145996 -14.32297 -17.4753 5.363098 -13.10845 -1.013626 -15.74831 -9.433824 -8.158539 -7.233322 -10.79864 -1.551674 -16.17798 -9.297761 -2.030258 -16.5174 -8.909975 -2.374344 -16.71339 -8.331443 -2.482346 -16.58468 -6.96304 -2.533295 -16.7371 -7.647241 -11.1917 -8.434372 -3.933137 -10.78777 -7.938477 -3.61604 -9.459412 -7.63295 -7.74861 -2.229576 -16.27985 -6.384509 -9.145966 -9.051453 -3.166577 -6.890709 -4.147095 -3.914256 -6.838921 -4.106628 -3.95198 -9.094529 -7.162201 -7.382998 -7.762413 -4.868896 -3.417062 -8.665925 -5.691528 -3.155669 -9.569268 -6.588898 -3.149423 -10.42818 -7.520828 -3.411183 -9.906823 -9.965622 -3.687701 -10.51909 -10.60342 -3.64054 -10.19787 -10.29868 -3.794528 -10.74747 -10.76352 -3.284518 -11.04726 -10.89536 -2.456592 -11.33221 -11.01535 -1.601882 -11.38733 -10.99813 -1.239892 -11.32093 -10.85404 -0.892829 -11.14419 -10.61459 -0.6536188 -10.90479 -10.34187 -0.5748215 -8.028573 -4.605438 -0.8873758 -8.530594 -7.883987 -0.6186228 -9.207459 -8.042618 2.365406 -10.21175 -6.234695 2.116093 -8.93319 -7.76477 2.360919 -11.91734 -10.88973 2.419325 -12.16994 -11.15081 2.510835 -12.37922 -11.34166 2.753631 -12.50081 -11.42163 3.095271 -12.77649 -11.47596 4.818282 -12.97855 -11.48391 6.570106 -12.75124 -11.15355 7.300897 -12.94007 -11.39559 6.985181 -12.47649 -10.84035 7.408099 -12.28822 -10.63492 7.403635 -12.09948 -10.42992 7.39925 11.23985 11.61505 9.4548 12.48856 12.49853 12.05402 12.58187 12.38734 8.656523 4.63887 21.85344 9.520617 12.62353 12.29564 7.070282 4.530029 21.9195 7.79657 10.78698 11.46078 12.34751 12.4663 12.52507 15.45989 10.46645 11.30543 15.25781 11.26952 11.79457 17.05959 13.32999 10.72108 16.31613 14.06348 11.16597 15.25184 10.29594 11.15967 18.19525 12.55384 10.23227 17.32969 6.049095 8.380204 15.33886 5.872368 8.205521 18.60699 9.947342 10.92703 18.56876 11.73766 9.701188 18.28909 6.358253 8.539322 12.12337 6.70253 8.754746 11.53256 11.82411 11.76788 6.58566 10.53249 11.00223 7.053595 6.833641 8.814454 10.8329 6.738182 8.714997 10.14661 6.690781 8.675278 10.01205 7.081558 8.788239 7.690484 10.17541 10.78455 7.161883 12.5465 11.93486 3.843188 12.54113 11.92062 3.746707 10.89565 11.16809 6.32375 12.61128 12.14522 5.468871 10.8025 11.14589 6.737611 4.144516 21.89731 4.495823 10.75317 10.70628 2.849274 12.43163 11.66141 2.169895 10.85366 10.96915 4.57097 4.363625 21.93294 6.119532 10.65445 10.60086 2.509259 10.43098 10.42754 2.265765 10.12928 10.22256 2.173552 8.394646 9.085663 2.143581 12.26801 11.33041 0.5018501 3.877609 21.81621 2.930759 8.500565 9.935379 19.95594 10.88421 9.129639 19.19108 5.870476 8.04155 21.90915 6.923317 8.812409 21.20677 9.077172 7.872971 20.81083 9.996384 8.519547 20.03261 8.129693 7.192108 21.52312 5.220741 7.558044 22.29405 7.15715 6.479263 22.16705 2.359337 5.697372 17.12619 1.668076 5.167267 17.43765 2.629387 5.904175 16.87285 2.757423 6.004959 16.47799 2.706001 5.970261 16.05222 2.488083 5.808884 15.71672 1.793167 5.282944 14.95658 5.313614 7.825653 12.62545 5.872993 8.214524 12.49927 13.47516 0.07977294 13.46641 13.81925 0.2757568 12.88788 13.92725 0.1470489 11.51948 13.9782 0.299469 12.20368 6.423897 8.464982 9.545773 13.67448 -0.1577758 10.94095 7.659477 8.975739 5.410496 7.574837 8.913712 5.361669 3.116226 5.776245 5.596463 8.503769 9.601716 6.049638 9.214112 10.14183 6.877101 9.433365 10.30109 7.078572 9.706536 10.4836 7.153185 9.940789 10.63434 7.157495 5.402863 7.719299 9.015463 5.955887 8.116303 9.155677 7.983826 6.750809 5.234792 3.601059 6.105026 5.306127 4.611763 6.801071 4.929215 5.66275 7.538223 4.82204 6.699623 8.278244 4.989317 8.94487 7.446365 5.656549 9.79004 8.070038 6.295823 10.50132 8.607804 7.122981 10.72105 8.76648 7.324546 10.99471 8.94841 7.39925 11.22936 9.098679 7.403635 11.09829 9.014832 7.401176 11.46437 9.248414 7.408099 11.82504 9.467225 7.297865 12.09199 9.608658 6.984578 12.18534 9.631104 6.570105 12.06654 9.230134 3.444537 12.14236 9.433335 4.817151 12.04106 9.171448 3.095285 11.71819 8.893555 2.511661 11.9421 9.066361 2.755257 11.41592 8.689209 2.419325 9.297554 9.241303 -0.8223257 4.804466 6.134552 -0.8847227 6.553078 7.830597 2.116287 7.836571 6.304794 2.361101 9.415383 9.318802 -0.8203154 8.585877 6.372574 -0.6086664 12.04727 10.94275 -1.120801 9.725869 9.50824 -0.8996534 10.70057 7.787186 -0.5748205 9.992798 9.64148 -1.140857 11.11035 8.029297 -0.7186785 10.14433 9.681458 -1.485831 11.39415 8.146149 -1.114543 10.15163 9.624253 -1.847609 9.984772 9.365296 -2.699092 11.43804 8.091156 -1.601878 11.7691 10.49568 -2.718701 9.971215 9.344651 -2.764157 11.27105 7.832382 -2.453374 11.45269 10.011 -4.241799 11.08838 9.487885 -5.676986 9.802292 9.091782 -3.530192 1.975647 20.84752 -3.940661 -1.810593 -16.77919 11.28218 -1.332008 -16.43977 10.8944 9.606598 8.895615 -3.884831 9.251801 8.631791 -4.039956 6.316185 6.368408 -5.297227 7.134956 6.484192 -7.336137 7.260452 6.559845 -7.385482 1.493103 20.55331 -5.153398 2.428238 21.11124 -2.669229 2.846054 21.3412 -1.347997 3.225883 21.53539 0.01630973 3.569778 21.69421 1.437593 7.783379 6.834854 -7.750184 10.68153 8.930954 -7.030847 11.08845 7.55899 -3.284511 10.5378 7.100189 -3.794377 10.8928 7.363281 -3.638961 5.557175 6.259582 -3.18341 8.871827 8.40094 -3.933127 7.897911 7.843033 -3.433349 10.1567 6.869675 -3.687694 6.885017 7.198868 -3.164321 8.167626 5.671387 -2.919513 9.531586 6.520981 -3.338977 9.183129 6.314667 -3.188909 5.861366 6.484726 -3.140298 7.138252 4.955353 -2.896037 3.960991 4.961716 -3.870891 4.867195 5.725143 -3.376256 6.687576 6.188232 -7.262294 3.193794 4.236252 -4.601094 2.601486 3.582703 -5.53283 2.40451 3.378647 -5.766957 14.02525 -2.556473 -5.860658 14.5633 -2.126801 -5.996722 8.190438 6.975311 -8.323287 15.04189 -1.787384 -6.384509 10.25285 8.359223 -8.289941 8.399399 6.948456 -9.00599 15.38597 -1.591385 -6.96304 8.38073 6.763641 -9.680727 15.54493 -1.567673 -7.647241 9.787804 7.767181 -9.450256 8.294892 6.62973 -9.96968 15.49397 -1.720093 -8.331443 9.298501 7.162811 -10.52234 8.131051 6.436798 -10.27488 15.24121 -2.024918 -8.909975 -0.7886276 19.04059 -9.555778 -1.436531 18.58482 -10.51871 -0.1622161 19.47171 -8.520547 0.4286118 19.86847 -7.435979 0.9785233 20.22768 -6.316104 14.82383 -2.437286 -9.297761 14.30726 -2.892548 -9.433824 13.76921 -3.32222 -9.297761 13.29063 -3.661652 -8.909975 12.94654 -3.857635 -8.331443 12.78759 -3.881348 -7.647241 12.83854 -3.728928 -6.96304 13.09131 -3.424103 -6.384509 13.50868 -3.011734 -5.996722 6.140015 4.194092 -3.134496 5.235168 3.432541 -3.630277 4.470741 2.7099 -4.3593 5.032738 3.249878 -3.789069 3.880554 2.058365 -5.288505 3.683693 1.854401 -5.522561 -3.38485 17.16448 -12.86831 -2.737793 17.64368 -12.17009 -2.089722 18.11641 -11.3915 -10.19823 11.76974 -16.39991 1.155518 -0.2287902 -15.0648 2.443542 -1.763733 -14.81884 -1.585327 -2.635849 -15.354 -1.354378 -2.335953 -15.06814 -1.368713 -2.101486 -4.828811 -1.403915 -2.222443 -5.218902 -3.161507 -1.209488 -5.860213 -1.59539 -2.45755 -5.512696 -4.847328 -2.707642 -5.852351 -4.007812 -1.954529 -5.856929 -1.883232 -2.73288 -5.616038 -3.067352 -3.780197 -5.610984 -2.729027 -3.478088 -5.612699 -5.122345 -2.937149 -5.767161 -3.568352 -4.231873 -5.608043 -5.357819 -3.095947 -5.53283 -3.843262 -4.461502 -5.522832 -6.079185 -3.548492 -4.627429 -4.078751 -4.620285 -5.288505 -4.797203 -5.070709 -4.38626 -8.633316 -6.667511 -7.262294 -5.606674 -5.667923 -3.673327 -4.045387 -3.469574 -11.26137 -4.130928 -3.685699 -11.70609 -7.112808 -5.679291 -9.053537 -8.133286 -6.209824 -7.399137 -7.670334 -5.859909 -7.777518 -7.304794 -5.668152 -8.363935 -2.988899 -5.510422 -11.97561 -7.1203 -5.883774 -9.724523 -7.328323 -6.26149 -10.30545 -7.693001 -6.733383 -10.67536 -2.761703 -4.999405 -11.01616 -2.594582 -4.738159 -10.65849 -2.281288 -4.416534 -10.52664 -1.762245 -3.955414 -10.52905 -1.241226 -3.497986 -10.53095 -0.9270096 -3.255569 -10.63493 -0.6586456 -3.11142 -10.92775 -0.5212479 -3.11145 -11.31649 -0.2828674 -3.395538 -12.86343 -0.03510284 -3.690811 -14.38146 -0.06532287 -3.868927 -14.81912 -0.2982788 -4.172928 -15.10866 -2.684906 -3.523819 -15.12828 -0.6464539 -4.488083 -15.13988 -4.240387 -5.359665 -16.28944 -5.577476 -6.290771 -15.40568 -3.106598 -3.837479 -14.94755 -1.81797 -5.372772 -14.70155 -12.86021 9.509491 -16.10869 -2.833519 -4.331284 -16.97671 -11.54888 10.63359 -16.36911 -14.14191 8.389634 -15.62247 -4.287544 -4.68721 -14.30393 -4.588554 -4.85115 -13.97376 -2.999466 -6.22229 -14.05788 -4.726669 -4.816605 -13.49756 -3.439507 -6.350601 -13.25173 -3.300743 -6.385864 -13.72782 -3.355087 -6.129837 -12.83161 -6.478195 -6.39035 -3.174462 -7.383644 -7.216354 -2.91126 -7.936264 -7.757584 -2.875541 -8.288727 -8.118012 -2.90475 -1.81221 -15.86748 -5.996722 -1.295639 -15.41222 -5.860658 -0.7575836 -14.98255 -5.996722 -0.279007 -14.64313 -6.384509 0.06507873 -14.44714 -6.96304 0.1730804 -14.57584 -8.331443 0.2240371 -14.42342 -7.647241 -0.07968139 -14.88067 -8.909975 -0.4970551 -15.29304 -9.297761 -16.44038 6.322647 -14.10697 -15.3531 7.310532 -14.93465 3.423332 6.191696 23.17908 6.162834 5.736847 22.74046 4.122414 4.173416 23.66816 5.150116 4.967361 23.24139 3.083214 3.357712 24.01933 0.832367 4.51593 17.74905 2.125557 2.981033 17.99442 3.649361 4.159988 17.37261 4.046791 4.468353 16.72435 3.919205 4.366989 17.11927 3.994736 4.434433 16.29842 3.776184 4.273788 15.96277 4.768021 7.434174 12.48907 1.685745 5.200256 14.80871 4.510765 7.105881 9.363712 4.172203 6.8862 9.775467 3.949875 6.754639 10.31529 3.883209 6.736053 10.92024 3.996941 6.846008 11.5513 4.309319 7.093079 12.11592 1.074051 4.716675 13.70339 0.8444977 4.532623 13.39883 0.526001 4.281616 13.28619 1.876686 4.957031 6.785673 4.934723 7.392807 9.102044 0.3548966 3.799271 7.043829 1.390617 4.607681 7.049534 1.65345 4.803787 6.981245 3.954948 3.956879 6.178693 2.675629 5.481079 5.934561 4.881111 4.580521 5.550261 5.892937 5.275925 5.173559 6.945404 6.012131 5.066837 7.015282 6.061417 5.069531 13.25711 -0.5701447 10.55316 12.74054 -1.025406 10.4171 12.20249 -1.455078 10.55316 11.72391 -1.794495 10.94095 11.37982 -1.990494 11.51948 11.22087 -2.014206 12.20368 11.27182 -1.861786 12.88788 11.52459 -1.556961 13.46641 11.94196 -1.144592 13.8542 12.45853 -0.6893158 13.99026 12.99658 -0.2596588 13.8542 2.036026 2.522995 24.2937 0.9843903 1.672089 24.49034 0.3027115 1.201691 7.178142 0.6061859 1.45668 7.284002 2.129852 2.665207 7.290584 1.633171 2.275711 7.288019 2.669479 3.083588 7.293822 2.932442 3.279572 7.22555 3.155685 3.43277 7.029987 2.972069 3.667252 15.05442 2.358665 3.185745 13.94877 2.128624 3.002258 13.64412 -0.1627655 3.738129 13.28295 1.809845 2.751602 13.53143 1.120636 2.208313 13.52814 1.277138 2.332413 13.52882 0.4355698 1.660019 13.52564 -0.1074829 1.226929 13.92926 0.127037 1.412415 13.62997 -0.1920623 1.163422 14.32882 -0.1944656 1.166275 15.96349 -0.1823348 1.151825 17.59588 -0.07977294 1.224136 18.02987 0.193695 1.437546 18.3337 0.5358887 1.711868 18.39822 0.9986801 2.085373 18.30578 5.868332 4.453461 -0.6426363 4.329864 3.7789 2.321918 7.694824 6.206406 2.359167 -6.755226 -6.135529 -0.6429606 -5.836754 -4.749954 2.321734 1.407318 -3.204803 -16.46687 0.2312622 -5.566986 -19.91889 2.159294 -3.972412 -20.06387 3.626686 -5.721176 -19.78357 3.275207 -3.028137 -20.01449 4.61805 -4.883087 -19.74464 -1.406776 -6.885345 -19.56882 1.629173 -7.37236 -19.62798 2.629189 -6.551941 -19.74464 -3.04084 -7.055649 -16.23108 -1.694519 -7.113464 -19.4856 0.6303101 -8.179413 -19.43403 -4.506905 -7.224274 -12.8692 -6.902908 -11.04713 -16.76116 -5.429733 -9.97474 -17.78275 -3.590134 -8.589402 -18.77019 -4.15966 -6.747894 -12.43164 4.740837 -17.44803 -10.77692 -4.77861 -7.570679 -13.12105 4.034561 -18.1496 -11.45655 -3.720596 -6.043533 -11.53474 5.282463 -16.85001 -9.881422 -3.479286 -5.492889 -10.48916 5.62796 -16.39031 -8.822078 -2.205917 -3.648956 -8.085769 -3.442757 -5.119308 -9.35013 5.757256 -16.09563 -7.66046 -3.611626 -4.941269 -8.17835 5.662834 -15.9831 -6.464078 -3.976242 -4.968842 -7.040605 5.350182 -16.05926 -5.302461 -4.514427 -5.199554 -6.003816 4.837463 -16.31969 -4.243115 -5.194237 -5.618683 -5.126182 4.15448 -16.74924 -3.347611 -5.979637 -6.203766 -4.453338 -6.833969 -6.928894 -4.021491 3.340927 -17.32296 -2.667989 -7.662437 -7.709335 -3.864196 2.444084 -18.0075 -2.243745 -7.715195 -7.761688 -3.862884 -8.522614 -8.603898 -3.984809 2.064529 0.001098632 -7.911859 13.5012 -7.05072 -8.181068 11.71481 -4.921783 -8.522302 6.079987 0.4623413 -16.6211 4.119637 -2.302872 -19.91029 5.59964 -4.040741 -19.62798 6.046387 -0.6116486 -19.44558 6.567894 -3.197189 -19.43403 -0.1990661 -0.3563385 -1.181638 -1.145477 -0.5499115 2.45704 -1.914505 -0.7459259 6.137166 -2.504341 -0.9439087 9.850123 -6.183388 -4.461792 7.270942 -6.82869 -5.13707 6.635101 -7.632538 -5.959381 6.201935 -6.140648 -4.416412 7.325598 3.17411 -15.58088 9.073998 2.467842 -16.28245 8.394375 -5.605347 -3.836945 8.220967 3.715744 -14.98287 9.969502 -5.243317 -3.421661 9.272256 4.061241 -14.52316 11.02885 -5.071114 -3.189819 10.42691 4.190536 -14.22848 12.19046 -5.099594 -3.155563 11.62275 -5.328705 -3.322571 12.78959 4.096115 -14.11595 13.38685 -5.745186 -3.681366 13.85817 3.783455 -14.19212 14.54846 -6.325821 -4.21199 14.76884 3.270744 -14.45254 15.60781 -7.042351 -4.88887 15.47265 2.587761 -14.8821 16.50331 -7.164543 -5.053741 18.27672 -7.862808 -5.682312 15.92693 1.774208 -15.45581 17.18293 -3.15461 -1.614716 22.46437 -7.180222 -5.210831 21.10294 -10.98495 -8.884766 18.0996 -8.736809 -6.544174 16.09217 -9.564721 -7.375305 15.96551 -10.35387 -8.182419 15.5583 -6.348999 -4.447708 21.51246 -5.472641 -6.737869 21.50918 -9.603913 -7.511215 19.43919 -8.022889 -5.99704 20.60924 -6.352859 -7.555527 21.01588 -4.630218 -2.904922 22.13979 -4.565369 -5.909164 21.92967 -2.682968 -4.230804 22.54637 -3.634338 -5.072464 22.27582 0.8045197 1.706284 22.4575 -1.209152 0.04194641 22.61561 -2.906593 -1.400772 22.50076 -1.714714 -3.387253 22.74032 0.9909897 1.857849 22.42694 0.9599609 1.967941 20.34691 1.636673 2.499405 10.40021 4.213287 1.911621 -7.002965 5.101913 3.028534 -5.071853 4.548744 2.41478 -5.955071 4.261147 1.345551 -9.348297 4.115067 1.547882 -8.156349 7.92514 2.837845 -13.55193 6.934624 2.250183 -13.13662 7.370872 0.5826416 -18.92825 10.91552 3.935135 -16.56881 8.934159 3.510864 -13.68422 9.298005 3.771683 -13.65992 8.450295 -1.518829 -18.81733 7.893929 1.062088 -18.67522 9.357567 -0.6901245 -18.39684 7.519264 -2.35553 -19.16348 9.624497 2.683899 -17.61655 11.08774 0.9311676 -17.33923 10.23779 0.1275329 -17.90354 6.022209 1.783508 -12.46187 5.243172 1.466278 -11.56785 4.644394 1.317505 -10.50865 5.381149 3.300903 -4.772973 5.83474 3.712051 -4.40899 15.10183 -7.454391 -2.667989 14.39556 -8.155961 -3.347611 13.85393 -8.753968 -4.243115 13.50843 -9.213685 -5.302461 13.37913 -9.508362 -6.464078 13.47356 -9.620888 -7.66046 13.78621 -9.544724 -8.822078 14.29893 -9.284302 -9.881422 14.98191 -8.854752 -10.77692 15.79546 -8.281022 -11.45655 16.69231 -7.596481 -11.88079 17.62032 -6.840897 -12.025 9.922753 4.245285 -13.52063 15.14209 -2.691681 -12.55098 11.90432 1.717865 -16.70598 12.62286 5.660797 -14.74052 11.21156 4.227951 -16.29178 12.68455 2.484741 -16.00609 10.80852 4.982071 -13.06654 13.89383 7.019424 -12.91789 13.83962 6.959732 -13.00642 13.42559 3.228989 -15.24212 15.60416 -2.282227 -12.41545 11.5362 5.674576 -12.35321 16.44934 -1.493927 -11.92184 16.03974 -1.883148 -12.20585 12.05891 6.275131 -11.43877 17.15113 -0.782486 -11.15709 16.82084 -1.125961 -11.57098 12.35545 6.752304 -10.38791 17.66374 -0.1941223 -10.16991 17.4336 -0.470108 -10.68698 12.40239 6.878418 -10.02389 17.95467 0.233673 -9.023994 17.83893 0.04257202 -9.610363 15.64692 9.084656 -9.210561 16.18462 9.812485 -7.484595 12.42055 7.088959 -9.252731 18.01116 0.3794708 -8.41015 15.38725 5.299362 -12.59469 14.84701 8.103089 -11.14695 15.94603 5.926956 -11.60445 14.77941 4.63887 -13.5333 14.12473 3.947922 -14.41686 16.90846 7.074448 -9.483686 16.45372 6.519379 -10.56618 14.95777 9.66417 -4.819722 12.25243 7.26976 -8.087635 20.98372 -3.12735 -6.464078 21.07815 -3.239883 -7.66046 19.79755 -1.749466 -8.068916 11.85781 7.283142 -6.956328 20.67107 -3.203506 -5.302461 11.25862 7.126892 -5.927224 20.15835 -3.463928 -4.243115 13.86695 9.520371 -2.10805 10.49123 6.810654 -5.061925 19.47537 -3.893494 -3.347611 10.06016 6.59906 -4.70754 9.598366 6.352341 -4.407172 7.605698 5.094055 -3.862884 8.622071 5.772583 -3.997415 12.89966 9.373948 0.6499615 16.73444 11.97734 3.143454 16.3454 11.98701 5.24041 16.96306 11.83107 1.034073 17.03041 11.55179 -1.060992 16.68028 10.59537 -5.195054 16.93706 11.14021 -3.140042 17.30858 7.590164 -8.360902 16.25449 9.913834 -7.218122 17.65264 8.064621 -7.201932 17.93937 8.496109 -6.011006 15.80037 11.85944 7.297812 15.10526 11.59619 9.294318 10.67678 8.905457 9.731824 14.26701 11.20003 11.21108 10.79457 9.026322 10.58454 19.51143 -1.372726 12.19046 10.60246 8.839249 9.423726 19.38213 -1.667404 11.02885 13.29473 10.67546 13.02829 10.75669 9.052872 11.77402 19.417 -1.260208 13.38685 10.49131 8.917481 12.92252 16.32402 2.390121 12.96659 12.19927 10.02859 14.72731 10.1005 8.682419 13.81468 15.96233 2.279007 14.1668 16.17063 2.359802 13.58043 9.913254 8.57277 15.68864 10.0157 8.629426 13.96362 15.69881 2.147583 14.72635 10.97474 9.255219 16.31278 9.804986 8.478318 17.58952 7.598099 7.018295 15.95065 9.356217 8.204941 14.84352 8.540596 7.661652 15.51958 11.6034 6.952713 17.5292 5.63549 5.637817 15.94329 9.614968 8.349106 17.7782 10.774 6.389038 18.35446 6.584076 6.311584 16.09217 13.15355 7.96138 15.70704 12.39755 7.477463 16.64565 13.86864 8.402695 14.71679 15.16583 9.15123 12.59603 14.54022 8.79979 13.67853 15.74319 9.455735 11.47324 16.7449 9.919617 9.123349 16.27018 9.712174 10.31427 17.53077 10.18471 6.663105 17.16561 10.07732 7.904809 17.83905 10.24136 5.402767 18.28068 10.20192 2.844632 18.08932 10.24712 4.128392 18.48406 9.959534 0.2677088 18.41242 10.10594 1.55617 18.49535 9.76323 -1.016051 18.3369 9.223999 -3.550763 18.44623 9.517762 -2.290425 18.16774 8.883042 -4.792468 5.420189 5.483108 15.86957 5.300247 5.351379 18.38471 8.11422 7.303009 19.10823 9.912377 5.788498 19.11844 15.38706 1.968872 15.24342 14.63477 1.479309 16.12742 15.03038 1.744934 15.71353 13.75345 0.8415527 16.76229 14.20787 1.177338 16.47828 12.80132 0.09794616 17.10742 13.28478 0.4818878 16.97189 15.27024 -4.040176 17.75139 14.58771 -2.030991 17.44866 14.36499 -4.822891 17.60718 4.720123 4.974655 15.51283 6.459091 6.102829 20.28503 5.287285 5.22731 20.95733 7.1661 3.788223 21.01588 4.672226 4.759903 21.26103 6.208008 3.06337 21.50918 8.105126 4.485718 20.45158 9.021668 5.15329 19.81832 2.777008 3.287567 21.99686 4.248695 1.542191 22.27582 5.23436 2.313766 21.92967 3.911179 4.374268 14.81674 13.53511 -5.58725 17.18293 3.267715 3.880188 13.90004 12.82883 -6.288803 16.50331 2.827507 3.521484 12.81734 12.28721 -6.886826 15.60781 2.61618 3.319138 11.63389 11.94171 -7.346527 14.54846 2.644974 3.284332 10.42013 11.81241 -7.641205 13.38685 2.910751 3.418121 9.247136 12.21949 -7.677582 11.02885 11.90683 -7.753738 12.19046 3.396873 3.711975 8.182448 12.73221 -7.41716 9.969502 4.074715 4.148514 7.286736 13.41519 -6.987595 9.073998 4.904892 4.702377 6.611378 14.22874 -6.413879 8.394375 5.841026 5.342636 6.194816 15.12558 -5.72934 7.970131 6.822334 6.027634 6.062578 7.331673 6.387939 6.107989 7.831383 6.745728 6.230645 3.254616 0.7514191 22.54637 2.255753 -0.0556488 22.74032 0.2582398 -1.706818 22.89591 1.255737 -0.8760529 22.85698 -0.7331238 -2.544907 22.85698 -8.019394 -9.145859 19.81832 -7.202812 -8.359177 20.45158 0.8773651 -16.14036 17.60718 -0.05065155 -16.89594 17.75139 -4.159256 -14.1554 16.97189 -3.697189 -13.74595 17.10742 -10.88169 -8.732773 15.08304 -5.004433 -14.94369 16.47828 -4.594841 -14.55449 16.76229 -12.36709 -10.32369 16.35782 -13.51727 -11.59335 14.45781 -11.04663 -8.907013 14.88948 -5.375938 -15.31167 16.12742 -8.79963 -9.912735 19.11844 -11.05412 -8.955048 18.02312 -9.540665 -10.65699 18.35446 -10.89449 -12.06687 16.64565 -10.2398 -11.37592 17.5292 -11.59794 -9.501969 14.00042 -5.706223 -15.65515 15.71353 -14.37408 -12.60837 12.61061 -11.97696 -9.934014 12.94093 -6.218834 -16.24351 14.72635 -5.988701 -15.96752 15.24342 -12.16119 -10.17769 11.77148 -6.509766 -16.6713 13.58043 -6.39402 -16.48019 14.1668 -13.83826 -12.33506 7.64777 -12.13892 -10.21795 10.55928 -3.508476 -20.49696 13.38685 -4.779869 -18.94603 13.30782 -6.566261 -16.81709 12.96659 -11.91022 -10.0513 9.37509 -3.414055 -20.60949 12.19046 -11.48746 -9.686554 8.289147 -3.101402 -20.53333 11.02885 -10.89518 -9.144822 7.366685 -2.588684 -20.2729 9.969502 -10.16892 -8.458634 6.663269 -1.905701 -19.84335 9.073998 -9.977913 -8.275696 6.531098 -1.092148 -19.26963 8.394375 -9.351822 -7.668747 6.220042 -0.1953048 -18.58509 7.970131 -8.498551 -6.828125 6.062578 -13.03342 -12.07275 2.727953 -11.95429 -11.81359 -2.139235 -10.60673 -11.56065 -6.937604 -9.264229 -9.461136 -4.379012 -9.888901 -10.27971 -5.036258 -10.34739 -10.99853 -5.916066 1.516067 -18.76309 -2.099538 0.610817 -19.54579 -2.243745 -0.2190551 -20.31014 -2.667989 -0.9253311 -21.01171 -3.347611 -1.466957 -21.60973 -4.243115 -14.0681 -15.48877 -6.961839 -0.0593338 -14.90492 13.80765 -0.5379181 -15.24434 14.19544 -13.0341 -14.98388 -9.224946 -15.50455 -15.92778 -2.180877 -14.89128 -15.80264 -4.610656 -16.07405 -15.60077 2.840743 -15.90226 -15.86157 0.3142881 -15.72659 -14.51946 7.767976 -16.01419 -15.14994 5.340041 -12.56879 -13.94737 13.67853 -15.21449 -13.71432 10.11026 -14.47431 -12.73289 12.35845 -13.02353 -14.50245 12.59603 -11.50233 -12.72736 15.70704 -12.06111 -13.35496 14.71679 -13.42366 -15.01816 11.47324 -10.66354 -11.96718 -8.116113 -1.812462 -22.06943 -5.302461 -10.50452 -12.16112 -9.304798 -1.941757 -22.36411 -6.464078 -11.80189 -14.29164 -11.35686 -10.144 -12.14384 -10.46021 -4.879112 -18.82776 -8.41015 -1.847336 -22.47664 -7.66046 -9.603913 -11.91735 -11.5157 -4.517426 -18.71664 -9.610363 -4.725723 -18.79744 -9.023994 -10.39646 -13.42529 -13.30928 -8.915894 -11.49535 -12.41098 -3.942154 -18.40649 -10.68698 -4.253906 -18.58521 -10.16991 -8.602173 -11.27277 -12.71754 -3.189857 -17.91694 -11.57098 -3.58548 -18.18256 -11.15709 -7.191162 -11.25273 -16.53484 -8.119416 -10.90215 -13.095 -8.850274 -12.40567 -15.04237 -2.76297 -17.61497 -11.92184 -5.136742 -12.58128 -16.70598 -4.2202 -11.91371 -17.33923 -7.259895 -10.17142 -13.52812 -6.386726 -9.344895 -13.68422 -5.537575 -8.45578 -13.54806 -6.027451 -13.21649 -16.00609 -7.718475 -14.38071 -14.41686 -6.889076 -13.81703 -15.24212 -9.268624 -15.38937 -12.59469 -8.512627 -14.90546 -13.5333 -10.6553 -16.22779 -10.56618 -9.983719 -15.83069 -11.60445 -11.85826 -16.88373 -8.360902 -11.2809 -16.57923 -9.483686 -12.85998 -17.34762 -6.011006 -12.38526 -17.14017 -7.201932 -13.64584 -17.6127 -3.550763 -13.28069 -17.50532 -4.792468 -14.2044 -17.67511 -1.016051 -13.95412 -17.66937 -2.290425 -14.52749 -17.53394 1.55617 -14.39575 -17.62991 0.2677088 -14.61042 -17.19123 4.128392 -14.59914 -17.38753 2.844632 -14.45197 -16.652 6.663105 -14.5613 -16.94576 5.402767 -14.05445 -15.9241 9.123349 -14.28281 -16.31104 7.904809 -13.76772 -15.49262 10.31427 -2.323082 -10.49136 -18.39684 -3.281174 -11.21622 -17.90354 -2.308548 -17.27918 -12.20585 -1.356415 -16.53557 -12.55098 -1.839882 -16.91953 -12.41545 2.299431 -19.69666 -12.025 0.4299774 -18.66451 -12.20975 3.204681 -18.91395 -11.88079 -0.3637695 -8.970185 -19.16348 -1.349434 -9.741768 -18.81733 16.0536 -4.973755 7.825923 16.95885 -4.19104 7.970131 8.314698 7.094711 6.429176 8.771203 7.428436 6.699235 17.78873 -3.426697 8.394375 9.573342 8.025742 7.428029 18.495 -2.725128 9.073998 10.19034 8.501404 8.353953 19.03663 -2.127121 9.969502 6.687439 4.413742 -4.00422 15.93171 -6.690033 -2.243745 18.66182 -4.467209 -2.667989 17.76497 -5.151749 -2.243745 16.83696 -5.907333 -2.099538 0.7327118 -17.82951 7.825923 1.637962 -17.0468 7.970131 -15.32915 -13.67552 14.14042 -24.52887 -0.9009552 8.877893 -26.09401 -2.145523 8.85221 -26.61738 -1.425629 8.112092 -25.46284 -2.801559 6.899482 -25.6375 -2.593414 6.962229 -25.80698 -2.391434 7.053061 -25.96941 -2.197845 7.170982 -26.12303 -2.01477 7.314699 -26.26614 -1.844223 7.482632 -26.39716 -1.688065 7.672938 -26.51468 -1.548035 7.883528 -25.30097 0.1547851 8.241383 -26.89768 -1.047592 8.190039 -26.02106 1.237534 7.611084 -27.64787 0.07850646 7.534106 -26.69082 2.350433 6.9853 -28.34593 1.235382 6.883023 -27.84317 0.4671326 6.716321 -27.3094 3.491867 6.364906 -28.99199 2.423233 6.23667 -27.87109 4.651138 5.755675 -29.5807 3.631897 5.600515 -28.90314 2.445892 5.345948 -28.37339 5.824371 5.159854 -30.10817 4.854446 4.978373 -28.81855 7.015793 4.575145 -30.57727 6.097336 4.366929 -29.78769 4.492706 4.013381 -29.2028 8.214783 4.006711 -30.98517 7.351898 3.770315 -30.48882 6.58905 2.730688 -29.52364 9.415284 3.457584 -31.3284 8.608506 3.193211 -29.78283 10.62294 2.925118 -31.60835 9.873246 2.632904 -31.00016 8.715943 1.509486 -29.97854 11.82767 2.413644 -31.82432 11.14029 2.091796 -30.109 13.02176 1.926599 -31.97428 12.39871 1.574603 -31.31709 10.85413 0.3608341 -30.175 14.21138 1.461435 -32.05807 13.6516 1.080228 -30.11292 16.54187 0.6101723 -32.0762 14.89735 0.6090946 -31.43675 12.98422 -0.7048655 -30.17645 15.38771 1.021476 -29.98399 17.67978 0.2254428 -32.02855 16.12509 0.1653261 -31.35803 15.08694 -1.67796 -29.79099 18.79433 -0.1304721 -31.9145 17.33298 -0.2502165 -29.53521 19.87613 -0.4544754 -31.73433 18.52422 -0.6388121 -31.08167 17.14325 -2.549642 -29.21518 20.93013 -0.7479448 -31.48975 19.68858 -0.9971666 -28.39215 22.9303 -1.237229 -31.18131 20.82047 -1.323365 -30.61015 19.13454 -3.312011 -28.83309 21.95126 -1.009673 -27.32987 24.76933 -1.591308 -30.80777 21.92548 -1.619119 -27.8903 23.87062 -1.431224 -25.32384 27.16898 -1.85896 -30.37235 22.99526 -1.882304 -29.94777 21.04274 -3.958167 -26.04674 26.4182 -1.805085 -26.71598 25.61803 -1.715938 -19.84684 32.43901 -2.110894 -29.87763 24.02219 -2.110894 -29.1005 22.8506 -4.482257 -18.74961 32.74788 -1.882304 -24.55403 27.8633 -1.877034 -20.91794 32.06259 -2.306048 -29.32093 25.01164 -2.306048 -21.95686 31.62132 -2.466889 -28.70596 25.95815 -2.466889 -28.07602 24.54173 -4.879533 -22.95488 31.11864 -2.591966 -28.03761 26.85371 -2.591966 -23.91563 30.55217 -2.681521 -27.31292 27.70151 -2.681521 -26.88361 26.10083 -5.146401 -24.83653 29.92426 -2.735627 -26.53463 28.49939 -2.735627 -25.7095 29.24033 -2.753776 -25.53408 27.51376 -5.280442 -24.03964 28.76776 -5.280442 -22.41382 29.85144 -5.146401 -20.67134 30.75499 -4.879533 -18.828 31.47025 -4.482257 -21.96745 29.60251 -1.715938 -17.62047 32.99094 -1.619119 -16.90048 31.99071 -3.958167 -22.87167 29.08238 -1.805085 -23.73658 28.50084 -1.85896 -20.04269 30.45555 -1.431224 -16.46739 33.16691 -1.323365 -21.02506 30.05971 -1.591308 -17.98876 31.05074 -1.009673 -15.29913 33.27412 -0.9971666 -14.90624 32.31167 -3.312011 -19.0295 30.7865 -1.237229 -16.9168 31.2497 -0.7479448 -14.10999 33.3128 -0.6388121 -15.82324 31.38184 -0.4544754 -12.90556 33.28337 -0.2502165 -12.86334 32.43025 -2.549642 -14.71345 31.44588 -0.1304721 -11.69622 33.18594 0.1653261 -13.58232 31.44241 0.2254428 -10.47887 33.01968 0.6090946 -10.79028 32.34534 -1.67796 -11.29166 31.23393 1.021476 -9.255188 32.78549 1.080228 -8.705834 32.05772 -0.7048655 -12.43932 31.37178 0.6101723 -10.13345 31.02824 1.461435 -8.035881 32.48541 1.574603 -8.973366 30.75667 1.926599 -6.822624 32.1192 2.091796 -6.628876 31.56999 0.3608341 -7.820068 30.42084 2.413644 -5.61232 31.68651 2.632904 -6.667618 30.01891 2.925118 -4.415405 31.19119 3.193211 -4.578217 30.88658 1.509486 -5.523331 29.55394 3.457584 -3.237495 30.63496 3.770315 -4.396767 29.02951 4.006711 -2.072823 30.01541 4.366929 -2.572426 30.01369 2.730688 -3.282722 28.4429 4.575145 -0.930275 29.3376 4.978373 -0.6296768 28.95918 4.013381 -2.186699 27.79761 5.159854 0.1821136 28.60585 5.600515 -1.118515 27.09921 5.755675 1.270187 27.81621 6.23667 1.232445 27.73264 5.345948 -0.07439422 26.34474 6.364906 2.327805 26.97369 6.883023 0.942276 25.53735 6.9853 3.345879 26.08536 7.534106 2.99707 26.34517 6.716321 1.921967 24.68451 7.611084 4.324608 25.15102 8.190039 2.863228 23.78735 8.241383 5.266304 24.1689 8.85221 4.648231 24.80933 8.112092 3.76886 22.84366 8.877893 5.802765 23.4334 6.899482 5.628113 23.64154 6.962229 5.458633 23.84352 7.053061 5.296188 24.03711 7.170982 5.142578 24.22019 7.314699 4.999466 24.39073 7.482632 4.868439 24.54689 7.672938 4.750931 24.68694 7.883528 14.75183 11.56541 14.14042 3.180702 23.45262 8.171957 4.286171 22.13518 7.010887 4.118935 22.33449 7.070967 3.956665 22.52788 7.157938 3.801125 22.71324 7.270848 3.654037 22.88852 7.408456 3.517014 23.05183 7.569252 3.391556 23.20134 7.751469 3.279037 23.33543 7.953109 1.600105 24.92189 6.836286 -0.08771514 26.24707 5.526466 -1.866501 27.41542 4.255113 -3.719116 28.4157 3.034469 -5.627724 29.23824 1.876289 -7.573936 29.87514 0.7917299 -9.539017 30.32027 -0.2087659 -11.50404 30.56932 -1.115563 -13.45008 30.61993 -1.919927 -15.3584 30.47159 -2.614112 -17.21061 30.12572 -3.191434 -18.98888 29.58566 -3.646333 -20.67609 28.85663 -3.974425 -22.25599 27.94562 -4.172553 -23.71336 26.86142 -4.238809 -25.03415 25.61446 -4.172553 -26.20567 24.21677 -3.974425 -27.21661 22.68178 -3.646333 -28.05726 21.02431 -3.191434 -28.7195 19.26029 -2.614112 -29.19697 17.40672 -1.919927 -29.48506 15.48146 -1.115563 -29.581 13.50304 -0.2087659 -29.48387 11.49052 0.7917299 -29.1946 9.463273 1.876289 -28.71598 7.440826 3.034469 -28.05261 5.442673 4.255113 -27.21089 3.488022 5.526466 -26.19893 1.595734 6.836286 -25.02646 -0.2159881 8.171957 -23.92099 -1.533432 7.010887 -24.08823 -1.334137 7.070967 -24.2505 -1.140747 7.157938 -24.40604 -0.9553833 7.270848 -24.55312 -0.7800903 7.408456 -24.69015 -0.6167908 7.569252 -24.81561 -0.4672699 7.751469 -24.92812 -0.3331909 7.953109 5.295692 23.60577 4.302086 4.654335 23.6546 1.751948 4.94796 24.02019 4.42701 3.884483 23.57941 -0.7278338 4.136673 24.27152 1.93792 2.993134 23.38091 -3.114804 3.201584 24.39327 -0.4825001 1.988335 23.06087 -5.387347 2.151176 24.38431 -2.812331 0.8792038 22.62222 -7.52488 0.994957 24.24474 -5.030471 -0.3242264 22.06891 -9.508049 -0.2566147 23.97583 -7.116836 -1.611046 21.40595 -11.31889 -1.592186 23.58 -9.05253 -2.969612 20.63936 -12.941 -2.999672 23.06085 -10.82002 -4.387611 19.77606 -14.3597 -4.466324 22.42307 -12.4033 -5.852211 18.82388 -15.56214 -5.978867 21.67244 -13.78804 -7.350143 17.79146 -16.53742 -7.52359 20.81575 -14.96169 -8.867844 16.68813 -17.27672 -9.08651 19.86078 -15.91363 -10.39157 15.52388 -17.77333 -10.65347 18.81616 -16.63523 -11.90752 14.30926 -18.02277 -12.21029 17.69135 -17.11995 -13.40196 13.05528 -18.02277 -13.74286 16.49654 -17.36342 -14.86137 11.77328 -17.77333 -15.2373 15.24255 -17.36342 -16.27252 10.47487 -17.27672 -16.68008 13.94073 -17.11995 -17.62264 9.171814 -16.53742 -18.05814 12.60289 -16.63523 -18.89949 7.875916 -15.56214 -19.359 11.24113 -15.91363 -20.09152 6.598907 -14.3597 -20.57087 9.867783 -14.96169 -21.18794 5.352356 -12.941 -21.68278 8.495301 -13.78804 -22.1788 4.147552 -11.31889 -22.68465 7.136078 -12.4033 -23.05513 2.995407 -9.508049 -23.56742 5.80246 -10.82002 -23.80901 1.906342 -7.52488 -24.3231 4.5065 -9.05253 -24.4336 0.8902283 -5.387347 -24.94483 3.259949 -7.116836 -24.92326 -0.04371643 -3.114804 -25.42699 2.074097 -5.030471 -25.27353 -0.8870697 -0.7278338 -25.76521 0.959671 -2.812331 -25.48126 -1.632156 1.751948 -25.95643 -0.07322692 -0.4825001 -25.54455 -2.272263 4.302086 -25.99892 -1.015244 1.93792 -25.89228 -1.857849 4.42701 4.610535 24.42232 4.607852 3.634361 24.87015 2.207134 2.538933 25.18298 -0.1273508 1.33419 25.35796 -2.374463 0.03102111 25.39351 -4.513852 -1.358749 25.28931 -6.526143 -2.822556 25.0463 -8.393112 -4.34713 24.66669 -10.09785 -5.918663 24.1539 -11.62492 -7.522934 23.51259 -12.96049 -9.145401 22.74857 -14.09247 -10.77138 21.86874 -15.01061 -12.38615 20.88109 -15.70659 -13.97507 19.79454 -16.17411 -15.52377 18.61896 -16.40893 -17.01822 17.36496 -16.40893 -18.44488 16.04393 -16.17411 -19.79083 14.66782 -15.70659 -21.04388 13.2491 -15.01061 -22.19269 11.8006 -14.09247 -23.22685 10.33545 -12.96049 -24.13699 8.866913 -11.62492 -24.91488 7.408295 -10.09785 -25.55347 5.972794 -8.393112 -26.04697 4.573441 -6.526143 -26.39092 3.22287 -4.513852 -26.5822 1.933334 -2.374463 -26.61908 0.7164917 -0.1273508 -26.50123 -0.4166107 2.207134 -26.22971 -1.455719 4.607852 4.287132 24.80774 4.842628 3.152916 25.44392 2.556638 1.903809 25.9399 0.3337145 0.5511322 26.29117 -1.80601 -0.8928681 26.49455 -3.843162 -2.415115 26.54823 -5.759286 -4.001816 26.45169 -7.537034 -5.638611 26.20581 -9.160306 -7.310677 25.81284 -10.6144 -9.002869 25.27631 -11.88615 -10.69986 24.60109 -12.96403 -12.38628 23.79329 -13.83829 -14.04686 22.86025 -14.50101 -15.66656 21.81038 -14.94619 -17.23072 20.65321 -15.16979 -18.72517 19.39923 -15.16979 -20.13637 18.05977 -14.94619 -21.45154 16.64697 -14.50101 -22.65878 15.17364 -13.83829 -23.74714 13.65312 -12.96403 -24.70678 12.09917 -11.88615 -25.529 10.52585 -10.6144 -26.20636 8.947434 -9.160306 -26.73273 7.378189 -7.537034 -27.10333 5.832352 -5.759286 -27.3148 4.323914 -3.843162 -27.36525 2.866531 -1.80601 -27.2542 1.473419 0.3337145 -26.98267 0.1571655 2.556638 -26.55311 -1.070297 4.842628 3.981285 25.17223 5.128758 2.697617 25.98653 2.982592 1.303177 26.6557 0.8956347 -0.189392 27.17369 -1.113214 -1.766579 27.53581 -3.02576 -3.414101 27.73877 -4.824685 -5.117027 27.78075 -6.493697 -6.859955 27.66136 -8.017681 -8.627091 27.38167 -9.382835 -10.40242 26.94423 -10.57679 -12.16988 26.353 -11.58875 -13.91347 25.61333 -12.40954 -15.61737 24.7319 -13.03172 -17.26618 23.71672 -13.44967 -18.84496 22.57698 -13.65959 -20.3394 21.323 -13.65959 -21.73599 19.96613 -13.44967 -23.02205 18.51865 -13.03172 -24.18596 16.99368 -12.40954 -25.21716 15.40503 -11.58875 -26.10633 13.76709 -10.57679 -26.84541 12.09468 -9.382835 -27.4277 10.40297 -8.017681 -27.84794 8.707245 -6.493697 -28.10231 7.022903 -4.824685 -28.18852 5.365158 -3.02576 -28.10577 3.749054 -1.113214 -27.85484 2.189224 0.8956347 -27.43797 0.6997681 2.982592 -26.85896 -0.7058106 5.128758 3.696365 25.51178 5.463104 2.27346 26.49201 3.480322 0.7436371 27.32253 1.55224 -0.8792572 27.99584 -0.3036766 -2.580521 28.50583 -2.070624 -4.344742 28.84787 -3.7326 -6.155952 29.01889 -5.274552 -7.997742 29.01732 -6.682517 -9.85344 28.84319 -7.943744 -11.70623 28.49805 -9.046812 -13.53934 27.98506 -9.981729 -15.33617 27.30884 -10.74003 -17.08045 26.47553 -11.31485 -18.75637 25.49266 -11.70097 -20.34876 24.36914 -11.89492 -21.84321 23.11516 -11.89492 -23.22617 21.74205 -11.70097 -24.48512 20.26227 -11.31485 -25.60867 18.68919 -10.74003 -26.58662 17.03709 -9.981729 -27.41014 15.32091 -9.046812 -28.07176 13.5562 -7.943744 -28.56549 11.75893 -6.682517 -28.88686 9.945389 -5.274552 -29.03296 8.132004 -3.7326 -29.00246 6.335175 -2.070624 -28.79564 4.571213 -0.3036766 -28.41438 2.856049 1.55224 -27.86212 1.205246 3.480322 -27.14388 -0.3662567 5.463104 3.435501 25.82268 5.841993 1.885117 26.95482 4.044362 0.2313232 27.93308 2.296325 -1.510887 28.74858 0.6137123 -3.325752 29.39395 -0.9882383 -5.196831 29.86334 -2.495019 -7.107178 30.15251 -3.892985 -9.03949 30.25882 -5.169475 -10.97627 30.18132 -6.312928 -12.89999 29.92072 -7.312991 -14.79321 29.47936 -8.160606 -16.63879 28.86124 -8.848098 -18.42001 28.07196 -9.369239 -20.12077 27.11868 -9.71931 -21.72562 26.01003 -9.895143 -23.22007 24.75604 -9.895143 -24.59056 23.36807 -9.71931 -25.82469 21.8587 -9.369239 -26.91128 20.24159 -8.848098 -27.84049 18.53139 -8.160606 -28.6039 16.74356 -7.312991 -29.1946 14.89433 -6.312928 -29.60724 13.00043 -5.169475 -29.83808 11.07901 -3.892985 -29.88505 9.147477 -2.495019 -29.7477 7.223312 -0.9882383 -29.42728 5.323959 0.6137123 -28.92669 3.466598 2.296325 -28.25047 1.66806 4.044362 -27.40474 -0.05535888 5.841993 3.201546 26.10149 6.261267 1.536835 27.36989 4.668522 -0.2281265 28.48064 3.119718 -2.077354 29.42368 1.628881 -3.994095 30.19046 0.2095146 -5.961006 30.77406 -1.125529 -7.960258 31.16917 -2.364161 -9.973755 31.37224 -3.495162 -11.98326 31.38139 -4.50829 -13.97057 31.19659 -5.39437 -15.9177 30.81947 -6.145377 -17.80701 30.25346 -6.754512 -19.62138 29.50369 -7.216256 -21.34439 28.57695 -7.526427 -22.96043 27.48161 -7.682219 -24.45488 26.22763 -7.682219 -25.81419 24.82634 -7.526427 -27.02606 23.29044 -7.216256 -28.0795 21.63382 -6.754512 -28.96498 19.87151 -6.145377 -29.67448 18.01944 -5.39437 -30.20158 16.09441 -4.50829 -30.5415 14.11385 -3.495162 -30.69117 12.09567 -2.364161 -30.64922 10.05818 -1.125529 -30.41604 8.019822 0.2095146 -29.99374 5.999039 1.628881 -29.38614 4.01416 3.119718 -28.59875 2.08313 4.668522 -27.6387 0.2234497 6.261267 -23.99864 -1.026474 4.525328 -23.93697 -0.413681 2.087876 -24.3315 -0.6297913 4.644908 -23.7366 0.2990265 -0.2779942 -24.43225 0.1765594 2.265806 -23.39942 1.104797 -2.549499 -24.38952 1.077164 -0.04342842 -22.92871 1.99588 -4.704761 -24.20371 2.063309 -2.260556 -22.32899 2.963654 -6.723025 -23.87661 3.125534 -4.364224 -21.60603 3.99884 -8.584856 -23.41137 4.253601 -6.334174 -20.76681 5.091461 -10.27232 -22.81249 5.43663 -8.151435 -19.8194 6.230972 -11.76916 -22.0857 6.663254 -9.798503 -18.77292 7.406418 -13.06098 -21.23803 7.921631 -11.25952 -17.63746 8.606476 -14.13532 -20.27763 9.199662 -12.52041 -16.42394 9.819581 -14.98184 -19.21376 10.48503 -13.56903 -15.14407 11.03406 -15.59239 -18.05665 11.76537 -14.39529 -13.81015 12.23822 -15.96109 -16.81746 13.02834 -14.99122 -12.43504 13.42044 -16.08439 -15.50811 14.26176 -15.35109 -11.03199 14.56937 -15.96109 -14.14122 15.45378 -15.47144 -9.614495 15.67392 -15.59239 -12.72995 16.59293 -15.35109 -8.196221 16.72347 -14.98184 -11.28789 17.6682 -14.99122 -6.790817 17.70789 -14.13532 -9.828927 18.66925 -14.39529 -5.411819 18.61771 -13.06098 -8.367112 19.58644 -13.56903 -4.07251 19.44417 -11.76916 -6.916527 20.41095 -12.52041 -2.785789 20.17932 -10.27232 -5.491142 21.13484 -11.25952 -1.564049 20.81607 -8.584856 -4.104683 21.75111 -9.798503 -0.4190521 21.34828 -6.723025 -2.7705 22.25385 -8.151435 0.6381683 21.77083 -4.704761 -1.501442 22.63821 -6.334174 1.597443 22.07967 -2.549499 -0.3097305 22.9005 -4.364224 2.449524 22.27179 -0.2779942 0.7931595 23.03818 -2.260556 3.186203 22.34537 2.087876 1.796593 23.04991 -0.04342842 3.800392 22.29968 4.525328 2.690926 22.93561 2.265806 3.467529 22.69637 4.644908 -24.65449 -0.2448577 4.818015 -24.91284 0.7493134 2.523379 -25.02308 1.832214 0.2961311 -24.98415 2.993408 -1.84228 -24.7964 4.22171 -3.871261 -24.46166 5.50528 -5.77127 -23.98316 6.831787 -7.524009 -23.36549 8.188431 -9.1126 -22.61459 9.562165 -10.52174 -21.73773 10.93973 -11.73787 -20.74332 12.30789 -12.74926 -19.64095 13.65346 -13.54618 -18.44123 14.96347 -14.12096 -17.15572 16.22531 -14.46805 -15.79681 17.42683 -14.58412 -14.37756 18.55647 -14.46805 -12.91166 19.60333 -14.12096 -11.41322 20.55734 -13.54618 -9.896676 21.4093 -12.74926 -8.376626 22.15103 -11.73787 -6.867714 22.77536 -10.52174 -5.384468 23.27631 -9.1126 -3.94117 23.649 -7.524009 -2.551727 23.88991 -5.77127 -1.229523 23.99666 -3.871261 0.0127182 23.96826 -1.84228 1.163033 23.80496 0.2961311 2.210335 23.50836 2.523379 3.144546 23.08128 4.818015 -24.96406 0.1240692 5.042747 -25.37347 1.298264 2.85777 -25.63033 2.555908 0.7369595 -25.73216 3.884857 -1.29926 -25.67799 5.272339 -3.231276 -25.46833 6.704987 -5.040486 -25.10521 8.168992 -6.709466 -24.59211 9.650269 -8.222141 -23.93399 11.13455 -9.563941 -23.13718 12.60753 -10.72195 -22.20935 14.05504 -11.68501 -21.15944 15.46312 -12.44384 -19.99756 16.81822 -12.99115 -18.7349 18.1073 -13.32166 -17.38362 19.31793 -13.43218 -15.95674 20.43846 -13.32166 -14.46799 21.45808 -12.99115 -12.93171 22.36701 -12.44384 -11.3627 23.15645 -11.68501 -9.776078 23.81883 -10.72195 -8.187104 24.34775 -9.563941 -6.611092 24.73814 -8.222141 -5.063225 24.98622 -6.709466 -3.558395 25.0896 -5.040486 -2.111114 25.0473 -3.231276 -0.7352982 24.85971 -1.29926 0.5557785 24.52866 0.7369595 1.749702 24.05731 2.85777 2.834969 23.45023 5.042747 -25.25681 0.4729614 5.316637 -25.80908 1.817413 3.265305 -26.2046 3.24028 1.274215 -26.43956 4.72789 -0.6374579 -26.5117 6.265915 -2.451303 -26.42033 7.839523 -4.149852 -26.16631 9.433579 -5.716746 -25.75211 11.03271 -7.136897 -25.18172 12.62154 -8.396627 -24.46062 14.18475 -9.483804 -23.59575 15.70729 -10.38796 -22.59545 17.1745 -11.10038 -21.46936 18.57225 -11.61421 -20.22831 19.88707 -11.9245 -18.88426 21.10632 -12.02827 -17.45014 22.21823 -11.9245 -15.93979 23.21211 -11.61421 -14.36773 24.07839 -11.10038 -12.74911 24.8087 -10.38796 -11.09952 25.39604 -9.483804 -9.434838 25.83475 -8.396627 -7.771095 26.12058 -7.136897 -6.124329 26.25079 -5.716746 -4.510391 26.22414 -4.149852 -2.944817 26.04088 -2.451303 -1.442696 25.70276 -0.6374579 -0.01848602 25.21304 1.274215 1.314095 24.57646 3.265305 2.542213 23.79912 5.316637 -25.52955 0.7979889 5.63668 -26.21489 2.301041 3.741512 -26.73958 3.877853 1.902 -27.09856 5.51326 0.1358604 -27.28837 7.191513 -1.539899 -27.30719 8.896454 -3.109141 -27.15483 10.61165 -4.55675 -26.83276 12.32057 -5.868787 -26.34409 14.00681 -7.032615 -25.69352 15.65407 -8.037027 -24.88731 17.24651 -8.87235 -23.93324 18.7688 -9.530538 -22.84047 20.20628 -10.00525 -21.61955 21.54509 -10.29192 -20.28223 22.77235 -10.38779 -18.84139 23.87625 -10.29192 -17.3109 24.84615 -10.00525 -15.70551 25.67268 -9.530538 -14.04066 26.34793 -8.87235 -12.33242 26.86536 -8.037027 -10.59721 27.22 -7.032615 -8.851746 27.40845 -5.868787 -7.112846 27.42886 -4.55675 -5.397255 27.28107 -3.109141 -3.721489 26.96648 -1.539899 -2.101692 26.48813 0.1358604 -0.5534668 25.85062 1.902 0.9082871 25.06009 3.741512 2.269478 24.12415 5.63668 -25.77926 1.095581 5.99936 -26.58645 2.743835 4.281162 -27.2294 4.461594 2.613424 -27.70193 6.23233 1.012205 -27.99948 8.038987 -0.5070725 -28.11919 9.864151 -1.929778 -28.05991 11.69026 -3.242211 -27.82219 13.49973 -4.431729 -27.40835 15.27513 -5.48688 -26.82235 16.99936 -6.3975 -26.06985 18.65581 -7.15482 -25.15808 20.22853 -7.751548 -24.09584 21.70238 -8.181934 -22.89336 23.06316 -8.441835 -21.5622 24.29776 -8.528747 -20.11519 25.3943 -8.441835 -18.56627 26.34224 -8.181934 -16.93036 27.1324 -7.751548 -15.22321 27.75722 -7.15482 -13.46125 28.21065 -6.3975 -11.66146 28.48833 -5.48688 -9.841172 28.5876 -4.431729 -8.017922 28.50749 -3.242211 -6.209259 28.24878 -1.929778 -4.432602 27.81395 -0.5070725 -2.70507 27.2072 1.012205 -1.043289 26.43436 2.613424 0.5367279 25.50288 4.281162 2.019775 24.42174 5.99936 -26.00321 1.362473 6.400698 -26.91967 3.140961 4.878333 -27.66869 4.985123 3.400676 -28.24305 6.877213 1.981956 -28.63722 8.799027 0.6358395 -28.84742 10.73202 -0.624713 -28.8716 12.65761 -1.78756 -28.70954 14.55724 -2.841502 -28.3628 16.4126 -3.776391 -27.83472 18.20584 -4.583224 -27.13038 19.91969 -5.254228 -26.25656 21.53764 -5.782941 -25.2217 23.04411 -6.164273 -24.03574 24.42459 -6.394553 -22.71011 25.66579 -6.471559 -21.25757 26.75575 -6.394553 -19.69212 27.68398 -6.164273 -18.02884 28.44153 -5.782941 -16.28373 29.0211 -5.254228 -14.47361 29.41713 -4.583224 -12.61591 29.62581 -3.776391 -10.72852 29.6451 -2.841502 -8.829613 29.47482 -1.78756 -6.937485 29.11664 -0.624713 -5.070351 28.57398 0.6358395 -3.246185 27.85208 1.981956 -1.482574 26.95789 3.400676 0.2035064 25.89999 4.878333 1.79583 24.68863 6.400698 -1.049232 -0.1486358 25.92203 1.193733 1.55159 27.0435 -3.113113 -2.062286 27.0435 -0.9716339 -0.2411193 27.19478 -5.205612 -3.890549 26.59144 -7.224594 -5.704498 25.84391 -9.146386 -7.482849 24.80965 -10.94846 -9.204743 23.50081 -12.60967 -10.85001 21.93272 -14.11057 -12.39937 20.12376 -15.43355 -13.83463 18.09516 -16.5631 -15.13898 15.87068 -17.48597 -16.29712 13.47642 -18.19135 -17.29548 10.94044 -18.67095 -18.12235 8.292469 -18.91918 -18.76803 5.563558 -18.93311 -19.22496 2.785699 -18.71257 -19.48779 -0.008540153 -18.26016 -19.55341 -2.786399 -17.58119 -19.42108 -5.515311 -16.68359 -19.09234 -8.16328 -15.57791 -18.57105 -10.69926 -14.27711 -17.8633 -13.09353 -12.79644 -16.97742 -15.318 -11.15324 -15.92377 -17.34661 -9.366806 -14.71471 -19.15556 -7.458069 -13.36443 -20.72365 -5.449394 -11.88874 -22.03249 -3.364349 -10.30495 -23.06675 -1.227371 -8.631638 -23.81429 0.9364853 -6.888397 -24.26635 2.828629 -4.770096 -23.21189 5.243332 -3.274536 -24.26635 3.101845 -5.095703 -24.41762 7.335831 -1.446259 -23.81429 9.354805 0.367691 -23.06675 11.2766 2.146027 -22.03249 13.07867 3.867935 -20.72365 14.73989 5.513199 -19.15556 16.24079 7.062561 -17.34661 17.56376 8.497818 -15.318 18.69331 9.80217 -13.09353 19.61618 10.96031 -10.69926 20.32156 11.95866 -8.16328 20.80117 12.78554 -5.515311 21.04939 13.43121 -2.786399 21.06332 13.88815 -0.008540153 20.84279 14.15097 2.785699 20.39038 14.2166 5.563558 19.7114 14.08427 8.292469 18.81381 13.75552 10.94044 17.70813 13.23424 13.47642 16.40733 12.52649 15.87068 14.92665 11.64061 18.09516 13.28346 10.58696 20.12376 11.49702 9.3779 21.93272 9.58828 8.027619 23.50081 7.579613 6.551926 24.80965 5.49456 4.96814 25.84391 3.357582 3.29483 26.59144 6.722755 -5.037643 -23.98375 4.581268 -6.85881 -24.13503 4.090088 -6.273437 -21.96668 2.415909 -8.65152 -23.98375 8.815255 -3.209366 -23.53169 10.83423 -1.395431 -22.78415 12.75602 0.3829193 -21.7499 14.55809 2.104828 -20.44105 16.21931 3.750092 -18.87296 17.72021 5.299438 -17.06401 19.04319 6.734711 -15.0354 20.17273 8.039063 -12.81093 21.0956 9.197205 -10.41666 21.80098 10.19556 -7.880683 22.28059 11.02243 -5.232713 22.52882 11.66811 -2.503802 22.54274 12.12505 0.2740574 22.32221 12.38786 3.068296 21.8698 12.45349 5.846155 21.19082 12.32117 8.575067 20.29323 11.99242 11.22304 19.18755 11.47113 13.75902 17.88675 10.76338 16.15328 16.40608 9.877503 18.37776 14.76288 8.823853 20.40636 12.97644 7.614792 22.21531 11.0677 6.264511 23.78341 9.059037 4.788818 25.09225 6.973984 3.205032 26.1265 4.837006 1.531723 26.87404 2.673157 -0.2115173 27.3261 0.5077896 -2.004227 27.47738 0.3683853 -1.838089 25.18857 -1.63369 -3.825394 27.3261 0.2520523 -10.39474 -23.53169 -1.884926 -12.06806 -22.78415 -3.969971 -13.65185 -21.7499 -5.978645 -15.12754 -20.44105 -7.887382 -16.47782 -18.87296 -9.673821 -17.68688 -17.06401 -11.31702 -18.74053 -15.0354 -12.79769 -19.62641 -12.81093 -14.09849 -20.33415 -10.41666 -15.20417 -20.85545 -7.880683 -16.10176 -21.18419 -5.232713 -16.78074 -21.31652 -2.503802 -17.23315 -21.25089 0.2740574 -17.45368 -20.98807 3.068296 -17.43976 -20.53114 5.846155 -17.19153 -19.88545 8.575067 -16.71192 -19.05859 11.22304 -16.00655 -18.06023 13.75902 -15.08367 -16.90209 16.15328 -13.95412 -15.59773 18.37776 -12.63115 -14.16248 20.40636 -11.13025 -12.61313 22.21531 -9.469033 -10.96786 23.78341 -7.666962 -9.245957 25.09225 -5.745171 -7.467606 26.1265 -3.726189 -5.653656 26.87404 15.26487 -5.104675 11.13813 15.80292 -4.675018 11.00207 14.28325 -5.663803 12.78865 14.4422 -5.640091 12.10445 14.78629 -5.444107 11.52592 14.58697 -5.206558 14.05139 14.33421 -5.511383 13.47286 15.52091 -4.338928 14.57524 15.00434 -4.794189 14.43917 16.05896 -3.909256 14.43917 16.19825 -3.284607 17.60718 17.04059 -3.350128 12.78865 17.0951 -2.600067 17.18293 15.07117 -1.647049 17.31313 16.88163 -3.37384 13.47286 16.53754 -3.569839 14.05139 17.90865 -2.026337 16.50331 15.99426 -0.9515991 16.81951 15.53984 -1.287384 17.10353 18.59163 -1.596786 15.60781 16.81677 -0.3840027 16.05477 16.42115 -0.6496277 16.46865 19.10435 -1.336365 14.54846 17.4852 0.01864624 15.06758 17.17345 -0.1600646 15.58465 17.95702 0.2308654 13.92167 17.74872 0.1500701 14.50804 18.11041 0.2611847 13.30782 16.73687 -3.807373 11.52592 16.98963 -3.502548 12.10445 16.3195 -4.219742 11.13813 16.8316 -6.971832 -8.712789 17.36964 -6.54216 -8.848852 18.52557 -6.058197 -11.88079 16.92848 -4.820618 -12.20975 15.84998 -7.53096 -7.062268 16.00893 -7.507248 -7.74647 16.35301 -7.311249 -8.325002 16.15369 -7.073715 -5.799535 15.90093 -7.37854 -6.378066 17.08764 -6.20607 -5.275685 16.57106 -6.661331 -5.41175 17.62569 -5.776413 -5.41175 18.60731 -5.217285 -7.062268 18.44835 -5.240997 -6.378066 18.10427 -5.436981 -5.799535 20.06173 -4.59227 -10.77692 19.35545 -5.293838 -11.45655 20.60335 -3.994263 -9.881422 20.94885 -3.534561 -8.822078 19.62532 -2.086365 -9.269128 19.74106 -1.895264 -8.68276 19.21999 -2.599045 -10.34575 19.45012 -2.323059 -9.828674 18.60724 -3.254898 -11.22974 18.93752 -2.911407 -10.81586 18.30359 -5.67453 -8.325002 17.82613 -4.012085 -11.86462 18.55636 -5.369705 -7.74647 18.23573 -3.622864 -11.5806 17.88622 -6.086899 -8.712789 17.39055 -4.411163 -12.07422 -0.05601501 -17.96043 11.13813 0.4820328 -17.53077 11.00207 -1.037636 -18.51956 12.78865 -0.878685 -18.49585 12.10445 -0.5345993 -18.29986 11.52592 -2.492058 -19.14456 16.50331 -1.785782 -18.44299 17.18293 -3.033684 -19.74258 15.60781 -3.379181 -20.20229 14.54846 -4.607635 -18.60913 14.50804 -4.723373 -18.80024 13.92167 -4.202309 -18.09646 15.58465 -4.432442 -18.37244 15.06758 -3.589546 -17.44061 16.46865 -3.919838 -17.78409 16.05477 -0.7339172 -18.06232 14.05139 -0.9559021 -17.67864 17.60718 -2.808449 -16.68343 17.10353 -0.9866867 -18.36714 13.47286 -3.21804 -17.07263 16.81951 0.2000274 -17.19468 14.57524 -1.910797 -15.87489 17.44866 -0.3165512 -17.64994 14.43917 -2.372871 -16.28433 17.31313 0.7380753 -16.76502 14.43917 1.719696 -16.20589 12.78865 1.560745 -16.2296 13.47286 1.21666 -16.42559 14.05139 1.415977 -16.66313 11.52592 1.668739 -16.35831 12.10445 0.9986038 -17.0755 11.13813 1.510704 -19.82758 -8.712789 1.371422 -20.45224 -11.88079 2.048759 -19.39791 -8.848852 0.5290833 -20.38671 -7.062268 0.4745712 -21.13678 -11.45655 -0.05348968 -19.04846 -12.07422 0.6880417 -20.363 -7.74647 1.032127 -20.167 -8.325002 -0.3389816 -21.7105 -10.77692 -0.9765778 -19.7439 -11.5806 -0.5221558 -19.40812 -11.86462 -1.021957 -22.14005 -9.881422 -1.799088 -20.31149 -10.81586 -1.403473 -20.04588 -11.22974 -1.534676 -22.40048 -8.822078 -2.467522 -20.71414 -9.828674 -2.155769 -20.53543 -10.34575 -2.939331 -20.92638 -8.68276 -2.731033 -20.84557 -9.269128 -3.09272 -20.9567 -8.068916 0.8328018 -19.92946 -5.799535 0.58004 -20.23428 -6.378066 1.766746 -19.06183 -5.275685 1.250175 -19.51709 -5.41175 2.304794 -18.63216 -5.41175 3.286415 -18.07303 -7.062268 3.127464 -18.09674 -6.378066 2.783379 -18.29273 -5.799535 2.982697 -18.53027 -8.325002 3.235466 -18.22545 -7.74647 2.56533 -18.94265 -8.712789 15.81164 -4.68541 -5.519423 16.34969 -4.255737 -5.655488 15.29507 -5.140671 -5.655488 14.8777 -5.55304 -6.043275 14.62493 -5.857864 -6.621806 14.57398 -6.010284 -7.306006 14.73293 -5.986572 -7.990209 15.07702 -5.790588 -8.56874 15.5556 -5.451157 -8.956527 16.09365 -5.021484 -9.092592 16.61023 -4.566223 -8.956527 17.0276 -4.153854 -8.56874 17.28036 -3.84903 -7.990209 17.33131 -3.696609 -7.306006 17.17236 -3.720322 -6.621806 16.82827 -3.916321 -6.043275 14.24492 -2.818253 14.3315 14.78297 -2.388596 14.19544 13.72835 -3.273529 14.19544 13.31098 -3.685898 13.80765 13.05821 -3.990723 13.22912 13.00726 -4.143143 12.54492 13.16621 -4.119431 11.86071 13.5103 -3.923431 11.28218 13.98888 -3.584015 10.8944 14.52693 -3.154343 10.75833 15.0435 -2.699081 10.8944 15.46087 -2.286713 11.28218 15.71364 -1.981888 11.86071 15.76459 -1.829468 12.54492 15.60564 -1.85318 13.22912 15.26155 -2.049164 13.80765 0.4907532 -17.54116 -5.519423 1.028801 -17.11149 -5.655488 -0.02581787 -17.99642 -5.655488 -0.4431915 -18.40879 -6.043275 -0.6959534 -18.71362 -6.621806 -0.7469101 -18.86604 -7.306006 -0.5879517 -18.84233 -7.990209 -0.2438659 -18.64633 -8.56874 0.2347106 -18.30692 -8.956527 0.7727661 -17.87724 -9.092592 1.289337 -17.42198 -8.956527 1.706703 -17.00961 -8.56874 1.959473 -16.70478 -7.990209 2.010422 -16.55236 -7.306006 1.851471 -16.57607 -6.621806 1.507385 -16.77206 -6.043275 -1.075966 -15.67401 14.3315 -1.592537 -16.12927 14.19544 -2.009911 -16.54165 13.80765 -2.26268 -16.84647 13.22912 -2.313629 -16.99889 12.54492 -2.154678 -16.97518 11.86071 -0.7939606 -16.01009 10.75833 -0.2773895 -15.55483 10.8944 0.1399841 -15.14246 11.28218 0.3927536 -14.83764 11.86071 0.4437027 -14.68522 12.54492 0.2847519 -14.70892 13.22912</float_array>
          <technique_common>
            <accessor source="#asm_edie_v7-1_ear_right-mesh-positions-array" count="2481" stride="3">
              <param name="X" type="float"/>
              <param name="Y" type="float"/>
              <param name="Z" type="float"/>
            </accessor>
          </technique_common>
        </source>
        <source id="asm_edie_v7-1_ear_right-mesh-normals">
          <float_array id="asm_edie_v7-1_ear_right-mesh-normals-array" count="15060">-0.6379867 0.7603337 -0.1219258 0.1210142 -0.05729705 -0.9909958 -0.6380689 0.7603203 -0.1215782 0.08120959 -0.1092285 -0.9906939 0.05602025 -0.1120125 -0.9921265 0.2025922 0.01668339 -0.9791211 0.07852053 -0.04835593 -0.9957391 0.1457002 -0.03804862 -0.9885969 -0.5967888 0.741463 -0.3067179 -0.5845789 0.7542447 -0.298969 -0.6382281 0.7601935 -0.1215353 0.2549761 0.04095864 -0.9660795 -0.5637077 0.7697892 -0.2994302 -0.5718827 0.7647477 -0.2968356 -0.5805788 0.7581401 -0.296904 0.1702846 0.02244395 -0.9851393 -0.5745454 0.7476369 -0.3330716 0.1321663 0.199894 -0.9708628 0.1601449 0.2221468 -0.9617716 -0.5895406 0.7427245 -0.3174936 0.08225417 0.158075 -0.9839953 0.115617 0.188021 -0.9753363 -0.6011431 0.7374257 -0.3079452 0.02825045 0.1150539 -0.9929575 -0.6101399 0.7318829 -0.3034414 -0.024971 0.06936556 -0.9972788 0.02207887 0.1107015 -0.9936085 -0.6177961 0.7256745 -0.3028609 -0.08449894 0.02262598 -0.9961667 -0.6223278 0.720945 -0.3048712 -0.1191946 -0.00936675 -0.9928268 -0.07421153 0.02979266 -0.9967974 -0.6282464 0.7142461 -0.3084785 -0.6478178 0.7081589 -0.2807905 -0.6235634 0.7092498 -0.3288367 -0.1456849 -0.03177922 -0.9888206 -0.638 0.7603426 -0.1217995 0.02303707 -0.1238018 -0.9920396 -0.6379826 0.7603424 -0.1218921 0.2864838 0.09347879 -0.953514 0.2329775 0.03694546 -0.9717801 0.3637903 0.1641931 -0.9168955 0.2537871 0.09999597 -0.9620774 0.3167779 0.1118248 -0.9418849 -0.5546467 0.7826383 -0.2825674 -0.5467908 0.7899124 -0.277594 -0.5591065 0.7778255 -0.2870324 -0.563081 0.7716057 -0.2959132 -0.6382075 0.7602102 -0.1215392 0.4125484 0.1881354 -0.8912963 0.3409471 0.1679089 -0.9249659 0.364074 0.3840542 -0.8485002 -0.5427442 0.7999004 -0.256102 -0.5405531 0.7955811 -0.2735929 -0.5159733 0.7928494 -0.3242861 0.3853635 0.3993288 -0.8318845 0.3332077 0.3585987 -0.8719975 0.35918 0.3808173 -0.8520376 0.2879102 0.3249763 -0.900832 0.2403204 0.2857392 -0.9276849 0.2872928 0.3245789 -0.9011722 0.188535 0.2480403 -0.9502266 0.2058839 0.2590897 -0.9436548 0.4418642 0.2390302 -0.8646506 0.3962892 0.1851951 -0.899254 0.5072625 0.3030269 -0.8067587 0.4133056 0.2454632 -0.8768844 0.4705446 0.2559425 -0.8444414 -0.5254195 0.8088494 -0.2640021 0.5478916 0.3245902 -0.7710099 0.4921283 0.3056915 -0.8150845 -0.5314376 0.8104643 -0.2464178 -0.518007 0.8214451 -0.2385306 -0.5357298 0.8066503 -0.2496181 -0.5383438 0.8017953 -0.2594425 -0.536277 0.7981771 -0.2744456 -0.5284112 0.7951674 -0.2974735 -0.5182567 0.8154508 -0.257779 -0.5218752 0.8209145 -0.2318318 -0.5302754 0.8202882 -0.2143251 0.5360588 0.5133498 -0.670159 -0.5156297 0.8185258 -0.2532619 0.5504413 0.5214877 -0.6519702 0.5183442 0.4979711 -0.6952295 0.5378028 0.5143057 -0.6680254 0.4841815 0.474609 -0.735061 0.452656 0.4494654 -0.7701191 0.4836594 0.4743166 -0.7355932 0.4142727 0.4235556 -0.8055923 0.4244431 0.4293251 -0.7972003 0.5700061 0.3701762 -0.7335276 0.5387116 0.3228986 -0.7781558 0.6206167 0.428053 -0.656967 0.5535988 0.3742327 -0.7439613 0.59979 0.3852508 -0.7013086 0.6562483 0.4438206 -0.6102144 0.6146681 0.4294996 -0.661599 -0.5160272 0.8235203 -0.2356494 -0.5005367 0.8355416 -0.2265686 0.6672738 0.4787766 -0.5705425 0.6521385 0.4431353 -0.6150989 -0.5121719 0.8336913 -0.2064917 -0.4987286 0.8435106 -0.1993983 -0.5174252 0.8282113 -0.2152608 -0.5170675 0.8250655 -0.2278335 -0.5107255 0.8240398 -0.24519 -0.4981187 0.8415339 -0.2090417 -0.507965 0.8407728 -0.1872771 0.6413665 0.5834618 -0.4982183 -0.4966494 0.8424503 -0.2088472 0.6460972 0.5942 -0.4790458 0.6655862 0.5995928 -0.4443911 0.6213317 0.5738515 -0.533518 0.5988492 0.5553032 -0.5770772 0.6308119 0.5769137 -0.5188901 0.573289 0.5371757 -0.6186938 0.5869491 0.5492413 -0.5948317 0.6964867 0.5247848 -0.4893947 0.6676247 0.4786968 -0.5701988 0.695711 0.4949766 -0.5205618 0.7252599 0.5560263 -0.4059962 0.7108727 0.5221621 -0.4711761 0.7279084 0.5424792 -0.4193636 -0.4981366 0.846391 -0.1883671 -0.4919678 0.850686 -0.1852055 -0.4983347 0.8434071 -0.2008165 0.7474828 0.559692 -0.3577908 -0.4991012 0.850678 -0.1650608 -0.4855012 0.8596819 -0.1588572 -0.5011757 0.8478 -0.1733734 -0.4985666 0.8463348 -0.1874802 -0.4816093 0.8580883 -0.1781492 -0.4858683 0.8595363 -0.1585229 -0.4926128 0.8589673 -0.1396707 -0.4894692 0.8609688 -0.1383927 -0.5024594 0.8520818 -0.1465986 -0.5028303 0.8495116 -0.1596618 -0.4879441 0.8614947 -0.1404905 0.7299275 0.6350959 -0.2527036 -0.4899471 0.8614855 -0.1333971 0.7340865 0.6373457 -0.2343236 0.7335242 0.6372582 -0.2363137 0.7223916 0.6314167 -0.2818925 0.7237121 0.6326246 -0.27573 0.7082882 0.6238291 -0.3304016 0.7124672 0.6273384 -0.3143837 0.6934083 0.6172806 -0.3716848 0.6810083 0.6079641 -0.4081756 0.6938591 0.6173749 -0.3706858 0.6595668 0.5981225 -0.4552155 0.7488593 0.5879466 -0.3058245 0.7430098 0.5603139 -0.3660395 0.7576689 0.6174359 -0.2114492 0.7427309 0.5914611 -0.3138865 0.7633146 0.5930122 -0.2562956 0.7611529 0.6381918 -0.1155753 0.763352 0.6138436 -0.2012212 0.7711722 0.6202445 -0.1434931 -0.4889016 0.8636168 -0.1230503 0.7646931 0.6441392 -0.01814907 0.7714335 0.6304405 -0.08622694 -0.4897379 0.8654475 -0.1056284 0.7504571 0.6564305 0.0768975 -0.4890993 0.863575 -0.1225569 0.7579118 0.6516309 -0.03077226 0.7665315 0.6415308 0.02945846 -0.4893661 0.867668 -0.08759576 0.7320514 0.6593086 0.1715021 -0.4910202 0.8661186 -0.0934776 -0.4880951 0.8660428 -0.10832 0.7535499 0.6517437 0.08598035 0.748483 0.6472833 0.1442139 -0.4912068 0.8682717 -0.06942862 0.7140083 0.6477731 0.2656732 -0.4929156 0.8665009 -0.07880729 0.7360321 0.6464096 0.201026 -0.4942351 0.8678246 -0.05111116 0.6795239 0.641915 0.3552357 -0.4952656 0.8663823 -0.06398266 0.7104154 0.6559202 0.2551051 0.7056225 0.6358143 0.3127893 -0.4979332 0.8666075 -0.03246605 0.6419599 0.626673 0.4417788 -0.498535 0.8655127 -0.04848361 0.6810046 0.6342079 0.3660782 0.6626673 0.6202267 0.4197509 0.7660449 0.6427872 -7.90508e-7 0.7660442 0.6427879 4.97733e-6 0.6125521 0.5970227 0.5180192 0.6141491 0.6017497 0.5106058 0.6392219 0.6075494 0.4714649 0.7660446 0.6427876 -5.49361e-7 0.7643558 0.6441007 -0.0299099 0.7619705 0.6441882 -0.0665028 0.7654414 0.6431004 -0.02283805 0.7573247 0.6442345 -0.1068711 0.76174 0.6443284 -0.06777358 0.7499755 0.6433345 -0.1538103 0.7499335 0.6432709 -0.1542802 0.7563329 0.6446062 -0.1115501 0.7413498 0.639963 -0.2021088 0.7421664 0.6409554 -0.1958704 -0.76511 0.6420719 -0.04848325 -0.7660443 -0.6427878 -1.25207e-6 -0.7703309 0.6352612 -0.05507957 -0.7658316 0.6393927 -0.068403 -0.7659345 -0.6418381 -0.03726077 -0.7660443 -0.6427878 -4.99177e-6 -0.7668846 -0.6413602 -0.02334785 -0.7692959 0.6380686 -0.03243863 -0.7660443 -0.6427878 2.6098e-6 -0.7335321 -0.5231138 0.4339157 -0.7045799 -0.5125557 0.4907687 -0.7093175 -0.524011 0.4714672 -0.7588365 -0.5603526 0.3319223 -0.7293936 -0.5406988 0.4190822 -0.7393243 -0.5647117 0.3667429 -0.7700543 0.6333416 -0.07677793 -0.7746564 -0.5904985 0.2263162 -0.7525188 -0.5799423 0.3120614 -0.7595726 -0.5974885 0.2570157 -0.7687206 0.632099 -0.09756892 -0.770819 -0.6255288 0.1206307 -0.7667868 0.6352401 -0.09223884 -0.7655735 -0.6112089 0.2008009 -0.7652668 0.6328886 -0.1175529 -0.7702515 -0.6376194 0.01240968 -0.7883582 -0.5990577 0.1400765 -0.7683353 -0.6341322 0.08681821 -0.7629036 0.6318704 -0.1368141 -0.7609024 -0.6417893 -0.09557318 -0.7663829 0.6318573 -0.1158168 -0.7826503 -0.6219175 0.02602112 -0.7608355 -0.6483244 -0.02837246 -0.75879 0.6323779 -0.1560001 -0.741792 -0.638969 -0.203625 -0.7620676 0.6325845 -0.1381666 -0.7674233 -0.634984 -0.08863985 -0.7435548 -0.6531468 -0.1432678 -0.7531177 0.6342199 -0.1748687 -0.7127147 -0.6291131 -0.3102493 -0.7564037 0.6342928 -0.1597696 -0.743055 -0.6379018 -0.2023628 -0.7165569 -0.6487377 -0.2562922 -0.7457821 0.6376223 -0.1929951 -0.6744049 -0.6116392 -0.4136129 -0.7453906 0.637262 -0.1956787 -0.7493154 0.6371343 -0.180517 -0.709232 -0.6314469 -0.3134722 -0.6800307 -0.6353603 -0.3658901 -0.7368906 0.6425927 -0.2099209 -0.6274169 -0.5869894 -0.5116557 -0.7368848 0.6428132 -0.2092652 -0.6663041 -0.6158482 -0.4204401 -0.6344019 -0.6132891 -0.470543 -0.7224035 0.6556276 -0.2197399 -0.5731562 -0.5553217 -0.602586 -0.726418 0.6442206 -0.2393674 -0.6142907 -0.592001 -0.5217106 -0.5804037 -0.5826671 -0.5688854 -0.720598 0.6476364 -0.2476 -0.5124052 -0.5174406 -0.6853438 -0.5539429 -0.5601651 -0.6159241 -0.5188835 -0.5437812 -0.6595923 -0.6379832 0.7603521 -0.1218297 -0.4357246 -0.4864931 -0.7572771 -0.7062965 0.6564463 -0.2649974 -0.4861505 -0.5206914 -0.7018107 -0.3883562 -0.4524099 -0.8028105 -0.4698671 -0.4737964 -0.7448099 -0.4120411 -0.4738623 -0.7782524 -0.6955507 0.6698412 -0.25985 -0.6883741 0.6764219 -0.261906 -0.3547419 -0.4228451 -0.8338827 -0.6774895 0.6731013 -0.2965515 -0.6816825 0.6736547 -0.2854794 -0.3721141 -0.4488456 -0.8124461 -0.7113932 0.6631501 -0.2327053 -0.6975728 0.6514482 -0.2983415 -0.6984844 0.6617364 -0.2724421 -0.7012946 0.6654051 -0.2557774 -0.7528995 0.6217517 -0.2157945 -0.7219452 0.6591297 -0.2105783 -0.734831 0.6125879 -0.2911351 -0.7212824 0.6465042 -0.2485638 -0.7174575 0.6585177 -0.2271767 -0.7076998 -0.5540529 -0.4383907 -0.6954227 -0.541171 -0.4727803 -0.702451 -0.5472422 -0.4550699 -0.7223201 -0.5726925 -0.3876557 -0.7160092 -0.5624281 -0.4135282 -0.7402158 -0.5922898 -0.3182347 -0.7276125 -0.5764713 -0.3718345 -0.7524489 -0.61016 -0.2480433 -0.7467118 -0.5994801 -0.2881755 -0.7362772 -0.5906596 -0.3301775 -0.7605862 -0.6239944 -0.179276 -0.7594104 -0.6180286 -0.2033141 -0.7528958 -0.6103545 -0.2462021 -0.7660589 -0.6337311 -0.1074188 -0.7636274 -0.6256276 -0.1595723 -0.7676751 -0.6370517 -0.06957161 -0.7648212 -0.6338678 -0.1151537 -0.6703811 -0.5149546 -0.5342388 -0.6870359 -0.5303876 -0.4966597 -0.6679535 -0.5134271 -0.5387309 -0.6380046 0.7603265 -0.1218763 -0.294286 -0.3760241 -0.8786363 -0.6711807 0.6799699 -0.2952245 -0.3329188 -0.4199548 -0.8442767 -0.6380029 0.7603315 -0.1218535 -0.2171295 -0.3148181 -0.9239829 -0.3059599 -0.3736036 -0.8756763 -0.2497159 -0.3598708 -0.8989632 -0.1544836 -0.2791106 -0.9477512 -0.2178447 -0.3147271 -0.9238455 -0.1635313 -0.2944486 -0.9415719 -0.6722328 0.6786767 -0.2958058 -0.6642317 0.687743 -0.2929265 -0.1154457 -0.2449732 -0.9626321 -0.6320711 0.708204 -0.3145365 -0.640356 0.7055427 -0.3035685 -0.6479226 0.7015331 -0.2967285 -0.6556061 0.69586 -0.2931888 -0.1208581 -0.2586165 -0.9583898 -0.4385659 -0.2872325 -0.8515619 -0.4171451 -0.2703225 -0.8677072 -0.4658493 -0.3163276 -0.8263905 -0.4295792 -0.2806421 -0.8583134 -0.5079026 -0.3515508 -0.786414 -0.540884 -0.3862979 -0.7471402 -0.4988384 -0.3452707 -0.7949517 -0.5695334 -0.413607 -0.7103246 -0.5448703 -0.3895061 -0.7425642 -0.597422 -0.4402985 -0.6702418 -0.5738039 -0.4169952 -0.704886 -0.6236646 -0.466091 -0.6275362 -0.6011059 -0.4432185 -0.665003 -0.6440649 -0.4869745 -0.589946 -0.6262415 -0.4681593 -0.6234169 -0.6490713 -0.4910923 -0.5809774 -0.383741 -0.2415543 -0.8912881 -0.0562402 -0.1836661 -0.9813786 -0.07562571 -0.2244635 -0.9715436 -0.03557944 -0.1830692 -0.982456 0.01281356 -0.1508613 -0.9884719 -0.1899142 -0.06630015 -0.9795596 -0.2382741 -0.1119404 -0.9647253 -0.1709897 -0.05326372 -0.9838321 -0.289377 -0.156601 -0.9443184 -0.2656421 -0.1331645 -0.9548306 -0.3389975 -0.2000474 -0.9192725 -0.3517226 -0.2097814 -0.9122954 -0.7602167 -0.5967229 0.2568898 -0.1181321 0.05974745 0.9911988 -0.2739334 -0.07618939 0.9587261 -0.05602002 0.1120127 0.9921265 -0.662429 0.7476369 0.04719144 -0.2022619 -0.003957748 0.9793235 -0.6488397 0.7585855 0.05962532 -0.1181641 0.09558945 0.9883825 -0.1427509 0.03453338 0.9891561 -0.6685962 0.7428201 0.03460538 -0.2357121 -0.05680757 0.9701613 -0.2016858 0.01493304 0.9793365 -0.6582366 0.7506325 0.05723136 -0.6793166 0.7316475 0.05675315 -0.2854565 -0.08158767 0.9549127 -0.2302936 -0.04014164 0.9722929 -0.6746345 0.7375056 0.03088331 -0.6894016 0.7237601 0.0299459 -0.6657472 0.7453894 0.03428459 -0.6584693 0.75128 0.04468518 -0.6911063 0.7214862 0.04277586 -0.6954534 0.7181133 0.02565312 -0.6922377 0.7204411 0.0420925 0.282383 0.08373492 -0.9556403 -0.6858363 0.7261618 0.04814273 0.3246096 0.1220471 -0.9379409 0.301451 0.119529 -0.94596 0.2257406 0.03336369 -0.973616 0.2257492 0.03348147 -0.97361 -0.6543807 0.7551367 0.03942644 -0.0312004 -0.183654 -0.9824957 -0.2739336 -0.07618945 0.958726 -0.6407533 0.7667064 0.0399574 -0.4423804 -0.4914769 -0.7501667 -0.644454 0.7640784 0.0293821 -0.03128886 -0.1837036 -0.9824836 -0.6462609 0.7628433 0.02042281 -0.7136781 -0.6433163 -0.2771421 -0.4425781 -0.4915407 -0.7500084 -0.647345 0.7621402 0.009320139 -0.7660425 -0.6427899 -4.12923e-6 -0.7137389 -0.6433035 -0.2770156 -0.6439762 0.7650336 -0.004291415 -0.7660462 -0.6427856 -9.90347e-7 -0.6410184 0.7675252 -6.97609e-4 -0.7660463 -0.6427854 2.70256e-6 -0.6461246 0.7630857 -0.01494872 -0.7604767 -0.597272 0.2548357 -0.7660445 -0.6427876 -4.20622e-6 -0.6465489 0.7624545 -0.02525424 -0.5967033 -0.3881481 0.7023434 -0.7604782 -0.5972381 0.2549109 -0.64265 0.7624811 -0.07499194 -0.2718437 -0.07432991 0.9594666 -0.5966497 -0.38804 0.7024487 0.07854062 -0.09319311 -0.9925454 -0.07833319 0.09335774 0.9925464 -0.6625637 0.7483677 -0.03090786 -0.6456817 0.7621753 -0.04673522 -0.1921935 -0.003968954 0.9813491 -0.3575174 -0.1937925 0.9135785 -0.07833671 0.0933566 0.9925463 -0.07833623 0.09335762 0.9925462 -0.6717579 0.7401867 -0.02941089 0.1251198 0.2585157 0.9578698 -0.07833719 0.0933569 0.9925462 -0.682169 0.7305933 -0.02964562 0.4932612 0.5250673 0.69354 0.1251059 0.2585029 0.9578752 -0.1225998 -0.2565419 -0.958726 -0.7196685 -0.6450468 -0.2568888 0.4932555 0.5250496 0.6935575 -0.6842625 0.7286208 -0.02994334 -0.6901156 0.723644 -0.008943438 -0.6952993 0.7181115 -0.02957808 -0.6949655 0.7186031 0.02515226 0.5786349 0.5778021 0.5756096 0.5786478 0.5778001 0.5755986 -0.6533823 0.7551658 -0.05306899 -0.6807956 0.7301481 -0.05832064 -0.6526643 0.7569247 -0.0330832 -0.6538776 0.754003 0.06264007 -0.6775323 0.7353726 -0.01331031 -0.6811507 0.731445 -0.03196835 -0.6818444 0.7301433 -0.04448634 -0.6805835 0.7302529 -0.05947089 -0.6662473 0.7452899 -0.02564489 0.07833844 -0.09335708 -0.9925461 -0.6859328 0.7239121 -0.07380682 -0.6895288 0.7186852 -0.08967566 -0.6704482 0.7419182 -0.00752443 0.07833641 -0.09335649 -0.9925463 -0.661001 0.7495059 -0.03631335 0.07833635 -0.09335732 -0.9925462 0.07833635 -0.09335678 -0.9925462 -0.6181896 0.7797915 0.09882819 -0.1210225 -0.2553035 -0.9592568 -0.6426225 0.7636352 -0.06243216 0.07833617 -0.09335726 -0.9925462 -0.6407995 0.7656418 -0.05629146 -0.4866734 -0.5208609 -0.7013223 -0.1213126 -0.2554475 -0.959182 -0.6412367 0.7640157 -0.07138437 -0.7203738 -0.6453143 -0.2542266 -0.4871615 -0.5210157 -0.7008683 -0.6405404 0.7633678 -0.08353292 -0.7660449 -0.642787 -1.69812e-6 -0.6410049 0.7639125 -0.07450079 -0.7205264 -0.6452853 -0.2538674 -0.6397142 0.762385 -0.09764701 -0.7660465 -0.6427853 1.6693e-6 -0.6405395 0.7633684 -0.08353435 -0.7660465 -0.6427852 5.2617e-7 -0.6389034 0.7614163 -0.1097626 -0.7606343 -0.5976005 0.2535925 -0.6397153 0.7623844 -0.09764462 -0.7660449 -0.6427871 -6.30296e-7 -0.6361191 0.7612807 -0.1257156 -0.5979474 -0.3895367 0.7005143 -0.7606375 -0.5974764 0.2538751 -0.5590097 0.7460581 -0.3618087 -0.2727991 -0.07522678 0.9591254 -0.5977699 -0.3891937 0.7008563 0.07834911 -0.09337013 -0.9925439 -0.07833576 0.0933578 0.9925462 -0.6327342 0.7540631 -0.176171 -0.6387327 0.7591985 -0.1250535 -0.6410002 0.7595445 -0.110504 -0.2726796 -0.07506442 0.9591722 -0.6401875 0.7589145 -0.1192003 -0.6689479 0.7321661 -0.1282249 0.07894748 -0.0941016 -0.9924274 -0.6737713 0.7292231 -0.1194403 0.0783624 -0.09338831 -0.9925413 -0.07833701 0.09335786 0.9925461 -0.07833588 0.09335762 0.9925462 -0.1226003 -0.256542 -0.9587259 -0.7196669 -0.6450481 -0.2568902 0.07833653 -0.09335738 -0.9925462 -0.6411553 0.7641017 -0.07119441 -0.1210536 -0.2553277 -0.9592466 -0.637888 0.7602082 -0.1232171 0.07833617 -0.09335738 -0.9925462 -0.6369524 0.761109 -0.1224945 -0.4867237 -0.5209028 -0.7012563 -0.1213488 -0.2554736 -0.9591703 -0.6345757 0.7606262 -0.1369726 -0.7204008 -0.6453154 -0.2541472 -0.4872026 -0.5210518 -0.7008129 -0.6355385 0.7574066 -0.1497535 -0.7660446 -0.6427875 1.33714e-7 -0.6366622 0.7587462 -0.1377152 -0.6396004 0.7590228 -0.1216381 -0.6769593 0.7245233 0.1295848 -0.7205379 -0.6452879 -0.2538283 -0.6345231 0.7561954 -0.1598411 -0.7660427 -0.6427898 -5.42993e-7 -0.6355394 0.7574062 -0.1497517 -0.7660427 -0.6427899 -2.52422e-6 -0.6331737 0.7543314 -0.1734228 -0.6158526 0.7700076 -0.1667751 -0.641056 0.7397018 -0.2046669 -0.6351068 0.7519554 -0.1766428 -0.6333522 0.7563391 -0.1637564 -0.766043 -0.6427896 -2.68602e-7 -0.6153343 0.7637476 -0.1950727 -0.6404085 0.73991 -0.2059374 -0.5981806 0.7638571 -0.2422855 -0.609058 0.7628628 -0.217 -0.6206665 0.7595434 -0.1945942 -0.6322712 0.7544989 -0.1759678 -0.6387016 0.7478553 -0.1810325 -0.6502954 0.733895 -0.1962497 -0.64988 0.7337676 -0.198094 -0.6655378 0.7240566 -0.181112 -0.6439298 0.7269929 -0.2384027 -0.6253929 0.7458214 -0.2294217 -0.6302265 0.7411815 -0.231224 -0.6224424 0.7507192 -0.221328 -0.6199436 0.7544071 -0.2157315 -0.6153963 0.7646449 -0.1913259 -0.6135749 0.7647162 -0.1968127 -0.6607186 0.743882 -0.1004523 -0.6532598 0.744052 -0.1401364 -0.6390148 0.7435712 -0.1968808 -0.6335628 0.7437901 -0.2130132 0.7660371 0.6427965 -1.78713e-5 -0.6232216 0.7427272 -0.2448495 0.7660445 0.6427876 0 -0.6206029 0.7533079 -0.2176674 -0.6249639 0.745625 -0.2312216 -0.6236662 0.7426339 -0.2439991 0.7660444 0.6427877 -1.22785e-7 0.7660449 0.6427871 -1.8118e-6 0.7601016 0.5964714 -0.257813 0.7660452 0.6427868 4.01067e-6 0.5956341 0.3869514 -0.7039095 0.5956686 0.3870126 -0.7038468 0.7600985 0.5964745 -0.2578148 -0.6350727 0.7568973 -0.1542373 0.2724871 0.0749163 -0.9592384 -0.6136493 0.7657079 -0.1926814 0.07833611 -0.09335738 -0.9925462 0.2725548 0.07495403 -0.9592163 -0.6081095 0.7681078 -0.200532 0.07833552 -0.0933575 -0.9925463 0.07833898 -0.09335446 -0.9925462 0.07833224 -0.0933572 -0.9925466 -0.6007656 0.7717934 -0.208364 -0.1491814 -0.2773095 -0.9491282 0.07834392 -0.09335595 -0.9925457 -0.5870804 0.7826659 -0.2068111 -0.546976 -0.5588696 -0.6232832 -0.5895937 0.7780212 -0.2169389 -0.1491762 -0.2773072 -0.9491298 -0.5895698 0.7766073 -0.2220109 -0.6461557 -0.6146966 -0.4523614 -0.5469686 -0.5588666 -0.6232924 -0.5876523 0.7755746 -0.2305403 -0.5582261 -0.5656936 -0.6069386 -0.6461568 -0.6146965 -0.45236 -0.5671608 0.7919036 -0.2263125 -0.6568736 -0.6199694 -0.4291331 -0.5764808 0.7805106 -0.2418122 -0.5582261 -0.565694 -0.6069382 -0.5764444 0.7796462 -0.2446708 -0.7682429 -0.6177992 0.1677113 -0.7682858 -0.6178016 0.1675062 -0.6568526 -0.6199696 -0.429165 -0.5790939 0.7747084 -0.253924 -0.5972116 -0.3886135 0.7016537 -0.5808612 0.7677618 -0.2704484 -0.3867647 -0.1795523 0.9045298 -0.5972573 -0.3887092 0.7015618 -0.5743104 0.7558026 -0.3145313 -0.2982957 -0.09812033 0.9494168 -0.3711355 -0.1649415 0.9138123 -0.3925516 -0.2236551 0.892122 -0.6035355 0.7519603 -0.2651427 -0.174712 0.01120579 0.9845559 -0.5871891 0.7672395 -0.2579778 -0.2982972 -0.09812355 0.9494159 -0.6166435 0.7385467 -0.2725793 -0.5999206 0.713204 -0.3625403 0.05107825 0.1996868 0.9785276 -0.6202462 0.7380896 -0.2655532 -0.03621017 0.1483299 0.9882748 -0.6358702 0.7547006 -0.1615429 -0.1422318 -0.2093736 0.9674363 -0.640336 0.7531444 -0.1508088 -0.6330311 0.7547876 -0.1719519 -0.09331125 -0.1662976 0.9816507 -0.6332572 0.7547446 -0.1713071 -0.6333166 0.7547985 -0.1708493 -0.6337232 0.7549988 -0.1684395 -0.635273 0.7548958 -0.1629745 -0.1983888 -0.2509621 0.9474493 -0.1485778 -0.2151541 0.9652116 -0.2941895 -0.3266285 0.8982018 -0.2458339 -0.2932602 0.9238854 -0.3591175 -0.3786429 0.8530325 -0.3346759 -0.3623686 0.8698742 -0.576144 0.7808152 -0.2416313 -0.4025835 -0.4130578 0.8168903 -0.580199 0.7862957 -0.2123872 -0.5699328 0.7959331 -0.2041255 -0.5590299 0.7914919 -0.2470347 -0.5684205 0.7951551 -0.2112502 -0.5248637 0.7893501 -0.318504 -0.5638955 0.7899878 -0.2407095 -0.572054 0.7850792 -0.2374974 -0.5690332 0.7892717 -0.2307628 -0.5677719 0.7926949 -0.2219686 -0.588127 0.7871422 -0.1857794 -0.6000232 0.7390247 -0.306292 -0.5855333 0.7784668 -0.2261423 -0.583922 0.7839989 -0.2106678 -0.5845689 0.7859717 -0.2013157 -0.5870819 0.7866453 -0.1911128 -0.5943184 0.7856892 -0.1716927 -0.07833713 0.09335577 0.9925463 -0.5837744 0.794762 -0.1660145 -0.593793 0.7660623 -0.2460865 -0.07830828 0.09337514 0.9925467 -0.07833725 0.0933578 0.9925461 -0.0783354 0.09335869 0.9925462 0.1208146 0.255143 0.9593257 -0.07833665 0.09335762 0.9925461 0.4864771 0.5206564 0.7016104 0.4864544 0.5206493 0.7016313 0.1207922 0.2551138 0.9593364 0.7203976 0.6452533 0.254314 0.2739331 0.07618981 -0.9587261 0.7660468 0.6427848 -9.27277e-7 0.7203922 0.6452451 0.2543501 0.7660457 0.6427861 2.54185e-6 0.2739337 0.07618975 -0.958726 0.7660462 0.6427855 -2.38086e-6 0.7604873 0.5972905 -0.2547613 0.7660445 0.6427876 -4.91047e-7 0.5967545 0.3880344 -0.7023628 0.5970605 0.3886263 -0.7017753 0.7605952 0.5973333 -0.2543382 0.2717241 0.07432973 -0.9595006 -0.6204346 0.7744266 -0.1237918 0.07833653 -0.0933575 -0.9925462 0.272103 0.07454723 -0.9593762 -0.6051762 0.7871403 -0.1190457 -0.6008265 0.7893263 -0.126379 0.07833594 -0.09335702 -0.9925462 0.078336 -0.09335768 -0.9925462 -0.07833361 0.09331899 0.99255 0.0783953 -0.09342575 -0.9925351 -0.078336 0.09335803 0.9925461 0.1206795 0.2550337 0.9593719 -0.07833653 0.09335684 0.9925463 0.4863864 0.5205531 0.7017498 0.1207938 0.2551709 0.959321 0.7204033 0.6452324 0.2543507 0.486519 0.5207104 0.7015412 0.7660449 0.6427873 1.4969e-6 0.7204157 0.6452535 0.254262 0.7660434 0.6427889 -1.89429e-6 0.7660433 0.642789 -1.89013e-6 0.7696601 0.6346114 -0.06994187 0.7660449 0.6427872 1.54267e-6 -0.6536467 0.7540349 -0.06463104 0.7501052 0.5777797 -0.3217341 0.7538096 0.6055108 -0.2552018 -0.6227114 0.781937 -0.0283755 -0.6171892 0.7854797 -0.0458188 -0.6177388 0.7848163 -0.04961991 -0.6389951 0.766798 -0.06087929 -0.6307927 0.7738179 -0.05750197 -0.6375717 0.770391 -3.2019e-4 -0.6403664 0.7588453 -0.1186792 -0.6376039 0.767682 -0.06423145 -0.6351931 0.7720734 -0.02079486 -0.6387202 0.7688641 0.02974045 -0.7138973 0.6990002 -0.041826 -0.6482561 0.7614104 -0.004291057 -0.6365023 0.7712186 0.009320735 -0.6257036 0.7777463 0.06004917 -0.6241375 0.7792843 0.05628931 -0.6248033 0.7795042 0.04465627 -0.6489044 0.760486 0.02417087 -0.6382226 0.7692107 0.03141528 -0.6299729 0.7756437 0.03887307 -0.6380658 0.7602896 -0.1217857 -0.6379938 0.760344 -0.1218243 -0.04697614 0.1423882 0.9886956 -0.3658462 -0.1422894 0.9197338 -0.2847664 -0.06322264 0.9565098 -0.3122474 -0.1172155 0.9427418 -0.3978884 -0.2037121 0.8945313 -0.3657562 -0.1384193 0.9203601 -0.7089567 0.7040469 0.04121232 -0.4424627 -0.2310703 0.8665064 -0.3943417 -0.1875178 0.8996287 -0.6963109 0.717557 0.01621794 -0.7215336 0.6922367 0.01406174 -0.7034089 0.7107772 0.003428459 -0.6968314 0.7170296 0.01716727 -0.6919882 0.7213065 0.02948307 -0.7191678 0.6942842 0.02769637 -0.7212445 0.6926529 0.006196916 -0.7193588 0.6945383 -0.01181721 -0.6945003 0.7191271 -0.02292633 -0.6946801 0.7192788 -0.007595896 -0.7227299 0.6910473 0.01073098 -0.0701707 -0.2150117 -0.9740874 0.1226004 0.2565422 0.9587259 0.7196677 0.6450478 0.2568889 -0.3537836 -0.4301959 -0.8305232 -0.07292401 -0.2169445 -0.9734564 -0.5882079 -0.5837773 -0.5596569 -0.3606828 -0.4344006 -0.8253509 -0.7348039 -0.648634 -0.1983363 -0.5934953 -0.5861288 -0.5515583 -0.7668316 -0.6130371 0.1901444 -0.7361428 -0.6485803 -0.1934877 -0.6799881 -0.4822447 0.5523191 -0.7667188 -0.6121401 0.1934607 -0.4868566 -0.2758767 0.8287718 -0.680285 -0.482696 0.5515587 -0.4908398 -0.2792872 0.8252727 -0.3194071 -0.1171891 0.9403435 -0.6956346 0.7150068 -0.06969827 -0.6997929 0.7108525 -0.07056033 -0.691135 0.7196921 -0.06614893 -0.6880114 0.7230838 -0.0615648 -0.6849912 0.7265815 -0.05353903 -0.6794304 0.732829 -0.0365535 -0.1814161 0.01052135 0.9833502 -0.703962 0.7092413 -0.03760778 0.2695527 0.00143218 -0.9629846 0.1226004 0.2565418 0.958726 -0.7114672 0.6987078 -0.07497984 -0.7037473 0.7094363 -0.03794711 -0.7037521 0.7094302 -0.03797113 -0.7037509 0.709431 -0.0379793 -0.7037482 0.7094247 -0.03814637 0.1541146 -0.02889579 -0.9876304 0.3226348 0.1203531 -0.9388408 0.1699357 -0.01545578 -0.985334 0.4590917 0.2486113 -0.8528936 0.3229106 0.1203994 -0.9387401 0.574724 0.3648881 -0.7324951 0.51376 0.3024019 -0.8028723 0.4482008 0.2470271 -0.8591238 0.515442 0.3040924 -0.8011538 0.5747781 0.3648931 -0.7324501 0.2365439 0.04289919 -0.9706733 0.515429 0.3040857 -0.8011646 0.2365432 0.0429002 -0.9706735 0.4509249 0.4971793 0.7412689 0.543213 0.5565637 0.6286147 0.4509263 0.4971836 0.7412651 0.7466052 0.6495257 0.1438644 0.5432232 0.5565788 0.6285927 0.7374559 0.5577248 -0.3809224 0.7466103 0.6495409 0.1437698 0.5204342 0.3090928 -0.7959962 0.7374163 0.5577122 -0.3810175 0.5203895 0.3090644 -0.7960365 -0.5138399 -0.2830448 0.8098484 -0.4427507 -0.2106015 0.8715611 -0.4657321 -0.2616724 0.8453527 -0.5564627 -0.3392902 0.7584402 -0.5140174 -0.2796229 0.8109238 -0.533488 -0.3291174 0.7791485 -0.7326526 0.6805335 0.009719967 -0.587252 -0.3705581 0.7195984 -0.5646713 -0.3612765 0.7420415 -0.7260859 0.6872598 -0.02175474 -0.7408777 0.6712181 -0.02380281 -0.7243371 0.6891955 -0.01858317 -0.7191427 0.694839 -0.005712449 -0.7117087 0.7022435 0.01802742 -0.7465526 0.6653263 4.66312e-4 -0.7484328 0.6631348 -0.01003408 -0.7221048 0.6897261 -0.05331736 -0.7216889 0.6901674 -0.05323719 -0.7327003 0.6718075 -0.1087433 -0.7249537 0.6862371 -0.05933701 -0.7236035 0.6888225 -0.04383677 -0.7241506 0.6888757 -0.03249835 -0.7450498 0.6656707 -0.04222846 -0.739551 0.6708517 -0.05497741 0.7196675 0.6450483 0.2568881 -0.7084214 0.7009191 -0.08277416 -0.38926 -0.4550001 -0.8009068 -0.4556159 -0.5003196 -0.7362707 -0.3892623 -0.4550017 -0.8009048 -0.313178 -0.4007595 -0.8609944 -0.455574 -0.5003213 -0.7362955 -0.1565353 -0.2829568 -0.9462729 -0.3130511 -0.4007528 -0.8610436 0.007044017 -0.1524069 -0.9882927 -0.228421 -0.2905298 -0.929202 -0.1205629 -0.2549889 -0.9593984 0.007335662 -0.1523625 -0.9882975 0.06962132 0.214571 0.974224 -0.2264463 -0.03398531 0.9734306 0.3529192 0.4291338 0.8314399 0.07262903 0.2172918 0.973401 0.5880272 0.5827401 0.5609261 0.3601261 0.4350638 0.8252446 0.7350489 0.6482846 0.1985707 0.593204 0.5864825 0.5514956 0.7667433 0.6125462 -0.1920736 0.7360262 0.6487144 0.1934818 0.6786711 0.4803547 -0.5555762 0.7665805 0.6123026 -0.1934944 0.4846816 0.2731735 -0.8309392 0.6806599 0.482257 -0.5514801 0.490449 0.2797431 -0.8253507 0.2226321 0.03103357 -0.9744085 0.2264445 0.03398615 -0.9734311 -0.6346893 -0.4098664 0.6551176 -0.5939993 -0.3921474 0.702414 0.7660446 0.6427873 -6.82316e-7 -0.2817784 0.3358131 0.8987939 -0.6655215 -0.4581626 0.5892098 -0.6355786 -0.4045295 0.657568 -0.6463558 -0.4500231 0.6162009 0.7660446 0.6427874 0 -0.7439355 0.6653116 -0.06261366 0.7668382 0.6414744 0.02167695 -0.7356538 0.6763976 -0.03605413 -0.734179 0.6782462 -0.03103917 -0.7190057 0.6947083 0.02028274 -0.7461606 0.6615097 -0.07516264 0.767126 0.6384674 0.0622673 -0.7455613 0.6625164 -0.07218343 -0.744912 0.6642442 -0.06233501 -0.74553 0.6659243 -0.02701836 0.7670229 0.6411928 0.02340614 -0.7445392 0.6618294 -0.08742576 0.7662796 0.6341282 0.1034265 -0.7435588 0.6634202 -0.0836299 0.767577 0.6371679 0.06958788 -0.7422229 0.6627408 -0.09939724 0.7640951 0.6285104 0.145374 -0.7419597 0.663164 -0.09853565 0.7664864 0.6319776 0.1144686 -0.7388997 0.6646237 -0.1109173 0.7605993 0.6218898 0.1863918 -0.7370238 0.6393626 -0.2191151 -0.7400514 0.6616346 -0.1206798 -0.7406252 0.6629153 -0.1096249 0.7638146 0.6257606 0.158149 -0.7291775 0.673716 -0.1200293 0.7558004 0.6141293 0.2271804 -0.7304275 0.6712546 -0.1260675 -0.7225859 0.673674 -0.1550258 0.759745 0.6185181 0.2005568 -0.7336825 0.6662282 -0.1336038 0.7495093 0.6050357 0.2686405 -0.7325856 0.6689921 -0.1255707 -0.7310575 0.6744071 -0.103586 -0.7249338 0.6884589 -0.02225971 0.754404 0.610318 0.2416332 -0.7321469 0.6654921 -0.1451947 0.7419484 0.5949625 0.309083 -0.7322132 0.665898 -0.1429813 -0.7333111 0.6663218 -0.1351674 0.747799 0.6012277 0.2816417 -0.7280579 0.6676651 -0.1554191 0.7327479 0.5833954 0.3503291 -0.7281975 0.6669831 -0.157677 -0.7296759 0.6671676 -0.1498681 0.7399737 0.5911046 0.3209896 -0.7235038 0.6703049 -0.165026 0.7238459 0.5681418 0.3914871 -0.720292 0.6689131 -0.18367 -0.7246359 0.669129 -0.164831 -0.7091722 0.6848807 -0.1673715 0.7100259 0.5567255 0.4311845 -0.7133546 0.6766858 -0.182268 0.7260662 0.5742052 0.3783072 -0.7106456 0.6801328 -0.1800069 0.6958985 0.540865 0.4724305 0.703655 0.546804 0.4537345 -0.7098301 0.6761278 -0.197465 0.6720779 0.5155137 0.5315609 -0.7099716 0.6757797 -0.1981469 -0.7097893 0.678712 -0.1885449 0.6724069 0.5157013 0.5309625 -0.700935 0.6805303 -0.2134684 0.6337538 0.4761275 0.6096383 -0.7041212 0.6664622 -0.245034 -0.7030889 0.6772143 -0.2169027 -0.7047362 0.678501 -0.2073243 0.6340772 0.4763274 0.6091457 -0.6126497 0.7816269 -0.117131 0.5880533 0.4311332 0.6843374 -0.6887304 0.6867942 -0.2323017 -0.6930577 0.6848845 -0.2249539 0.5887885 0.4316208 0.6833972 0.5441104 0.3885753 0.7436082 -0.6743704 0.7030159 -0.2258172 -0.6794328 0.7016869 -0.2144916 -0.6734176 0.7017292 -0.2325618 0.5148288 0.3610665 0.7775489 0.5381405 0.3814684 0.7515895 0.1680799 0.3024714 0.9382218 -0.6718183 0.6358392 -0.3799588 0.02685284 0.1801338 0.9832755 0.3538131 0.4297853 0.8307232 0.07263952 0.2172828 0.9734022 0.5896288 0.5837153 0.5582243 0.3601593 0.4350259 0.8252502 0.7362152 0.6485871 0.193189 0.5932904 0.5863733 0.5515187 0.7663456 0.6111227 -0.1981 0.7361572 0.6485624 0.1934924 0.7665116 0.6123867 -0.1935005 0.690905 0.4955124 -0.5264196 -0.7050448 0.6869327 -0.1761686 -0.7121343 0.6789147 -0.1787167 -0.7100934 0.6808592 -0.1794385 0.6089548 0.4012118 -0.6842538 0.6793487 0.483812 -0.5517349 -0.4027993 -0.2371877 0.884022 -0.6906524 0.6938713 -0.2038188 -0.6938536 0.70035 -0.1675621 -0.6906822 0.693926 -0.2035307 -0.6906866 0.6939288 -0.2035067 -0.6907553 0.6939384 -0.2032405 -0.6917974 0.6938028 -0.2001354 -0.3535545 -0.1485856 0.9235376 -0.7068287 0.6849967 -0.1765583 -0.2695893 -0.07229906 0.9602575 -0.3934324 -0.1858126 0.9003803 0.1716192 0.2946138 0.9400796 0.1713254 0.2944801 0.9401751 -0.2696378 -0.07236748 0.9602388 0.5560036 0.5644112 0.6101641 0.6890237 0.6343405 0.3505117 0.5559129 0.564296 0.6103533 0.6989834 0.6382269 0.3226279 0.6890238 0.6343386 0.350515 0.7565076 0.6484233 0.08510905 0.6989834 0.6382256 0.3226304 0.739434 0.5604953 -0.3729376 0.7565287 0.6484995 0.08433705 0.5560995 0.3453614 -0.7559622 0.7390552 0.5602841 -0.3740043 0.25273 0.05725103 -0.9658415 0.5558347 0.3451946 -0.7562332 0.07833653 -0.09335643 -0.9925463 0.2527065 0.05723643 -0.9658486 -0.7059644 0.6981416 -0.1192165 -0.7032939 0.6999458 -0.1243123 0.0783357 -0.09335714 -0.9925462 0.0783357 -0.0933566 -0.9925463 -0.07833623 0.09335714 0.9925463 0.07832777 -0.09334617 -0.9925479 -0.07833629 0.0933572 0.9925462 -0.078336 0.09335541 0.9925464 0.1016459 0.2400345 0.9654282 -0.07833623 0.09335744 0.9925462 0.435138 0.4865469 0.7575797 0.1016516 0.2400407 0.965426 0.6747756 0.6282666 0.3872455 0.4351572 0.4865678 0.7575553 0.7473263 0.6495292 0.1400539 0.6747825 0.6282752 0.3872196 0.7557674 0.6486102 0.09011358 0.7473252 0.649531 0.1400523 0.7660394 0.6105689 -0.2009708 0.7557684 0.6486085 0.0901184 0.6130064 0.4056316 -0.6780018 0.6130916 0.4058117 -0.6778168 0.766046 0.610572 -0.2009361 0.2798681 0.08158111 -0.956566 0.07833653 -0.09335803 -0.9925461 0.2800744 0.08169931 -0.9564956 0.07833558 -0.09335601 -0.9925463 0.07833468 -0.09335827 -0.9925462 -0.08365482 -0.2257622 -0.970584 0.07833647 -0.0933572 -0.9925462 -0.08365666 -0.2257626 -0.9705838 -0.5170637 0.8549072 -0.04217827 -0.7660446 -0.6427876 -3.87322e-7 -0.5256159 0.848397 -0.06285393 -0.7645829 -0.6442968 0.01716673 -0.7647687 -0.6438722 0.02361094 -0.5219184 0.8529362 -0.01005685 -0.7660447 -0.6427874 5.27688e-7 -0.5249511 0.8503351 -0.03683561 -0.5206972 0.8537414 3.11384e-4 0.5229353 0.5567184 0.6454482 -0.5197808 0.8542203 -0.0116502 -0.2817723 0.335815 0.8987952 -0.2817807 0.335811 0.8987941 -0.2817797 0.3358044 0.8987968 0.5667678 0.5758526 0.5892097 0.5554228 0.5583909 0.6162022 -0.5374716 0.8432148 0.01064562 0.4834364 0.5192623 0.7047383 0.5204414 0.5419263 0.6598915 -0.5519844 0.8338023 0.009335875 -0.555388 0.8315913 -4.10018e-4 0.4565736 0.4987245 0.7367594 -0.5543715 0.832143 0.01450043 0.4838529 0.5234181 0.7013701 -0.5500103 0.8350045 -0.01600474 -0.5522393 0.8336015 -0.01184517 -0.5461617 0.8366816 -0.04088419 -0.5500104 0.835004 -0.01603674 -0.5237197 0.8496761 -0.0613873 -0.5254229 0.8485944 -0.06179207 -0.5428665 0.8392792 -0.03010588 -0.5459217 0.8366105 -0.04530566 -0.5466364 0.8356211 -0.05409449 -0.5464758 0.8359014 -0.05131316 -0.5473794 0.8354779 -0.04850363 -0.5325245 0.844382 -0.05862563 -0.5446566 0.8335192 -0.09270948 -0.5232538 0.8477708 -0.08654522 -0.5294321 0.8437672 -0.0880838 -0.516785 0.8527224 -0.07614344 -0.5258771 0.8481687 -0.06374353 -0.5265527 0.8469957 -0.07308053 -0.7528061 -0.6438588 0.1368541 -0.5230572 0.8460799 -0.1027624 -0.749649 -0.6427657 0.1577299 -0.5202335 0.8498831 -0.08399945 -0.5248229 0.845498 -0.09845906 -0.7560281 -0.6446171 0.1135365 -0.7555059 -0.6447728 0.1160985 -0.7611692 -0.6451433 0.06642127 -0.7605061 -0.6455155 0.07028722 -0.5246959 0.8442285 -0.1094201 -0.5253635 0.8426986 -0.1176963 -0.5242565 0.8385039 -0.1485478 -0.313687 0.4998955 -0.8072826 -0.5338518 0.8378725 -0.1138958 -0.7419714 -0.6399765 0.1997717 -0.7488565 -0.6428732 0.1610219 -0.5552214 0.8315604 0.01538264 0.4112114 0.4821768 0.7735701 0.4537766 0.4934414 0.7420259 -0.6380062 0.7603215 -0.1218991 0.3443838 0.440043 0.8293142 -0.5638052 0.8249074 0.04063844 0.410445 0.4757575 0.7779395 0.3773028 0.4426677 0.8134421 0.295765 0.3904234 0.871833 0.336594 0.41558 0.8449839 -0.5883241 0.8076468 0.03976696 -0.6379764 0.7603608 -0.1218103 0.2605376 0.3623049 0.8949053 -0.5912632 0.8044763 0.05679595 0.2947987 0.3870194 0.8736761 -0.5843033 0.8114501 0.01177561 -0.5911086 0.8059914 0.03111988 -0.5938912 0.8030687 0.04872423 0.6379882 -0.7603425 0.121863 -0.5641873 0.8226615 0.07014858 -0.5805965 0.8139582 0.01949274 -0.584145 0.8116375 0.004404306 -0.586021 0.8102449 -0.009090542 -0.5868854 0.8093305 -0.02344638 -0.5880687 0.8087895 -0.005897045 -0.5726317 0.8197203 -0.01231467 -0.5632621 0.8261717 -0.01327228 -0.5898958 -0.5846862 -0.5569247 0.6379956 -0.7603352 0.121869 -0.7360764 -0.6487126 -0.193297 -0.5934129 -0.586236 -0.5515329 -0.7664927 -0.6118451 0.1952807 -0.7360274 -0.6487145 -0.1934766 -0.7667 -0.612161 0.1934686 -0.7280524 -0.5440558 0.4170648 -0.5584341 0.8278077 -0.05371987 -0.6632987 -0.4625618 0.5882784 -0.6817047 -0.4810054 0.5512826 -0.5611655 0.8243488 -0.0744487 -0.5764722 0.8133583 -0.07828307 -0.5575636 0.8268893 -0.07332706 -0.5528896 0.8305179 -0.0674768 -0.5508241 0.8325569 -0.05866771 -0.5477402 0.8357419 -0.03894048 -0.5412302 0.8408277 0.008885264 -0.5393477 0.841787 0.02233374 -0.5814393 0.8109554 -0.06542068 -0.5839033 0.8069561 -0.08876281 -0.5654416 0.8228113 -0.05707502 -0.5712861 0.8182798 -0.06364387 0.4208263 0.13222 -0.8974537 -0.5764104 0.8162676 -0.03818875 -0.5764068 0.8162672 -0.03825187 -0.5764148 0.8162645 -0.03818887 -0.5764078 0.8162681 -0.03821498 0.3169167 0.1151518 -0.9414373 0.4600356 0.2495542 -0.8521091 0.3239537 0.1213208 -0.9382619 0.575046 0.3652475 -0.7320631 0.4602583 0.2495763 -0.8519825 0.5153868 0.3040416 -0.8012086 0.5751134 0.3652505 -0.7320086 0.2364968 0.04285687 -0.9706867 0.5153962 0.304049 -0.8011997 0.07833439 -0.0933575 -0.9925463 0.2364876 0.04285305 -0.9706891 0.0783382 -0.09335666 -0.9925461 0.0783261 -0.09335881 -0.9925469 0.07833445 -0.09335786 -0.9925463 -0.1300277 -0.2623628 -0.9561687 0.07833451 -0.09335714 -0.9925464 -0.5069746 -0.5345082 -0.6762233 -0.1322458 -0.2634219 -0.9555731 -0.7345785 -0.648342 -0.2001177 -0.5084743 -0.5349342 -0.6747587 -0.7699925 -0.6316536 0.09014129 -0.7344207 -0.6483951 -0.2005248 -0.7671361 -0.6259449 0.1403395 -0.7695824 -0.6241335 0.134909 -0.7699924 -0.6316537 0.09014099 -0.736183 -0.5558508 0.3860889 -0.7686465 -0.6193074 0.1601285 -0.5559732 -0.3453356 0.7560669 -0.5559947 -0.3453479 0.7560455 -0.7361872 -0.5558664 0.3860583 -0.2548334 -0.05912101 0.965176 -0.07833641 0.09335744 0.9925462 -0.2548527 -0.05914604 0.9651694 -0.535136 0.8363391 -0.1190232 -0.5628117 0.8165379 -0.1284876 -0.5690078 0.813759 -0.1184334 0.07833248 -0.09335112 -0.992547 -0.07833588 0.09335774 0.9925462 -0.07833635 0.09335786 0.9925462 -0.5463092 0.8328931 -0.08851772 0.07833898 -0.09335845 -0.9925459 0.07833576 -0.09335726 -0.9925462 -0.5280773 0.8481889 -0.04135423 -0.1007452 -0.2393229 -0.9656993 -0.531332 0.8374688 -0.1277981 0.07833671 -0.09335732 -0.9925462 -0.5301415 0.8388991 -0.1232815 -0.4321957 -0.496694 -0.7526633 -0.1698622 -0.2748188 -0.9463728 -0.5292113 0.8376181 -0.1353942 -0.6745315 -0.6386529 -0.3703103 -0.5863187 -0.5597724 -0.5855641 -0.527582 0.837374 -0.1430457 -0.7825225 -0.6172227 0.08182203 -0.5244202 0.8377782 -0.1520243 -0.7499154 -0.5775444 0.3225978 -0.766315 -0.6424557 0.003470301 -0.5299704 0.8338868 -0.1541567 -0.7470572 -0.5727724 0.3373981 -0.5308919 0.8355668 -0.1413575 -0.7499151 -0.5775467 0.3225943 -0.5369245 0.827288 -0.1652474 -0.5248887 0.8359584 -0.1602049 -0.5298579 0.8337563 -0.1552451 -0.7444546 -0.5676329 0.3515397 -0.6855369 -0.6105546 0.3965631 0.6380017 -0.7603304 0.1218671 -0.6379961 0.760335 -0.1218677 -0.5321658 0.8302847 -0.1656112 -0.5381617 0.8250419 -0.1723023 -0.5478165 0.8151279 -0.1883178 -0.5484762 0.817903 -0.1738067 -0.5545672 0.8170512 -0.1577423 -0.6769911 -0.6067571 0.4165681 -0.7041413 -0.6211924 0.3439551 -0.6928015 -0.6162931 0.3744449 -0.7174951 -0.6283159 0.3006992 -0.707319 -0.6239342 0.3322741 -0.7303799 -0.6352063 0.251114 -0.7198231 -0.6306059 0.2901569 -0.7405209 -0.640017 0.2049563 -0.730923 -0.6358399 0.2479099 -0.5493531 0.8179221 -0.1709228 -0.5490545 0.8180014 -0.1715022 -0.6656033 -0.5982806 0.4461307 -0.6528381 -0.4501444 0.6092393 -0.7443554 -0.5684081 0.3504958 -0.3217533 -0.1195586 0.9392447 -0.3222832 -0.1198439 0.9390267 -0.6529054 -0.4503063 0.6090474 -0.550206 0.6840119 -0.4789585 0.116874 0.252157 0.9606027 -0.5592479 0.813625 -0.1589218 -0.563374 0.8005846 -0.2041421 0.2555233 0.358332 0.8979455 0.1166142 0.2518361 0.9607184 -0.5633721 0.8005734 -0.2041916 0.1029661 0.2411222 0.9650171 0.2692826 0.3954391 0.8781314 0.2072038 0.3219862 0.923792 0.1032363 0.2411472 0.9649821 -0.5631489 0.8003005 -0.2058699 -0.05526846 0.1125953 0.9921028 -0.1585726 0.02524656 0.9870245 -0.05541396 0.1121918 0.9921404 -0.5779486 0.7989298 -0.1663933 -0.5631921 0.8007348 -0.2040551 -0.2257502 -0.05941826 0.9723715 -0.5632225 0.806376 -0.1803836 -0.5690478 0.8021159 -0.1810936 -0.585237 0.791149 -0.1777102 -0.5816545 0.7938228 -0.1775486 -0.5820024 0.791772 -0.1853931 -0.5795581 0.7898121 -0.2007722 -0.5507991 0.7708928 -0.3199136 -0.189081 -0.2968679 -0.9360117 -0.0372467 -0.1885492 -0.9813572 -0.3533678 -0.4299058 -0.8308503 -0.07292866 -0.2169407 -0.9734568 -0.5448957 0.8174596 -0.1866781 -0.5877092 -0.5835235 -0.5604447 -0.3607007 -0.4343789 -0.8253545 -0.5438886 0.8153311 -0.1985461 -0.7345465 -0.6486254 -0.1993151 -0.5454642 0.8173629 -0.185437 -0.5935192 -0.5861004 -0.5515627 -0.540121 0.8153786 -0.2083919 -0.7668792 -0.6132706 0.1891971 -0.7361611 -0.648555 -0.1935027 -0.5435944 0.8114577 -0.2145736 -0.7159706 -0.5275959 0.4571964 -0.5480678 0.813309 -0.195321 -0.7667423 -0.6121107 0.1934599 -0.5483568 0.8076692 -0.2167382 -0.5480024 0.8079565 -0.2165635 -0.5458303 0.8115684 -0.2083896 -0.6445475 -0.4408323 0.6246803 -0.6823779 -0.4801999 0.551152 -0.5738056 -0.5375799 0.6178632 -0.5561867 -0.5257931 0.6435821 -0.55171 0.804439 -0.2202136 -0.5642105 -0.5319669 0.6314092 -0.5954472 -0.552517 0.583239 -0.5923759 -0.5509098 0.5878685 -0.6203555 -0.5695428 0.5392404 -0.6174037 -0.5680778 0.5441511 -0.6471979 -0.58669 0.4867545 -0.6395159 -0.5830651 0.5010535 -0.6595345 -0.5955094 0.4586751 -0.5366663 -0.5114636 0.6711142 -0.487429 -0.2764167 0.8282554 -0.4908203 -0.2793039 0.8252785 -0.2244941 -0.03203409 0.9739488 0.06741124 0.2128046 0.9747666 -0.2264446 -0.03398519 0.973431 0.3456975 0.4237863 0.8371969 0.07252061 0.2174246 0.9733793 0.5758451 0.5752186 0.5809699 0.3598481 0.4353826 0.8251979 0.7236901 0.6451318 0.2451077 0.5926344 0.5871648 0.5513818 0.7709003 0.6280729 -0.1060059 0.735015 0.6499187 0.1932839 0.726219 0.5382552 -0.4276534 0.7650297 0.614147 -0.1937865 0.6033029 0.392279 -0.694365 0.6785369 0.4847776 -0.5518862 0.421346 0.2103472 -0.8821687 0.4888633 0.2816336 -0.8256484 0.1973038 0.01143747 -0.9802758 0.2264481 0.03398668 -0.9734302 -0.3660371 -0.159529 0.9168246 -0.2146971 -0.024311 0.9763782 -0.5017104 -0.289801 0.8150475 -0.3664582 -0.1611594 0.9163712 -0.6143844 -0.4069094 0.6759856 -0.5170971 -0.3059724 0.7993695 -0.484524 -0.2027852 0.8509492 -0.5516619 -0.340886 0.7612266 -0.6144027 -0.4072278 0.6757774 -0.2526762 -0.05718713 0.9658594 -0.5517091 -0.3409625 0.7611582 -0.2527348 -0.05726104 0.9658397 -0.43415 -0.4362067 0.7881861 -0.414384 -0.4235154 0.8055561 -0.4724549 -0.4646704 0.7489112 -0.4691451 -0.462606 0.7522624 -0.5077248 -0.4903394 0.7083663 -0.5025838 -0.4872302 0.7141543 -0.5344805 -0.5101921 0.6738209 0.006832122 -0.08252853 0.9965654 -0.04481077 -0.1304381 0.9904433 -0.619318 0.735263 -0.275379 0.4138194 0.4719899 0.7784466 0.4137284 0.4719606 0.7785127 -0.6223554 0.7394867 -0.2565799 0.709447 0.6419307 0.2908777 0.4472249 -0.4141914 -0.7927393 -0.6213504 0.7404988 -0.2560963 -0.6151237 0.7380492 -0.2773198 0.7094383 0.6419214 0.2909199 -0.7606185 -0.5975617 0.2537314 -0.7660472 -0.6427843 5.52892e-6 -0.5978095 -0.3893635 0.7007281 -0.7606206 -0.5974862 0.2539028 -0.6217907 0.743387 -0.2464793 -0.2726992 -0.07511973 0.9591622 -0.5976966 -0.3891437 0.7009466 0.07817655 -0.09322071 -0.9925716 -0.07833534 0.09335803 0.9925462 -0.6519919 0.7326391 -0.1953119 -0.2726209 -0.07501262 0.9591929 -0.07833689 0.09335708 0.9925462 -0.0783354 0.09335839 0.9925462 -0.07833558 0.09335732 0.9925462 -0.6629067 0.7250383 -0.1867468 0.09998798 0.238722 0.9659267 -0.07833659 0.09335559 0.9925464 -0.6685702 0.7206635 -0.1834614 0.4313293 0.4839676 0.7614003 0.09999161 0.2387256 0.9659253 -0.6906718 0.693969 -0.2034198 0.5094861 0.5354704 0.6735693 -0.6781214 0.7126361 -0.1797253 0.4313262 0.4839649 0.7614039 0.3844066 0.4513288 0.805316 0.5095587 0.5358055 0.6732477 -0.6804305 0.7102125 -0.18059 0.3135547 0.4010869 0.8607048 -0.7033504 0.693658 -0.1553607 0.3828577 0.4465081 0.8087339 -0.6723749 0.7083289 -0.2149006 -0.6666131 0.7145119 -0.2123669 -0.6649433 0.7166261 -0.2104699 -0.6633852 0.7451624 0.06821286 -0.6786712 0.7146139 -0.1695069 -0.6766325 0.7116316 -0.1890739 -0.6737266 0.7116651 -0.199061 0.7489095 0.5278854 -0.4005891 -0.6723171 0.7079234 -0.2164126 0.7054299 0.5136423 -0.488406 -0.6658896 0.7156878 -0.2106702 -0.6688048 0.7095614 -0.2218623 -0.6702749 0.7034063 -0.2365401 -0.66983 0.6908453 -0.2721406 0.6451022 0.441328 -0.6237571 0.7176514 0.5297214 -0.4520748 0.2985714 0.09836673 -0.9493046 0.6450907 0.4413219 -0.6237732 0.07833808 -0.09335607 -0.9925462 0.2985578 0.09835743 -0.9493098 0.07833445 -0.09335768 -0.9925463 0.07833552 -0.09335714 -0.9925463 -0.1204689 -0.2548698 -0.9594419 0.07833349 -0.09335833 -0.9925463 0.6379948 -0.7603362 0.1218665 -0.4858872 -0.5203493 -0.7022467 -0.1207391 -0.255 -0.9593732 -0.7202397 -0.6452537 -0.2547599 -0.4862811 -0.5204684 -0.7018857 -0.7660428 -0.6427897 -2.98895e-6 -0.7203324 -0.645235 -0.2545447 -0.7660444 -0.6427878 -4.71863e-7 -0.7660439 -0.6427884 -1.04831e-6 -0.75498 -0.5864875 0.2933218 -0.7660438 -0.6427885 -4.5632e-7 -0.5381714 -0.3263059 0.7771076 -0.7549721 -0.5875319 0.2912445 -0.1329354 0.04671269 0.9900233 -0.5385298 -0.3269753 0.7765778 -0.6404548 0.720925 -0.2647352 0.1292663 0.2617677 0.956435 -0.1320902 0.04785704 0.9900819 -0.6452236 0.7157239 -0.2672561 -0.6478112 0.7059299 -0.2863627 0.1784991 0.2999763 0.9370978 -0.6578336 0.7122461 -0.2448683 0.1399855 0.2845245 0.9483934 0.1828961 0.06347489 0.9810811 -0.6331264 0.7564409 -0.1641592 0.2311723 0.1068219 0.9670308 0.1468321 0.03010219 0.9887034 0.08809697 -0.01660317 0.9959735 0.1591649 0.04282402 0.9863228 0.05922943 -0.04337197 0.9973018 0.319088 0.1846983 0.9295533 0.254944 0.1245532 0.9589005 -0.6541727 0.7083662 -0.2650952 0.2425493 0.3486442 0.905327 -0.6653264 0.7002298 -0.2588803 0.486298 0.5205412 0.7018199 -0.6685531 0.703481 -0.241146 0.2425464 0.3486291 0.9053337 -0.6689931 0.7017506 -0.2449375 0.7417335 0.6493068 0.1680242 0.7417063 0.6493207 0.1680902 0.4862851 0.5205235 0.701842 -0.6742761 0.7015379 -0.2306435 0.7246416 0.5392901 -0.4290231 0.6541616 0.4516634 -0.60669 0.7246555 0.5392946 -0.4289941 0.654169 0.4516648 -0.606681 0.2346637 0.3430975 0.9095149 0.2359112 0.3432068 0.9091507 0.07891047 0.2221284 0.9718191 0.079728 0.2222403 0.9717267 -0.09368556 0.1012039 0.9904448 -0.05022978 0.1167473 0.9918907 -0.242832 -0.04832959 0.9688637 -0.1314758 0.04832875 0.9901406 -0.2429165 -0.04866647 0.9688256 0.4832798 0.2717561 -0.8322196 0.4903922 0.2798212 -0.8253579 0.2221618 0.03065824 -0.9745277 -0.06995087 -0.2148345 -0.9741422 0.2264481 0.03398692 -0.9734301 -0.3537138 -0.430162 -0.8305703 -0.07293254 -0.2169356 -0.9734576 -0.589072 -0.5842568 -0.5582457 -0.3606713 -0.4344145 -0.8253487 -0.7357962 -0.6487101 -0.1943688 -0.5934407 -0.5861995 -0.5515418 -0.7665061 -0.6119061 0.1950373 -0.7360395 -0.6486988 -0.1934831 -0.7666853 -0.6121773 0.1934751 -0.6785052 -0.4806786 0.5554988 -0.6804236 -0.4825397 0.5515245 -0.4858462 -0.2749123 0.8296847 -0.4908898 -0.2792186 0.8252662 -0.224035 -0.0315752 0.9740695 -0.2264463 -0.03398519 0.9734306 0.4733088 0.3232495 0.8194441 0.48031 0.3283242 0.81333 0.4012651 0.2579628 0.8788866 0.4164359 0.2692301 0.8683872 0.341708 0.2015515 0.9179394 -0.6380022 0.7603315 -0.1218578 0.2024887 0.3306827 0.9217632 0.2556054 0.3528491 0.9000908 0.1250913 0.2743771 0.9534513 0.2027046 0.332769 0.9209645 0.1696097 0.2872012 0.9427344 0.09331375 0.2328372 0.9680287 0.1211268 0.2583014 0.9584408 -0.6074674 0.793777 0.03002703 -0.6182379 0.7852423 0.03430145 -0.2061244 -0.2817788 -0.9370771 -0.1424748 -0.2721698 -0.9516431 -0.3950331 -0.4590183 -0.7957708 -0.1625604 -0.2876856 -0.9438279 -0.6775304 -0.6295013 -0.3803694 -0.6775084 -0.6294771 -0.3804485 -0.3949941 -0.4590089 -0.7957955 -0.7693143 -0.6225125 0.1436444 -0.7693225 -0.6225132 0.1435977 -0.6426056 -0.4384974 0.6283138 -0.5590885 -0.3485547 0.752283 -0.6426126 -0.4385121 0.6282963 -0.5942702 0.8041179 -0.01541012 -0.5962384 0.8026541 -0.01569098 -0.5836732 0.8119778 0.004220128 -0.5765913 -0.4592775 0.6757268 -0.5942323 0.8032165 -0.04160976 -0.6569092 0.7398056 -0.1454579 -0.6056199 0.7937833 -0.05597174 -0.5982241 0.8002618 -0.04133963 -0.5955077 0.8026906 -0.03253585 -0.5947565 0.8035886 -0.02258896 -0.5969024 0.8023138 3.64464e-4 -0.601297 0.7988504 -0.01673686 -0.6074525 0.794051 -0.02201181 -0.6125024 0.7899565 -0.02845603 -0.6215854 0.7820764 -0.04459095 -0.594888 0.8008975 -0.06834876 -0.581869 0.8065019 -0.1048017 -0.5876755 0.806225 -0.06810855 -0.623418 0.7811949 -0.03293365 -0.6142899 0.7873826 -0.05173665 -0.6069053 0.7925037 -0.06003296 -0.6022737 0.7957231 -0.06396365 -0.2560296 -0.399697 -0.8801655 -0.5763006 0.816338 -0.03834033 -0.3516502 -0.4284676 -0.8323208 -0.1574102 -0.2836495 -0.9459202 -0.3137394 -0.4012429 -0.8605648 0.006463408 -0.1528938 -0.9882215 -0.1572404 -0.2836378 -0.9459519 0.1698727 -0.01528292 -0.9853475 0.006723761 -0.1528676 -0.9882238 0.05810737 -0.0278359 -0.9979223 0.1755316 -0.01062607 -0.9844165 -0.4862133 -0.275252 0.829357 -0.4908819 -0.2792358 0.8252651 -0.2241823 -0.03172701 0.9740307 0.04521852 0.1949824 0.9797639 -0.2264453 -0.03398466 0.9734309 0.2862469 0.3794249 0.8798294 0.07164543 0.2184653 0.9732112 0.4978221 0.5256912 0.6897985 0.3586343 0.4368391 0.8249564 0.6608824 0.6197681 0.4232281 0.5914659 0.5885416 0.5511686 0.7546697 0.6479583 0.1030722 0.7344475 0.6505935 0.1931712 0.7625722 0.5999474 -0.2419647 0.7655377 0.6135442 -0.1936899 0.6698411 0.468846 -0.5757572 0.6798091 0.4832676 -0.5516449 0.4798944 0.2683938 -0.8352641 0.4902116 0.2800345 -0.825393 0.2218136 0.03040099 -0.9746151 -0.07022583 -0.2150554 -0.9740738 0.2264454 0.03398573 -0.9734309 -0.3545562 -0.4307428 -0.8299101 -0.07292717 -0.216949 -0.9734551 -0.360644 -0.4344381 -0.8253481 0.03832656 0.210316 0.9768819 0.08037251 0.2188084 0.9724522 0.03230237 0.186975 0.9818335 -0.01026141 0.1478174 0.9889615 0.5967356 0.3880295 -0.7023815 0.5969997 0.3885353 -0.7018773 0.2717152 0.0743125 -0.9595043 0.07833629 -0.09335738 -0.9925462 0.2720584 0.0745092 -0.9593918 0.07833504 -0.09335756 -0.9925463 0.07833534 -0.09335756 -0.9925462 0.07833504 -0.09335744 -0.9925463 -0.08369898 -0.2257988 -0.9705718 0.07833904 -0.09335666 -0.9925461 -0.3892804 -0.4550193 -0.8008859 -0.08370459 -0.2258 -0.9705709 -0.4558341 -0.5004626 -0.7360384 -0.3893036 -0.4550306 -0.8008683 -0.4557998 -0.5004649 -0.7360581 -0.6694048 -0.4693991 0.575814 -0.5678029 -0.3576033 0.741431 -0.6030045 -0.3948831 0.6931471 -0.6694038 -0.4694094 0.5758069 -0.2767046 -0.07867413 0.9577291 -0.602998 -0.3948778 0.6931558 0.07832962 -0.09313023 -0.992568 -0.07833486 0.09335863 0.9925462 -0.2766968 -0.07866835 0.9577318 -0.07833582 0.09335613 0.9925464 -0.07833576 0.09335625 0.9925463 -0.07833892 0.09335398 0.9925463 0.1201944 0.2546504 0.9595345 -0.07833689 0.09335803 0.9925461 0.4855927 0.5200725 0.7026553 0.4855078 0.5200451 0.7027343 0.1201455 0.2545987 0.9595544 0.7202116 0.6452095 0.2549508 0.7660449 0.6427873 1.01729e-6 0.7202016 0.6451999 0.2550035 0.7660457 0.6427862 4.157e-6 0.7660461 0.6427857 4.08055e-6 0.757402 0.5910682 -0.2774541 0.766043 0.6427893 -2.77246e-6 0.5603535 0.349855 -0.7507367 0.7573981 0.591064 -0.2774736 0.185811 -0.001446485 -0.9825845 0.5606377 0.3500086 -0.7504528 -0.0733686 -0.2175672 -0.9732839 0.1862174 -0.001225769 -0.9825078 -0.0866869 -0.2280648 -0.9697793 -0.01373583 -0.2241448 -0.9744591 -0.5829398 0.8031605 -0.1229413 0.07833594 -0.09335762 -0.9925462 0.07833671 -0.09335714 -0.9925462 0.07833582 -0.09335792 -0.9925462 -0.07833725 0.09335666 0.9925462 -0.07833564 0.0933572 0.9925462 -0.0783357 0.0933569 0.9925463 -0.07833594 0.09335803 0.9925462 -0.07834029 0.09335291 0.9925463 -0.6873399 0.7157868 -0.1233415 0.07833462 -0.09335809 -0.9925463 0.0783357 -0.0933572 -0.9925462 0.07833647 -0.0933572 -0.9925462 -0.07833611 0.09335738 0.9925462 -0.078336 0.09335815 0.9925462 -0.07833611 0.09335726 0.9925463 -0.07833713 0.09335696 0.9925462 0.6234304 -0.7278305 0.2856525 -0.03355526 0.130663 0.9908589 0.6117148 -0.7378265 0.2853367 -0.1029742 0.0698015 0.992232 -0.1014372 0.07390141 0.9920933 0.6378005 -0.7194308 0.2750091 0.05068457 0.1970109 0.9790903 -0.03560882 0.08940124 0.995359 -0.009392678 0.151983 0.9883385 0.6410366 -0.7156581 0.2773185 0.6448224 -0.7114407 0.2793856 0.629439 -0.7234723 0.2835392 0.6332082 -0.7211066 0.281163 0.08884692 0.2405362 0.9665654 0.04760301 0.1773267 0.9830001 0.6655351 -0.7014373 0.2550467 0.6763592 -0.6890102 0.2603906 0.6946418 -0.673636 0.2523636 0.6631706 -0.7029817 0.2569469 0.6531084 -0.7111341 0.2602648 0.6427317 -0.7156125 0.2734865 0.6780874 -0.6897967 0.2537283 0.6679973 -0.692068 0.273535 0.6534408 -0.7021724 0.2827882 0.6526739 -0.7124611 0.2577134 0.5357912 0.3251743 -0.7792238 0.6667189 -0.7095144 0.2282001 0.6648613 -0.7079058 0.2383881 0.6107246 -0.7194717 0.3307205 0.4641271 0.2530989 -0.8488386 0.5012898 0.2863334 -0.8165303 0.6496012 -0.7191212 0.2467446 0.6323456 0.4280292 -0.6457012 0.6663302 -0.7120159 0.2214441 0.6257505 0.4187352 -0.6581012 0.6568488 -0.71902 0.2270682 0.7190338 0.5326181 -0.4464398 0.6649028 -0.7161018 0.2123739 0.7151489 0.5252462 -0.461171 0.6455655 -0.7315607 0.2192355 0.7637065 0.6057614 -0.2231721 0.6575753 -0.724306 0.2073054 0.7629389 0.6012808 -0.2374569 0.6550819 -0.7272431 0.204903 0.7647268 0.644237 0.01232236 0.7663908 0.6423748 6.67135e-5 0.6544322 -0.7313365 0.192004 0.7221918 0.64605 0.2470996 0.6576095 -0.7289416 0.1902471 0.7253236 0.6461117 0.2375823 0.6627963 -0.7262338 0.1824435 0.6386812 0.6111488 0.4675291 0.6421148 0.6122807 0.4613034 0.6706339 -0.7207914 0.1752427 0.5192716 0.5417585 0.6609501 0.6666377 -0.7233784 0.1797717 0.663236 -0.724765 0.1866385 0.6556889 -0.7259392 0.2075676 0.5215911 0.5428684 0.6582072 0.6771514 -0.716567 0.1673255 0.370673 0.4418701 0.8169164 0.6706779 -0.7210268 0.174102 0.6846907 -0.7108424 0.1609406 0.2000247 0.3165517 0.927246 0.6769807 -0.7164567 0.1684847 0.3707359 0.4419245 0.8168585 0.6928248 -0.703909 0.1565442 0.0212906 0.1757619 0.9842025 0.6836706 -0.7109279 0.1648519 0.1984725 0.3151389 0.9280604 0.6960616 -0.7002428 0.1586142 0.6974029 -0.6988077 0.1590509 0.690369 -0.7049249 0.1627009 -0.0660811 0.09149789 0.9936103 0.691235 -0.6926532 0.2059751 0.7095335 -0.6884743 0.1502179 0.700919 -0.6951026 0.1598277 0.6545801 -0.7319782 0.1890314 0.6455714 -0.7344457 0.2093492 0.6314275 -0.7484173 0.2029063 0.6499459 -0.7304919 0.2096474 0.6567853 -0.7249146 0.2076825 0.6496741 -0.7365214 0.1883078 0.6416096 -0.7427017 0.1916545 0.627082 -0.7528886 0.1998177 0.7602143 0.5967249 -0.2568923 0.6408531 -0.7463599 0.1795946 0.760217 0.5967229 -0.2568892 0.6330097 -0.7497815 0.1926825 0.637987 -0.7603484 0.1218318 0.6268668 -0.7326999 0.2649317 0.6220111 -0.7393056 0.2579331 0.6096469 -0.7535122 0.2460693 0.6219161 -0.741268 0.2524724 0.6222378 -0.7473104 0.2331253 0.6663609 -0.727191 0.164792 0.6327354 -0.7425875 0.2195672 0.6251106 -0.7449276 0.2330657 0.598732 -0.7512179 0.2778339 0.6349016 -0.732376 0.2460193 0.620006 -0.7409436 0.2580603 0.6130778 -0.7441692 0.2652317 0.6036789 -0.7470827 0.2782793 0.5598633 -0.7533541 0.3449792 0.598544 -0.7509286 0.2790188 0.6091676 -0.7473679 0.2652472 -0.1500512 0.03272879 0.9881364 -0.1485403 0.03623354 0.9882424 0.5943849 -0.7539976 0.2796325 -0.2037307 -0.03672206 0.978338 -0.1925651 -0.004592299 0.9812735 0.619314 -0.7539971 0.2189493 0.6308095 -0.7483519 0.2050585 0.6283406 -0.7499866 0.2066601 0.6383955 -0.74575 0.1905472 0.6291795 -0.7530314 0.1925534 0.5788976 -0.7921375 0.1933799 0.6363672 -0.7548254 0.158983 0.6253435 -0.7628232 0.1644582 0.637744 -0.7554572 0.1502232 0.6241472 -0.7697968 0.133616 0.642439 -0.7557585 0.1268914 0.6398348 -0.757998 0.1266906 0.6484506 -0.7514931 0.1215323 0.6628353 -0.7405933 0.1103222 0.6640661 -0.7378001 0.1211088 0.6800679 -0.7222757 0.1257994 0.6421986 -0.7525001 0.1460297 0.6984073 -0.7076675 0.1069297 0.6748315 -0.7222415 0.1515582 0.6421455 -0.752478 0.1463769 0.6456695 -0.7549852 0.1144912 0.645136 -0.756474 0.1074556 0.6181908 -0.7799954 0.0971989 0.6400257 -0.7626897 0.09312164 0.6521291 -0.7535644 0.0828762 0.6087583 -0.7911348 0.05932259 0.6402842 -0.7657214 0.06088489 0.6441442 -0.762571 0.0596987 0.6530461 -0.7550561 0.05849111 0.6607617 -0.7485166 0.05583089 0.6693371 -0.7414566 0.04722338 0.6796599 -0.732568 0.03750544 0.6799224 -0.732691 0.02948796 0.6793602 -0.7310447 0.06358796 0.704659 -0.708569 0.03722542 0.6803557 -0.7292116 0.07325667 0.6851128 -0.7246401 0.07427817 0.7047483 -0.7084817 0.03719687 0.6840762 -0.7119194 0.1587782 0.6887784 -0.7196223 0.08790987 0.7047802 -0.7084597 0.0370109 0.63158 -0.762683 0.1393602 0.5679721 0.357797 -0.7412078 0.5010661 0.2891975 -0.8156578 0.4997781 0.2881436 -0.8168202 0.6508113 -0.7528684 0.09815263 0.6294796 0.4243026 -0.65094 0.6256133 0.4188973 -0.6581284 0.6614997 -0.7469239 0.06725311 0.7164627 0.5284245 -0.4554656 0.7149201 0.5255169 -0.4612171 0.6640864 -0.7459326 0.05073422 0.7628101 0.6025092 -0.2347413 0.7626519 0.6016249 -0.2375074 0.6586116 -0.7515624 0.03721475 0.7660883 0.6427356 -1.66303e-4 0.6623002 -0.7485253 0.03268575 0.6661083 -0.7454658 0.02409452 0.725664 0.646659 0.2350406 0.6522859 -0.7563648 0.04934996 0.7660831 0.6427416 3.51265e-6 0.6763724 -0.7363781 0.01636534 0.6438423 0.6136947 0.4569967 0.6748837 -0.7377203 0.01734435 0.6712204 -0.740924 0.02224659 0.6656209 -0.7454897 0.03455466 0.6594381 -0.7496728 0.05596405 0.7251337 0.6463351 0.2375545 0.6809456 -0.732296 0.00747478 0.5252711 0.5457284 0.6528943 0.6768745 -0.736043 0.009040117 0.6420544 0.6123578 0.4612854 0.68347 -0.7299524 -0.006198048 0.3761236 0.446208 0.8120527 0.5216603 0.5427817 0.6582238 0.637997 -0.760334 0.1218689 0.637994 -0.7603366 0.1218687 0.6851515 -0.728381 0.005340874 0.6941349 -0.7197437 -0.01207071 0.691584 -0.7221909 -0.01232552 0.7187483 -0.6945358 -0.03195106 0.6915784 -0.7222551 -0.00818175 0.6878557 -0.7258414 -0.002984821 0.2034277 0.319523 0.9254849 0.3709257 0.4417007 0.8168933 0.6727333 -0.7389423 -0.03734046 0.7084614 -0.7048689 -0.03524845 0.6751558 -0.7364974 -0.04166978 0.672948 -0.7319213 -0.1069222 0.6804676 -0.7319091 -0.03567928 0.687164 -0.7261883 -0.0213654 0.7003862 -0.7135557 -0.01725 0.7105401 -0.7029379 -0.03180003 0.7333145 -0.6747027 -0.08382207 0.7083988 -0.7055546 -0.0190773 0.6379797 -0.7603455 0.1218881 0.3387815 0.1309725 -0.9317046 0.6379814 -0.7603449 0.1218833 0.3776835 0.167088 -0.9107342 0.6379863 -0.7603403 0.1218863 0.3633785 0.1622882 -0.9173979 0.6379939 -0.7603325 0.121895 0.2834768 0.07299637 -0.9561969 0.3214711 0.1243607 -0.9387176 0.2089633 0.007023811 -0.9778983 0.2892565 0.07299989 -0.9544641 0.2346488 0.04687422 -0.9709495 0.6420158 -0.7654691 -0.04327785 0.6380019 -0.7603381 0.1218185 0.6380829 -0.7602428 0.1219885 0.162968 -0.02117824 -0.9864041 0.1930226 0.004046618 -0.981186 0.6450192 -0.76253 -0.04998129 -0.7602166 -0.5967231 0.2568899 0.6285302 -0.7775029 -0.02095079 0.6428031 -0.7654572 0.029657 0.6441563 -0.7647508 0.0148046 0.6307001 -0.7715759 0.08299392 0.6335402 -0.7714179 0.05950981 0.6365133 -0.770601 0.03201568 0.6200689 -0.7823007 0.05933254 0.6429595 -0.765332 0.02949839 0.6336705 -0.7725442 0.04046392 0.6238518 -0.7797166 0.05339461 0.6369748 -0.7653338 0.09234327 0.6496847 -0.7593106 0.03684371 0.6450811 -0.7623233 0.05228495 0.6403742 -0.7647956 0.07077145 0.632235 -0.7648293 0.1237548 0.6534844 -0.7523902 0.08286875 0.6386097 -0.7633624 0.09724074 0.6349378 -0.764957 0.1081427 0.6317853 -0.7590037 0.1573554 0.6367322 -0.7613422 0.1221897 0.6271837 -0.7684953 0.1267101 0.6118329 -0.7791996 0.1360456 0.6444376 -0.7598087 0.08597075 0.630878 -0.7645879 0.1319023 0.6294991 -0.7642223 0.1403395 0.7661458 0.6426668 2.25528e-5 0.632111 -0.7506389 0.1922944 0.6077439 -0.7663953 0.2080518 0.6005844 -0.7728939 0.204777 0.61123 -0.7633758 0.2089389 0.6174551 -0.7584855 0.2084444 0.6197427 -0.7618566 0.188398 0.6125954 -0.7677972 0.1876547 0.6046442 -0.7731577 0.1913969 0.5937655 -0.7789207 0.2018052 0.5814647 -0.7847428 0.2146568 0.6365703 -0.7602495 0.1296116 0.6120409 -0.7713468 0.1744422 0.6055424 -0.768346 0.2072748 0.6361175 -0.7497532 0.1822765 0.6073818 -0.7675753 0.204733 0.5875393 -0.7651727 0.263265 0.5747788 -0.7772293 0.2560155 0.4947943 -0.7742235 0.3946603 0.5717839 -0.776387 0.2651162 0.5785912 -0.7646271 0.283862 0.5593705 -0.7829678 0.2721512 0.5584643 -0.7839927 0.2710593 0.5452618 -0.787437 0.2874589 0.5601754 -0.7840163 0.2674359 -0.2855536 -0.09634697 0.9535075 0.6379706 -0.7603476 0.1219233 -0.3329251 -0.1297081 0.9339897 -0.326592 -0.1182585 0.9377381 -0.281103 -0.08275616 0.9561027 -0.2374325 -0.0435552 0.9704272 0.6380006 -0.7603317 0.1218649 -0.3859058 -0.1789754 0.9050108 -0.3839453 -0.2230905 0.8960004 -0.3655702 -0.1596784 0.9169849 0.5708707 -0.7777459 0.2630934 0.5757861 -0.7795156 0.2466293 0.5787173 -0.7780302 0.2444489 0.5829242 -0.7765234 0.2391878 0.5879406 -0.7743958 0.2337456 0.5850835 -0.7763749 0.2343488 0.5919602 -0.7736355 0.2259898 0.5959562 -0.7724103 0.2195878 0.591957 -0.7736418 0.2259761 0.6004537 -0.7707174 0.2131901 0.596874 -0.7727645 0.215816 0.5853412 -0.787296 0.1937541 0.6006627 -0.7845712 0.1537935 0.5620444 -0.8013283 0.2048885 0.5934025 -0.7868949 0.1693219 0.5856736 -0.7933138 0.1662524 0.5780463 -0.8021348 0.1498075 0.5619345 -0.8012799 0.2053782 0.5620453 -0.8012742 0.2050968 -0.5270525 -0.3224663 0.7862767 -0.4593544 -0.2482488 0.8528577 -0.6175513 -0.4096364 0.6714376 -0.4991822 -0.2888488 0.8169355 -0.7100696 -0.518581 0.4763138 -0.6249079 -0.4197398 0.6582619 -0.761097 -0.5971986 0.2531506 -0.7142871 -0.5262673 0.4613425 -0.7675208 -0.6408551 0.01472038 -0.7621417 -0.6022326 0.237605 -0.7287075 -0.6467912 -0.225048 -0.765689 -0.6432109 6.49571e-5 -0.6467132 -0.6144502 -0.4518995 -0.7247303 -0.6468165 -0.2374754 -0.5262698 -0.5456109 -0.6521878 -0.6416473 -0.6128413 -0.4612097 -0.3745521 -0.4443463 -0.813798 -0.5212641 -0.5432574 -0.6581452 -0.2007394 -0.3167895 -0.9270103 -0.3705773 -0.4421102 -0.8168299 -0.01532769 -0.1706683 -0.9852094 -0.1983477 -0.3152883 -0.9280364 0.1124855 -0.06454211 -0.991555 -0.01456999 -0.1701555 -0.9853095 0.5461763 -0.7966432 0.2589427 0.2049759 0.01743286 -0.9786118 0.1443477 -0.03912562 -0.9887533 -0.44951 -0.2534523 0.8565645 0.638028 -0.7603192 0.1217998 -0.4925502 -0.2812259 0.8235936 0.5369144 -0.8036537 0.2566392 0.5235794 -0.8117645 0.2586562 0.6377143 -0.7605079 0.1222639 0.6379858 -0.7603408 0.121886 -0.4842988 -0.2675078 0.8330032 -0.4446099 -0.2343904 0.8645133 -0.5226517 -0.3342941 0.7842721 -0.5170217 -0.3058575 0.7994623 0.3505126 0.1485169 -0.9247073 0.24254 0.04703873 -0.9690003 0.5244165 -0.8126918 0.2540066 0.5074424 0.2991622 -0.8080869 0.3282598 0.1328872 -0.9351933 0.4170918 0.2068656 -0.8850092 0.5236232 -0.8180494 0.2379372 0.6322711 0.4304873 -0.6441382 0.4916009 0.2874656 -0.8220049 0.5655677 0.3538097 -0.744951 0.5181989 -0.8242908 0.2280674 0.7180688 0.5347506 -0.4454424 0.6238715 0.4239332 -0.6565555 0.6784939 0.4785104 -0.5573812 0.5097497 -0.8311316 0.2222062 0.7537883 0.584746 -0.2997922 0.7163645 0.5333105 -0.4498909 0.7483534 0.5728352 -0.3344057 0.5095727 -0.8312661 0.2221096 0.5035061 -0.836427 0.2164982 0.766214 0.6150842 -0.1859779 0.519132 -0.833376 0.1897013 0.7651396 0.6070491 -0.2145991 -0.6229262 -0.4164 0.6622492 0.638 -0.7603324 0.1218642 -0.6390305 -0.4533663 0.6213687 -0.6381194 -0.4346218 0.6355372 -0.5843622 -0.3972671 0.7076014 -0.6127637 -0.4025185 0.6800732 -0.5815263 -0.3733043 0.7228217 -0.5511299 -0.3391784 0.7623739 -0.6810718 -0.5000866 0.5348409 -0.6818356 -0.4938403 0.5396499 -0.6656516 -0.4597573 0.587819 0.5001246 -0.8418689 0.2028102 0.7649421 0.6440144 0.01044297 0.5151033 -0.8356603 0.190632 0.766381 0.6423865 6.31975e-5 0.7695189 0.6242079 -0.1349271 0.7697104 0.625015 -0.1300087 0.5129994 -0.8373579 0.188848 0.7229621 0.6461632 0.2445383 0.7252745 0.6461702 0.2375733 0.5203896 -0.8355672 0.176131 0.6397874 0.6116323 0.4653794 0.6420569 0.6123524 0.4612889 0.5271508 -0.8340546 0.1626804 0.520312 0.54235 0.6596454 0.5234342 -0.835691 0.1662441 0.5215372 0.5429254 0.6582029 0.5338513 -0.8316543 0.1528207 0.4111974 0.470191 0.7809207 0.5491932 -0.8191688 0.1653765 0.5456575 -0.8218323 0.163859 0.5440637 -0.8223177 0.1666983 0.5365765 -0.8260042 0.1726357 0.5007139 -0.8396657 0.2103503 0.3336014 0.409409 0.8491727 0.5557368 -0.8133143 0.1722689 0.5535573 -0.8165988 0.1635264 0.5625935 -0.8134713 0.1474891 0.5162165 -0.8378306 0.177653 0.5229806 -0.8371042 0.1604621 0.4994673 -0.8512874 0.1607552 0.5265815 -0.8384897 0.1401675 0.5204105 -0.8420446 0.1418942 0.5290858 -0.8382606 0.1318616 0.5359499 -0.8356342 0.120305 0.553308 -0.8290653 0.08062887 0.5646813 -0.8159629 0.1238542 0.5711975 -0.8110713 0.1260826 0.5490748 -0.827163 0.1196593 0.5198879 -0.8397623 0.1565758 0.5407984 -0.8312471 0.1287071 0.5920082 -0.7988901 0.1063067 0.5793138 -0.8049969 0.1279671 0.5250054 -0.8432121 0.1155974 0.5176501 -0.8482949 0.1115083 0.5062085 -0.8557634 0.1068736 0.5094086 -0.8537294 0.1079316 0.5094736 -0.8548409 0.09840619 0.5094547 -0.854846 0.09845936 0.5038395 -0.8537474 0.1313811 0.5061442 -0.8548631 0.1141361 0.497077 -0.8538083 0.1546804 0.5049345 -0.8533141 0.1299854 0.4980215 -0.8478311 0.1820905 0.5094529 -0.8481879 0.1450346 0.4965342 -0.8523931 0.1639508 -0.7134234 -0.5379083 0.44909 0.6381325 -0.7602318 0.1217973 -0.7323135 -0.5501705 0.4012849 -0.7230583 -0.537027 0.4344984 -0.7084341 -0.5107672 0.4870709 -0.7371274 -0.5781155 0.349894 -0.7396005 -0.5558727 0.3794689 0.5105612 -0.855726 0.08402657 0.511407 -0.8553755 0.08243685 0.511941 -0.8562507 0.0689311 0.5138968 -0.8552982 0.06614571 0.5188654 -0.8529502 0.05704998 0.5270442 -0.8489275 0.0393278 0.5371212 -0.8434045 0.01302474 0.5387359 -0.842433 0.008385837 0.5224194 -0.8509421 0.05454808 0.5381593 -0.8408544 0.05786806 0.5237208 -0.850525 0.04820626 0.7664522 0.6127058 -0.1927244 0.5223292 -0.8511254 0.05251616 0.5248881 -0.8493336 0.05590283 0.7528974 0.5822857 -0.3067392 0.764032 0.5999761 -0.2372426 0.5257081 -0.849915 0.03571385 0.7649936 0.6439604 0.009990751 0.5256041 -0.8499732 0.03586059 0.7663662 0.642404 6.57791e-5 0.5305173 -0.8473706 0.02268892 0.7224598 0.6472179 0.24323 0.7478691 0.6494868 0.137327 0.5360273 -0.8441095 0.01240688 0.6476782 0.6174473 0.4463987 0.5306393 -0.8473731 0.0195136 0.7276751 0.651678 0.2140207 0.6954544 0.6358787 0.3346663 0.5385031 -0.8426116 0.004504203 0.535013 -0.8448343 0.004029154 0.5958821 0.5869561 0.548094 0.6465281 0.616553 0.4492926 0.5451666 -0.8382608 -0.01060122 0.5566652 -0.8306819 -0.009569168 0.5386711 -0.8425008 0.005077719 0.5458415 -0.8378741 0.004897773 0.5531986 -0.833047 -0.002050399 0.5551275 -0.8313273 -0.02698999 -0.4569432 -0.5098319 -0.7288857 0.5628162 -0.8265818 7.50296e-4 -0.4319055 -0.4799078 -0.7636401 0.5683639 -0.8221172 -0.03295522 0.586474 -0.804004 -0.0981118 -0.4328731 -0.4801101 -0.7629647 -0.5101506 -0.549201 -0.66191 -0.467365 -0.5093511 -0.7225868 -0.5046869 -0.5313238 -0.6804309 -0.5672453 -0.57862 -0.5860304 -0.5405532 -0.5508897 -0.6358639 -0.6125938 -0.6091817 -0.5036135 -0.5654967 -0.5790893 -0.5872555 -0.6032246 -0.5875385 -0.5393687 -0.6615074 -0.622651 -0.4179878 -0.6289204 -0.6055387 -0.4876291 -0.6923004 -0.6438134 -0.3259211 -0.6433311 -0.631834 -0.432332 -0.6803053 -0.6265349 -0.3803141 -0.71907 -0.6553755 -0.2311305 -0.6949346 -0.6424112 -0.3230694 -0.7189857 -0.6417192 -0.266938 -0.7465525 -0.6513831 -0.1354973 -0.7334596 -0.6469694 -0.2084891 -0.7566462 -0.6527915 -0.03674036 -0.7361935 -0.6604884 -0.147561 -0.7584983 -0.645383 -0.09033972 -0.7621139 -0.6445236 0.06141597 -0.7608978 -0.6482002 -0.02951413 -0.7697151 -0.6376982 0.02966171 -0.7658726 -0.6233323 0.1577853 -0.7716207 -0.6297529 0.0895155 -0.7540277 -0.6054345 0.2547379 -0.7619614 -0.6298474 0.1506893 -0.7681098 -0.6056616 0.2078018 -0.7577532 -0.5955266 0.2667548 -0.7506685 -0.576011 0.3235866 0.6190364 -0.7493466 -0.2351034 0.5689911 -0.8221895 -0.01592791 0.5703347 -0.8214086 -0.0025146 -0.3851563 -0.4626706 -0.7984926 -0.3854359 -0.4626414 -0.7983748 0.5218467 0.5466665 0.6548525 0.5905126 0.583366 0.557655 0.3740623 0.4485342 0.8117232 0.5212957 0.5461875 0.6556905 0.4480246 0.493887 0.7452178 0.202301 0.3230798 0.9244965 0.3639954 0.4395408 0.8211646 0.2774053 0.3733357 0.8852495 0.01489096 0.1757332 0.9843252 0.1833968 0.3055367 0.9343516 0.08956235 0.2293485 0.9692151 -0.1672551 0.01765805 0.9857556 -0.01904147 0.1426342 0.9895923 -0.0190435 0.1426339 0.9895923 -0.2737171 -0.07591259 0.9588099 -0.1698947 0.01495242 0.9853488 0.5897634 -0.807452 -0.01416528 0.6090561 -0.7901132 -0.06908035 -0.357115 -0.1546335 0.9211717 0.592966 -0.8051276 0.01268953 0.5925391 -0.8055418 -2.79267e-4 0.5847607 -0.8104006 -0.03613668 0.604743 -0.795637 -0.03532385 0.5743207 -0.8181954 -0.02668792 0.5814367 -0.8135675 -0.006270051 0.5902953 -0.8070201 -0.01643341 0.5944771 -0.8037682 -0.02353692 0.6009844 -0.7982254 -0.04066848 0.603056 -0.7919536 -0.09556692 -0.2474514 -0.3596618 -0.8996729 0.602377 -0.7981668 -0.008464336 -0.2091232 -0.3242496 -0.922567 0.6043693 -0.7959644 -0.03432941 -0.2234448 -0.3290516 -0.9174953 -0.3138979 -0.4078181 -0.8574103 -0.2666057 -0.3633133 -0.8927065 -0.2969959 -0.410196 -0.8622834 -0.3526859 -0.4243587 -0.8339859 0.6056517 -0.7951239 -0.03105014 -0.151309 -0.2791408 -0.9482542 -0.1107003 -0.2856423 -0.9519212 -0.1765512 -0.2970762 -0.9383898 0.6002028 -0.7998113 -0.007663905 -0.4956361 -0.2838639 0.8208326 -0.3446658 -0.140907 0.9280898 0.607128 -0.7946013 0.002108991 -0.6232019 -0.4164955 0.6619298 0.6034241 -0.7973232 0.01245719 -0.4994716 -0.2885089 0.8168787 0.6097632 -0.7924488 0.01462173 -0.7139053 -0.5244383 0.4640085 0.5939001 -0.798725 0.09654623 0.6075956 -0.794009 0.01942127 -0.6252297 -0.4193537 0.6582024 0.625442 -0.7799695 0.02167534 -0.7624293 -0.6013309 0.2389624 0.6160705 -0.787145 0.02932715 -0.714645 -0.5258458 0.4612687 0.6133971 -0.7888995 0.03717339 -0.7660849 -0.6427394 2.57597e-4 -0.7625111 -0.6017926 0.2375344 0.6225663 -0.7808375 0.05200076 -0.7249352 -0.6464 -0.2379834 0.6126661 -0.7884168 0.05512964 -0.7250323 -0.6464582 -0.2375289 -0.766051 -0.6427798 2.17997e-6 0.6100897 -0.7900182 0.06051355 -0.6415849 -0.6123506 -0.4619476 -0.6418758 -0.6125682 -0.4612545 0.6017659 -0.7958113 0.06754374 -0.5210072 -0.5427275 -0.6587855 0.6069137 -0.7922327 0.06342869 0.6114973 -0.7891547 0.05749863 -0.5214209 -0.5430653 -0.6581796 0.5981429 -0.7972407 0.08144009 -0.3702229 -0.4416123 -0.8172599 0.6020469 -0.7959105 0.06376636 -0.3706736 -0.4420022 -0.8168447 0.5891978 -0.8029693 0.08992409 -0.1978257 -0.314742 -0.9283332 0.5966332 -0.7996399 0.06786018 -0.198382 -0.3152476 -0.9280428 0.5784204 -0.810029 0.09634792 -0.01418954 -0.1698944 -0.9853602 0.5901671 -0.8040803 0.07181942 0.5722136 -0.8158503 0.08342629 0.638 -0.7603315 0.1218685 0.5768682 -0.812512 0.08394867 0.5834111 -0.8088014 0.07397252 0.6379961 -0.7603346 0.1218705 0.5705677 -0.8170391 0.08306539 0.5661016 -0.8199075 0.08532667 0.5552945 -0.8260324 0.09653347 0.5753622 -0.8170853 0.03646957 0.5753637 -0.8170846 0.03646034 0.6159438 -0.7858124 0.05578845 0.6180496 -0.7856007 0.0290932 0.6224166 -0.780722 0.05541521 0.6323075 -0.7731279 0.04960441 0.6236869 -0.7809733 -0.03310036 0.6166482 -0.7855994 -0.0507791 0.6410242 -0.766541 -0.03876972 0.650159 -0.756442 -0.07133609 -0.05698359 -0.2216512 -0.9734596 -0.01968324 -0.1742591 -0.9845031 -0.03957855 -0.1869145 -0.9815786 -0.08423 -0.2261306 -0.9704485 0.03156763 -0.1323074 -0.990706 0.0773946 -0.1391974 -0.9872356 0.008862793 -0.1513583 -0.9884393 0.6312726 -0.7191629 -0.2903441 0.6409685 -0.766404 -0.04224324 0.642264 -0.7654152 -0.04045432 0.6426005 -0.7658172 -0.02425998 0.6425998 -0.765818 -0.0242567 0.6427443 -0.7659937 -0.01155704 0.6427441 -0.7659939 -0.01155632 0.6427855 -0.766043 0.002282142 0.6427854 -0.7660429 0.002282261 0.6408307 -0.7670552 0.03102219 0.6427217 -0.7659658 0.01432925 0.6101394 -0.7820857 0.1267755 0.5985594 -0.7915751 0.1230267 0.633385 -0.7673211 0.100209 0.125774 -0.06919336 -0.989643 0.1451361 -0.03217691 -0.9888884 0.1014347 -0.07390075 -0.9920936 0.4355647 0.2197441 -0.8729239 0.4591175 0.216898 -0.8614908 0.4038223 0.1997858 -0.892756 0.0165354 0.1720677 0.9849464 0.1985496 0.3150449 0.9280759 -0.16793 0.01707667 0.985651 0.01457369 0.170156 0.9853094 -0.3420989 -0.134706 0.9299584 -0.1055067 0.08048099 0.9911565 -0.2413009 -0.04851168 0.9692371 0.7259063 -0.6877238 -0.009802222 -0.478283 -0.2644647 0.837439 -0.3343201 -0.1256688 0.9340436 -0.4157451 -0.2084767 0.8852647 0.727006 -0.6865625 -0.00970596 0.7375522 -0.6749668 -0.02089428 -0.5463476 -0.3353922 0.7674742 0.734441 -0.6786146 0.008877098 -0.4947824 -0.2836799 0.821411 0.5105977 0.2796005 -0.813089 0.6371863 -0.7608848 0.1226711 0.5346897 0.323476 -0.7806859 0.5167648 0.306164 -0.799511 0.4803364 0.2722285 -0.8337677 0.5679279 0.357345 -0.7414597 0.6015319 0.3489519 -0.7186043 0.5499545 0.3405796 -0.7625979 0.7363397 -0.6766012 -0.003827214 -0.6241055 -0.4129089 0.6633239 -0.5641716 -0.3554758 0.7452164 0.744262 -0.6678601 0.006092667 -0.7147629 -0.5199489 0.4677256 0.739401 -0.6727358 0.02669668 -0.6281252 -0.4188675 0.6557506 -0.6770787 -0.4801966 0.5576519 0.7430943 -0.6688151 0.02229726 -0.7641231 -0.5968415 0.2447368 -0.7195468 -0.5295342 0.4492727 -0.7470138 -0.5744245 0.3346743 0.7548739 -0.6549022 0.03561884 -0.7668073 -0.6418367 0.007229685 0.7462558 -0.6642042 0.0439912 -0.7695114 -0.6238609 0.1365645 -0.7655778 -0.6065265 0.2145144 -0.7694494 -0.6232083 0.1398539 0.7441962 -0.6660881 0.04998618 -0.7268792 -0.6466159 -0.2313758 -0.7658545 -0.6430139 3.70519e-5 0.7388973 -0.6709315 0.06230306 -0.6441994 -0.613443 -0.4568313 -0.72488 -0.6466402 -0.2374982 0.7280008 -0.6823225 0.06671416 -0.5234962 -0.5441166 -0.6556593 0.7323274 -0.6780546 0.06275838 0.7350179 -0.6754963 0.05876654 0.7366999 -0.6739325 0.05557346 0.741966 -0.6690407 0.0432555 -0.6417775 -0.6126831 -0.4612387 0.7247612 -0.6842448 0.0808106 -0.3719308 -0.4427185 -0.8158847 0.728243 -0.6824043 0.06313872 -0.5213782 -0.5431227 -0.6581661 0.7188056 -0.6901754 0.08352458 -0.2661885 -0.3662589 -0.8916267 0.7235165 -0.6870041 0.06744843 -0.3706679 -0.4420053 -0.8168456 0.7152406 -0.6942811 0.08002972 0.7139722 -0.6956174 0.07975125 0.7199568 -0.6896749 0.07752948 -0.1766062 -0.2985025 -0.9379268 -0.1972107 -0.3166424 -0.9278177 0.707253 -0.7015617 0.08720356 0.690387 -0.7102656 0.1374358 0.7422664 -0.6682398 0.04996174 0.7438083 -0.665215 0.06510257 0.7457458 -0.6623513 0.07179033 0.769849 -0.6324151 0.08592897 0.7547948 -0.6499189 0.08882689 0.7425294 -0.6626188 0.09791076 0.7390254 -0.6650717 0.1073365 0.7451722 -0.6545031 0.1278441 0.7368372 -0.6638386 0.1280209 0.7348933 -0.6658051 0.1289782 0.720066 -0.6830428 0.1223005 0.744045 -0.6559658 0.12691 0.7146719 -0.6881037 0.1255289 0.7072306 -0.6961278 0.1234138 0.7325212 -0.6728608 0.1033014 0.8352097 -0.545297 -0.07124656 0.6931753 -0.7103545 0.1220844 0.7391868 -0.660295 0.1327161 0.7316371 -0.6665056 0.1430996 0.7287628 -0.6683282 0.1491388 0.7483109 -0.641509 0.1688108 0.7298229 -0.6621474 0.170057 0.7311833 -0.6600881 0.1722058 0.7205652 -0.6707856 0.1755924 0.7090107 -0.6797728 0.1876508 0.711332 -0.6859177 0.1533742 0.7143316 -0.6795004 0.1673609 0.7234138 -0.6692143 0.1697785 0.7593703 -0.6319399 0.1549479 0.6914096 -0.6926131 0.2055233 -0.1672644 0.01764893 0.9857541 0.01457047 0.1701552 0.9853096 -0.3390313 -0.1348471 0.9310607 -0.1699046 0.01496416 0.9853469 -0.4944719 -0.2826238 0.821962 -0.3446295 -0.1409567 0.9280958 -0.6222468 -0.4153001 0.6635774 -0.499408 -0.2885798 0.8168925 -0.7125084 -0.5224497 0.4683783 -0.62517 -0.4194271 0.6582123 0.7384301 -0.6517549 0.173022 0.6380668 -0.7602707 0.1218991 -0.638001 0.7603269 -0.121892 0.7358363 -0.6495818 0.191281 0.749831 -0.6483843 0.1317245 0.7393958 -0.6509367 0.1719748 0.747126 -0.6462885 0.1552869 0.7558864 -0.648615 0.0890749 0.7461192 -0.6517288 0.13622 0.7540637 -0.6461195 0.1179725 0.7569663 -0.6518449 0.04582804 0.7453494 -0.6589766 0.1010164 0.7562957 -0.6494359 0.07905715 0.6797441 0.4623641 -0.569357 0.637782 -0.7605006 0.1219549 0.6928867 0.4980698 -0.5213776 0.6379889 -0.7603393 0.1218782 0.6836899 0.4916479 -0.5393057 0.6356427 0.4063894 -0.6563583 0.6636747 0.4621252 -0.5881974 0.6384025 0.4342833 -0.6354843 0.611396 0.4041554 -0.6803333 0.7242713 0.5119125 -0.4619272 0.7061564 0.5134944 -0.4875106 0.7374366 -0.648664 0.1882083 -0.7621057 -0.5998562 0.2436545 -0.7144337 -0.5260954 0.4613113 0.7319243 -0.6501337 0.2039926 -0.7663049 -0.642473 0.002302825 -0.7624526 -0.6018603 0.2375508 0.726816 -0.6516381 0.2170399 -0.7267353 -0.6449552 -0.2364078 0.730814 -0.6489207 0.2116906 -0.7659932 -0.6428487 9.33083e-6 -0.7481294 -0.649507 -0.1358056 0.7218798 -0.6529347 0.2292726 -0.6439937 -0.6108371 -0.4605978 -0.7339825 -0.6441648 -0.2152245 -0.6941339 -0.6374477 -0.3344227 0.713868 -0.6585223 0.2382036 -0.5239618 -0.5411533 -0.6577365 0.7217922 -0.6528105 0.2299015 -0.6500262 -0.6123723 -0.4499623 -0.5890373 -0.5851164 -0.5573813 0.709722 -0.6596164 0.2473886 -0.4191346 -0.4749549 -0.7737856 -0.5251073 -0.5416483 -0.6564142 -0.4465605 -0.4956362 -0.7449353 0.6844485 -0.6850772 0.2493985 0.7078879 -0.6563929 0.2608507 0.6953487 -0.6724808 0.2534952 0.7103176 -0.6596303 0.2456356 -0.3386622 -0.4175878 -0.8431657 -0.3646455 -0.4387673 -0.8212898 0.347509 0.4300312 0.8332531 0.3132729 0.3931546 0.8644592 0.6979587 -0.6680426 0.2580169 0.6879525 -0.6777598 0.259544 0.6763197 -0.6867262 0.2664559 0.6549498 -0.6995192 0.2858564 0.3128933 0.3913396 0.8654196 0.4017718 0.4524524 0.7961572 0.3476808 0.430327 0.8330287 0.4773687 0.5019728 0.7212091 0.401075 0.443919 0.8012958 0.4276185 0.4863706 0.7619621 0.5467575 0.5451729 0.6354864 0.4771258 0.4976111 0.7243854 0.5013909 0.5352428 0.6797959 0.6085442 0.5810682 0.5404016 0.5467385 0.5434177 0.6370041 0.56786 0.576298 0.5877208 0.6615473 0.6086616 0.4380484 0.6085417 0.5811143 0.5403547 0.626029 0.6089741 0.4870711 0.7050701 0.6273571 0.3306044 0.6613069 0.6105363 0.4357965 0.6750685 0.6327738 0.379315 0.7390475 0.636946 0.2193368 0.7041558 0.63139 0.3248251 0.7143176 0.6472804 0.2660424 0.7631629 0.6376641 0.104723 0.7368872 0.6428495 0.2091452 0.743216 0.6522718 0.1489011 0.7768462 0.6295729 -0.01216703 0.7592648 0.6444614 0.09047907 0.7612631 0.647768 0.02958565 0.7795926 0.6128129 -0.129212 0.7708934 0.6362838 -0.02943354 0.76815 0.6338883 -0.09017455 0.7715366 0.5875484 -0.2439637 0.7712959 0.6188082 -0.1489266 0.7638736 0.6107195 -0.2086118 0.7530809 0.5539048 -0.3550477 0.7603586 0.5924192 -0.2662599 0.7485716 0.5785112 -0.3239836 0.7384629 0.5572343 -0.3796874 0.7223732 0.5378414 -0.4346305 0.2361314 0.3362678 0.911683 0.2342816 0.3160076 0.9193756 0.26274 0.3679226 0.8919646 -0.2015399 -0.3130512 -0.928106 -0.2760607 -0.3749448 -0.8849898 -0.01755088 -0.167622 -0.9856952 -0.185455 -0.3030827 -0.9347445 -0.0883755 -0.2307561 -0.96899 0.1720691 -0.01349496 -0.9849925 0.01904737 -0.1426333 -0.9895923 0.0190503 -0.142634 -0.9895922 0.3501444 0.1461248 -0.9252278 0.16995 -0.01501899 -0.9853383 0.3450322 0.1404739 -0.9280194 0.1479308 0.2710363 0.951134 0.08289152 0.2277275 0.9701903 0.1456748 0.2440349 0.9587627 0.1740455 0.3000567 0.9379096 0.1259058 -0.05313229 -0.9906184 -0.01457136 -0.1701557 -0.9853096 0.2193585 0.02795851 -0.9752437 0.1717135 -0.01711833 -0.9849982 0.4895789 -0.8300269 0.2671476 0.3098067 0.1083152 -0.9446098 0.5578182 -0.827894 0.05857151 0.5392454 -0.8337335 0.1187551 0.3948993 0.1876034 -0.8993663 0.346501 0.1387242 -0.9277353 0.54567 -0.833894 0.08285611 0.5097295 0.2995238 -0.8065119 0.5541548 -0.8309099 0.05001473 0.5000317 0.2878364 -0.8167732 0.5442122 -0.8362709 0.0669654 0.6338001 0.4297668 -0.6431158 0.5445754 -0.8375182 0.04473352 0.6258531 0.418615 -0.6580801 0.5372701 -0.8413629 0.05873197 0.7193314 0.5330403 -0.4454553 0.715202 0.5251765 -0.4611678 0.6098924 -0.7882634 0.08168292 -0.3350769 -0.1310326 0.9330348 -0.3444575 -0.1411589 0.9281288 0.5621075 -0.8012781 0.2049114 0.5596216 -0.8099654 0.1754416 0.5827786 -0.8067992 0.0971809 0.2007073 0.3171252 0.9269025 0.3707652 0.4418931 0.8168621 0.01592242 0.1714569 0.985063 0.1984971 0.3151096 0.9280652 -0.1657832 0.01892811 0.9859806 0.01457053 0.1701555 0.9853095 -0.1698119 0.01485306 0.9853646 0.3497267 0.1456297 -0.9254638 0.7047678 -0.7084721 0.03700864 0.7047955 -0.7084527 0.0368539 -0.01435101 -0.1700052 -0.9853387 0.1720536 -0.01350831 -0.9849951 -0.01457053 -0.170156 -0.9853095 0.1699605 -0.01502996 -0.9853363 0.3450233 0.1404845 -0.928021 -0.2817786 0.3358118 0.8987944 -0.2817794 0.3358117 0.8987941 -0.6941879 -0.4983156 0.5194081 -0.69375 -0.4973252 0.5209401 -0.2817805 0.3358113 0.8987939 -0.7305804 -0.6694448 -0.1345219 -0.2817769 0.3358115 0.8987951 -0.8328695 -0.5532519 -0.01551938 -0.7706175 -0.6363899 -0.03400915 -0.7728877 -0.6336846 -0.03299504 -0.7750655 -0.6310892 -0.03162407 -0.7771401 -0.6286166 -0.02990919 -0.7790912 -0.6262912 -0.02786093 -0.7808958 -0.6241406 -0.02550351 -0.7824991 -0.6222301 -0.02291297 -0.7839761 -0.6204698 -0.01997023 -0.2817778 0.335812 0.8987945 -0.8041689 -0.5943263 -0.009424746 -0.2817797 0.335812 0.8987939 -0.2817813 0.3358144 0.8987925 -0.8084238 -0.5835189 -0.07717967 -0.2817794 0.3358126 0.8987939 -0.2817756 0.3358104 0.8987958 -0.8409097 -0.5383716 -0.05501759 -0.2817807 0.3358117 0.8987938 -0.8063016 -0.5852818 -0.08557444 -0.2817785 0.3358108 0.8987948 -0.842419 -0.5247498 -0.1223436 -0.2817766 0.3358108 0.8987954 -0.2817795 0.3358134 0.8987935 -0.8730333 -0.4774575 -0.0992335 -0.2817786 0.3358129 0.8987939 -0.8474928 -0.5217173 -0.09781187 -0.2817801 0.3358121 0.8987938 -0.87103 -0.4614817 -0.1683495 -0.2817791 0.3358111 0.8987945 -0.2817801 0.3358128 0.8987935 -0.9000645 -0.4109743 -0.1448586 -0.2817808 0.3358128 0.8987933 -0.8803403 -0.4588152 -0.1203735 -0.2817799 0.3358115 0.8987941 -0.913284 -0.3738447 -0.1617176 -0.2817788 0.33581 0.898795 -0.8985078 -0.4046305 -0.1701706 -0.2817782 0.3358108 0.898795 -0.9211335 -0.3392484 -0.1908499 -0.2817818 0.3358132 0.8987929 -0.2817808 0.3358113 0.8987939 -0.933898 -0.2957373 -0.2009327 -0.2817777 0.3358103 0.8987951 -0.9200203 -0.3364981 -0.2008281 -0.2817807 0.3358123 0.8987935 -0.9356278 -0.2609803 -0.2376763 -0.2817808 0.3358127 0.8987933 -0.2817798 0.3358116 0.8987941 -0.9466709 -0.2123897 -0.2422911 -0.2817804 0.3358128 0.8987934 -0.9367406 -0.2629562 -0.2310221 -0.2817797 0.3358111 0.8987942 -0.9419022 -0.1759 -0.2861459 -0.2817795 0.3358116 0.8987941 -0.2817813 0.3358122 0.8987935 -0.9506532 -0.1217616 -0.2853643 -0.2817777 0.3358105 0.8987951 -0.2817798 0.3358126 0.8987937 -0.9476406 -0.1838603 -0.2610993 -0.281777 0.335809 0.8987959 -0.9497646 -0.07312452 -0.3043026 -0.2817797 0.3358109 0.8987944 -0.9461284 -0.1061494 -0.305898 -0.2817815 0.3358135 0.8987928 -0.9437953 -0.02428752 -0.3296372 -0.281778 0.3358109 0.8987949 -0.2817821 0.3358142 0.8987925 -0.9389963 0.03026342 -0.3425931 -0.2817814 0.3358138 0.8987928 -0.9405453 -0.01739066 -0.339223 -0.2817756 0.3358067 0.8987972 -0.924399 0.07934552 -0.3730829 -0.2817816 0.3358129 0.898793 -0.2817798 0.3358126 0.8987937 -0.9141268 0.1393883 -0.3807141 -0.2817833 0.335816 0.8987913 -0.2817755 0.3358065 0.8987974 -0.9256882 0.07743 -0.3702782 -0.2817786 0.3358125 0.8987942 -0.8894504 0.1893346 -0.4159695 -0.2817778 0.3358101 0.8987952 -0.2817814 0.3358147 0.8987924 -0.2817785 0.3358103 0.898795 -0.8732269 0.2529494 -0.416523 -0.2818105 0.3358478 0.8987709 -0.281769 0.3358005 0.8988016 -0.2817713 0.3358032 0.8987999 -0.9000332 0.1776642 -0.3979644 -0.2817784 0.3358112 0.8987947 -0.8465458 0.3117713 -0.4314615 -0.28178 0.3358127 0.8987936 -0.2818772 0.3359098 0.8987269 -0.2817722 0.3358026 0.8987998 -0.857306 0.2757609 -0.4347213 -0.2817786 0.3358101 0.898795 -0.8136477 0.3692188 -0.4490602 -0.2817739 0.3358055 0.8987982 -0.2817864 0.3358191 0.8987892 -0.7798349 0.4292612 -0.455623 -0.2817804 0.3358131 0.8987933 -0.8038676 0.379352 -0.4581365 -0.2817816 0.335814 0.8987926 -0.7356159 0.4825789 -0.4753808 -0.2817816 0.3358142 0.8987925 -0.2817665 0.3357977 0.8988035 -0.6936461 0.5429216 -0.4733828 -0.2817789 0.3358105 0.8987948 -0.7364299 0.4819647 -0.4747433 -0.2817578 0.3357907 0.8988088 -0.6388391 0.5896406 -0.4941748 -0.2817722 0.3358025 0.8987998 -0.2818074 0.3358424 0.8987739 -0.5909928 0.6463274 -0.4826889 -0.6557501 0.5805371 -0.4826683 -0.5338811 0.6942517 -0.4826859 -0.5589005 0.6660662 -0.4939495 -0.4737321 0.7363994 -0.4830051 -0.4142292 0.7773834 -0.4733806 -0.4555169 0.7438874 -0.4890153 -0.3477372 0.8085168 -0.4747417 -0.2873169 0.8425287 -0.4556256 -0.3466231 0.8087809 -0.4751064 -0.2191054 0.8612168 -0.4585832 -0.1600341 0.8878248 -0.4314585 -0.2360739 0.8598453 -0.4526977 -0.2817803 0.3358121 0.8987938 -0.09748202 0.9038819 -0.4165272 -0.2817767 0.3358086 0.8987961 -0.2817718 0.3358027 0.8987999 -0.2817722 0.3358026 0.8987998 -0.1227011 0.8921689 -0.4347173 -0.2817817 0.3358131 0.8987929 -0.03640186 0.9147515 -0.4023738 -0.2817773 0.3358092 0.8987957 -0.2817864 0.3358202 0.8987888 -0.2817777 0.3358099 0.8987953 0.02146834 0.9244432 -0.3807151 -0.2817798 0.3358118 0.898794 -0.2817826 0.3358147 0.898792 -0.0157411 0.9139911 -0.4054288 -0.2817797 0.3358105 0.8987945 0.08164483 0.9251229 -0.3707854 -0.2817766 0.3358093 0.8987959 -0.2817786 0.3358095 0.8987953 0.1332602 0.9299852 -0.3425921 -0.28178 0.3358107 0.8987944 0.08499449 0.9245136 -0.3715515 -0.2817805 0.335813 0.8987933 0.1905159 0.9215154 -0.338398 -0.2817826 0.3358152 0.8987918 -0.2817794 0.3358111 0.8987944 0.2369388 0.9226365 -0.3043059 -0.2817793 0.335811 0.8987944 0.178475 0.9254119 -0.3343046 -0.281779 0.3358104 0.8987947 0.2849959 0.9150667 -0.2853599 -0.28178 0.3358113 0.8987941 -0.2817774 0.335808 0.8987962 0.268826 0.9133221 -0.305901 -0.2817768 0.3358104 0.8987956 0.3310307 0.9050289 -0.2670984 -0.2817807 0.3358129 0.8987933 -0.2817805 0.3358143 0.8987929 0.3735544 0.8954076 -0.2422859 -0.2817785 0.3358131 0.8987939 0.3496683 0.8968114 -0.2710376 -0.2817811 0.3358152 0.8987923 0.4177582 0.8784497 -0.2319573 -0.2817798 0.3358138 0.8987932 -0.2817805 0.3358136 0.8987932 0.4534145 0.8683542 -0.2009387 -0.2817786 0.3358117 0.8987945 0.4228738 0.8754301 -0.234094 -0.2817797 0.3358116 0.8987941 0.4970154 0.8441922 -0.2007866 -0.2817791 0.3358115 0.8987943 -0.2817789 0.3358113 0.8987945 0.5267528 0.8344936 -0.1617159 -0.2817793 0.3358115 0.8987944 0.4889044 0.850192 -0.1953104 -0.2817784 0.3358113 0.8987947 0.5610269 0.8150261 -0.1448496 -0.2817791 0.3358119 0.8987942 0.5545074 0.8145945 -0.1701689 -0.2817795 0.3358126 0.8987938 0.5936359 0.7946942 -0.1267192 -0.2817781 0.3358115 0.8987946 -0.281781 0.3358131 0.8987931 0.621806 0.7768589 -0.09923624 0.6126641 0.7778072 -0.1402097 -0.2817792 0.3358106 0.8987947 0.6560364 0.7483382 -0.09801113 -0.2817805 0.3358118 0.8987938 -0.2817812 0.3358128 0.8987931 0.6762171 0.7346446 -0.0550248 -0.2817781 0.3358106 0.898795 0.6657219 0.7380485 -0.1099945 -0.2817808 0.3358105 0.8987941 0.7176681 0.6909828 -0.08657556 -0.2817809 0.3358096 0.8987945 -0.2817784 0.3358114 0.8987947 0.7249355 0.6887527 -0.009406387 -0.2817815 0.3358138 0.8987928 0.714467 0.6950328 -0.08041381 -0.2817817 0.3358117 0.8987935 0.7861272 0.6032518 -0.1345046 -0.281777 0.3358117 0.898795 -0.2817791 0.3358117 0.8987942 0.6855407 0.7278889 -0.01455312 0.760533 0.6484077 -0.03401422 0.7582748 0.6510993 -0.03300255 0.7560809 0.6537137 -0.03162652 0.7540281 0.6561603 -0.0299248 0.7520584 0.6585076 -0.02785664 0.7502723 0.6606361 -0.02552139 0.7486395 0.6625824 -0.02288305 0.7471894 0.6643103 -0.01999771 0.6104438 0.5966005 0.520986 0.5829243 0.5796725 0.5693674 -0.7860439 -0.6033834 0.1344009 -0.6906853 -0.7229806 0.01590162 -0.760523 -0.6484155 0.03408914 -0.7582592 -0.6511138 0.03307545 -0.7560659 -0.6537275 0.03169953 -0.7539678 -0.6562281 0.02995932 -0.7520547 -0.6585079 0.02794903 -0.7502191 -0.6606954 0.02555495 -0.7485941 -0.662632 0.02293401 -0.7471427 -0.6643615 0.02003955 -0.7245743 -0.6891352 0.00921756 -0.7150402 -0.6945889 0.07914471 -0.6754469 -0.735332 0.05530184 -0.7160287 -0.6928552 0.08517378 -0.6626314 -0.7384677 0.1248407 -0.6205669 -0.7776927 0.1004534 -0.6602104 -0.7447584 0.09724783 -0.604579 -0.7776831 0.1723178 -0.5588919 -0.8161163 0.1469493 -0.6033346 -0.7884768 0.1195482 -0.5235357 -0.8362548 0.1630594 -0.5529731 -0.815457 0.1710281 -0.4903225 -0.8495386 0.1945973 -0.448323 -0.8704274 0.2033783 -0.4883211 -0.8490243 0.2017432 -0.4137721 -0.8773981 0.2428278 -0.3654794 -0.897579 0.2465296 -0.417035 -0.8786896 0.2323498 -0.3278412 -0.8980481 0.2933082 -0.2734448 -0.9167275 0.2912707 -0.3383877 -0.9036233 0.2626 -0.2220134 -0.9245837 0.3096047 -0.2590824 -0.9146835 0.3102106 -0.1708908 -0.9255824 0.3377778 -0.1128539 -0.9300734 0.3496105 -0.1662374 -0.9241229 0.3440378 -0.0588684 -0.9215424 0.3837891 0.006726861 -0.9209534 0.3896149 -0.06480252 -0.9244731 0.3756995 0.06274902 -0.9014678 0.4282738 0.1337335 -0.8943619 0.4268867 0.04489201 -0.9138877 0.4034776 0.2017017 -0.8752214 0.4396636 0.1549263 -0.883127 0.4428142 0.2665128 -0.8472445 0.4595082 0.3365122 -0.8198906 0.4631837 0.2733781 -0.841991 0.4650976 0.3995248 -0.7777348 0.4852921 0.469258 -0.74223 0.4784262 0.3926182 -0.7850767 0.4790675 0.5252619 -0.6876943 0.5011752 0.5923037 -0.6440967 0.484062 0.5082975 -0.7127825 0.4832959 0.6494649 -0.5910167 0.4784294 0.6101914 -0.6201223 0.4930667 0.6988098 -0.5310798 0.4791858 0.749004 -0.473765 0.4631846 0.7037321 -0.5214536 0.4825426 0.7859631 -0.4072528 0.4651959 0.8269016 -0.3506168 0.4396607 0.7828809 -0.4168913 0.4618436 0.8510494 -0.2800596 0.444164 0.8837162 -0.2255626 0.4100821 0.846324 -0.3104448 0.4328505 0.9057928 -0.1665467 0.3896176 0.8886603 -0.1982941 0.4134761 0.9201488 -0.1045343 0.3773577 0.9355418 -0.05035811 0.3496081 0.9204009 -0.09506154 0.3792434 0.9391753 0.00965631 0.3433026 0.9490903 0.05809068 0.3096016 0.9400857 0.001767516 0.3409338 0.9433682 0.1172279 0.3103451 0.9495857 0.1584603 0.2705129 0.9498395 0.09106916 0.2991848 0.947407 0.2040653 0.2465308 0.9442018 0.1820323 0.2744945 0.9390277 0.251906 0.2340309 0.9350568 0.2903562 0.2033768 0.9359598 0.2603664 0.237042 0.9193506 0.3378933 0.2015509 0.9144623 0.3703673 0.1630544 0.9224259 0.3316197 0.1978864 0.8911046 0.41876 0.1748505 0.88687 0.4442113 0.1270351 0.9056076 0.3949975 0.1544402 0.8736373 0.4760953 0.1004548 0.8726501 0.4675305 0.1410573 0.8517764 0.5147135 0.09770935 0.8414453 0.5375027 0.05532377 0.8424734 0.5272243 0.1107845 0.8058099 0.5859137 0.08588165 0.8044916 0.593893 0.00919336 0.8082702 0.5831462 0.08148562 0.7307368 0.669306 0.1343625 0.8329187 0.5531762 0.01558536 0.7706203 0.6363823 0.03409039 0.7729058 0.6336586 0.03307044 0.7750831 0.6310634 0.03170287 0.7771691 0.6285775 0.02997738 0.7791118 0.6262628 0.02792668 0.780931 0.6240941 0.02556151 0.7825335 0.6221849 0.02295947 0.784017 0.6204165 0.02002018 -0.6720885 -0.4734082 0.5693697 0.7445939 0.659744 -0.1015768 0.746667 0.6573092 -0.1021426 0.6920452 0.7142612 -0.104424 0.7802118 0.62161 -0.06979006 0.7188531 0.6745873 -0.167876 0.728885 0.6630355 -0.1706185 0.7496213 0.6436425 -0.1542472 0.7466629 0.6573136 -0.1021442 0.7096982 0.662218 -0.240408 0.706934 0.6654429 -0.239646 0.7208571 0.6520622 -0.2349044 0.7391499 0.6445323 -0.1955391 0.7288755 0.6630461 -0.1706176 0.6924285 0.6502293 -0.3126413 0.6804956 0.6642488 -0.3093533 0.6932622 0.6495586 -0.3121877 0.7184548 0.6388382 -0.2751518 0.706946 0.6654308 -0.2396443 0.6678007 0.6370494 -0.3849811 0.6490713 0.6591295 -0.379809 0.6913797 0.6203128 -0.3704137 0.6804898 0.6642544 -0.3093538 0.6364965 0.6208167 -0.4576669 0.6121398 0.6495756 -0.4509285 0.6580047 0.6085249 -0.4435395 0.6490737 0.6591271 -0.379809 0.599556 0.5988832 -0.5309159 0.5690447 0.6349878 -0.5224736 0.6201534 0.5894315 -0.5176681 0.6121351 0.6495784 -0.4509308 0.555639 0.5713368 -0.6040196 0.5191211 0.6146318 -0.5939201 0.5734579 0.5650008 -0.5932286 0.5690464 0.6349869 -0.5224729 0.5027983 0.5389568 -0.6758103 0.461696 0.5876951 -0.6644181 0.5200871 0.5349403 -0.6658442 0.5191242 0.6146306 -0.5939186 0.441 0.5002288 -0.7451781 0.3961958 0.5533251 -0.7327075 0.4632713 0.4980636 -0.7330161 0.4616917 0.5876962 -0.6644201 0.3703913 0.453786 -0.8104866 0.3223245 0.5107288 -0.7970339 0.402126 0.4553566 -0.7943206 0.3961988 0.5533247 -0.7327061 0.2915692 0.3984463 -0.8696137 0.2401968 0.4593379 -0.8551691 0.3361939 0.4076653 -0.8489893 0.3223245 0.5107287 -0.797034 0.2053533 0.3339468 -0.9199509 0.1505504 0.3989885 -0.9045125 0.2632066 0.3527979 -0.8979176 0.2401961 0.4593387 -0.8551688 0.1125016 0.2616496 -0.9585838 0.05488795 0.3301224 -0.942341 0.1800991 0.2894114 -0.9401093 0.1505483 0.3989891 -0.9045125 0.01508468 0.1830439 -0.9829891 -0.04447865 0.2539362 -0.9661977 0.08943915 0.2189298 -0.9716328 0.05488878 0.3301226 -0.9423409 -0.08412671 0.1002584 -0.9913985 -0.1446284 0.1723617 -0.9743584 -0.005185604 0.1430632 -0.9897 -0.04448139 0.2539361 -0.9661977 -0.1822136 0.01614165 -0.9831265 -0.2423542 0.08789968 -0.9661977 -0.1017136 0.06262534 -0.9928407 -0.144629 0.1723619 -0.9743583 -0.2762026 -0.06653141 -0.9587939 -0.3346399 0.003271698 -0.9423404 -0.1980552 -0.02077525 -0.9799706 -0.2423542 0.08789974 -0.9661977 -0.3633017 -0.1456704 -0.9202131 -0.4190704 -0.07897752 -0.9045125 -0.2905291 -0.1031257 -0.9512929 -0.3346405 0.003271639 -0.9423403 -0.441724 -0.2194437 -0.8698991 -0.4940686 -0.1567842 -0.8551696 -0.3753667 -0.1811304 -0.9090058 -0.419069 -0.0789771 -0.9045131 -0.5108584 -0.2863685 -0.8105658 -0.5589402 -0.2287431 -0.7970336 -0.4512596 -0.2543079 -0.8553902 -0.4940682 -0.1567839 -0.8551698 -0.5673382 -0.3495672 -0.7456072 -0.6137163 -0.2940948 -0.7327077 -0.5775622 -0.3491376 -0.7379193 -0.5181313 -0.3218252 -0.7924447 -0.558942 -0.2287429 -0.7970323 -0.6140338 -0.406165 -0.6767516 -0.6589394 -0.3526276 -0.6644191 -0.6345992 -0.4016141 -0.6602954 -0.595496 -0.3904886 -0.7020707 -0.6137155 -0.2940946 -0.7327085 -0.6631014 -0.4434421 -0.6030388 -0.6954409 -0.4045054 -0.593917 -0.646535 -0.443333 -0.6208449 -0.6589415 -0.3526274 -0.6644171 -0.6957082 -0.4843612 -0.5304568 -0.7241504 -0.4501399 -0.5224752 -0.6904678 -0.4858356 -0.5359273 -0.6659284 -0.4705398 -0.5789057 -0.6954356 -0.4045084 -0.5939211 -0.7199956 -0.5212414 -0.4581635 -0.7460028 -0.4900411 -0.4509319 -0.7262005 -0.5179215 -0.4520955 -0.7002989 -0.5142685 -0.4950853 -0.7241514 -0.4501388 -0.5224748 -0.7465513 -0.5432473 -0.384114 -0.7618258 -0.5247563 -0.3798059 -0.727162 -0.5489063 -0.4122346 -0.7460048 -0.4900394 -0.4509304 -0.7637408 -0.5652366 -0.3117812 -0.7723253 -0.5548084 -0.309356 -0.7492541 -0.5749571 -0.3286986 -0.7394583 -0.5621004 -0.3704655 -0.7618237 -0.5247578 -0.3798078 -0.7734558 -0.5862696 -0.2409444 -0.7780821 -0.5806542 -0.2396434 -0.7696368 -0.5899069 -0.2442727 -0.7517942 -0.5933685 -0.2876098 -0.7723273 -0.5548058 -0.3093559 -0.7876151 -0.5927292 -0.168329 -0.7795293 -0.6026783 -0.1706255 -0.7596189 -0.6177797 -0.2032912 -0.7780795 -0.5806561 -0.2396475 -0.8043566 -0.5866258 -0.09423834 -0.7769865 -0.6211759 -0.1021401 -0.7718624 -0.6254165 -0.1143804 -0.7669656 -0.621625 -0.1592053 -0.7795348 -0.6026726 -0.1706198 -0.7460547 -0.6619978 -0.07184308 -0.7769729 -0.621192 -0.1021455 0.7398811 0.6653963 -0.09911513 0.717547 0.6765457 -0.1655667 0.7398769 0.6654011 -0.09911447 0.6910206 0.6844099 -0.2325379 0.7175461 0.6765477 -0.1655623 0.6599374 0.6887482 -0.3001812 0.6910207 0.6844097 -0.2325379 0.6238377 0.6892032 -0.3685453 0.6599365 0.6887489 -0.3001813 0.5821768 0.6852815 -0.4375609 0.6238378 0.6892026 -0.3685462 0.5343332 0.6763556 -0.5069825 0.5821766 0.6852815 -0.4375612 0.4796617 0.6616608 -0.5763069 0.5343311 0.6763573 -0.5069825 0.4175477 0.640305 -0.6447197 0.479662 0.6616602 -0.5763075 0.3475174 0.61134 -0.7109819 0.4175488 0.6403048 -0.6447193 0.269369 0.5738393 -0.7734009 0.3475147 0.6113408 -0.7109825 0.1833806 0.5270522 -0.8298118 0.2693732 0.5738385 -0.7734 0.09045249 0.47061 -0.8776929 0.183378 0.5270516 -0.8298127 -0.007725238 0.4047405 -0.914399 0.09044963 0.4706106 -0.8776928 -0.1086769 0.3304415 -0.9375488 -0.007722616 0.4047404 -0.9143992 -0.2093661 0.2495136 -0.9454675 -0.1086764 0.3304422 -0.9375487 -0.3065524 0.1644052 -0.9375482 -0.2093678 0.2495137 -0.9454671 -0.3972503 0.07788729 -0.9143992 -0.3065497 0.1644059 -0.937549 -0.4791677 -0.007354915 -0.8776926 -0.3972511 0.07788759 -0.9143988 -0.5508887 -0.08906835 -0.8298124 -0.4791668 -0.007354795 -0.8776931 -0.611898 -0.1656323 -0.7733996 -0.5508891 -0.08906888 -0.8298121 -0.6623988 -0.2360767 -0.7109822 -0.6118991 -0.1656317 -0.7733989 -0.7030863 -0.3000174 -0.6447165 -0.662401 -0.2360774 -0.7109799 -0.7348988 -0.357477 -0.5763108 -0.7030838 -0.3000163 -0.6447196 -0.7588666 -0.4087669 -0.5069826 -0.7348989 -0.3574779 -0.57631 -0.7759684 -0.4543303 -0.4375582 -0.7588709 -0.4087656 -0.506977 -0.7870626 -0.4946791 -0.3685445 -0.7759662 -0.4543318 -0.4375603 -0.7928842 -0.5303075 -0.3001813 -0.7870619 -0.4946808 -0.3685438 -0.7940075 -0.5616741 -0.2325388 -0.7928828 -0.5303086 -0.3001828 -0.790871 -0.5891627 -0.1655611 -0.7940071 -0.5616745 -0.232539 -0.7837741 -0.6130862 -0.0991131 -0.790873 -0.5891602 -0.1655606 -0.7837733 -0.6130877 -0.09911113 0.7333223 0.6732124 -0.09499299 0.7066143 0.6895751 -0.1586896 0.7333346 0.6731981 -0.09499907 0.675669 0.7027055 -0.222882 0.7066173 0.6895722 -0.1586889 0.6401118 0.7123745 -0.2877144 0.6756616 0.702713 -0.2228806 0.5994988 0.718209 -0.3532381 0.6401124 0.7123745 -0.287713 0.553278 0.7197223 -0.4193845 0.599496 0.7182108 -0.353239 0.5008504 0.7162581 -0.4859251 0.5532798 0.71972 -0.419386 0.4416041 0.7070167 -0.5523707 0.5008525 0.716257 -0.4859247 0.3749688 0.6910493 -0.6179397 0.441599 0.7070194 -0.5523713 0.3005609 0.6672986 -0.6814512 0.3749713 0.6910485 -0.617939 0.2182947 0.6347106 -0.7412759 0.3005614 0.6672981 -0.6814514 0.1285765 0.5923632 -0.7953451 0.2182941 0.6347106 -0.7412761 0.03248405 0.5396893 -0.8412374 0.1285737 0.5923644 -0.7953448 -0.06811136 0.4767079 -0.8764191 0.03248822 0.5396896 -0.8412371 -0.1705917 0.4042313 -0.8986076 -0.06811094 0.4767086 -0.8764188 -0.2718071 0.3239257 -0.906197 -0.1705931 0.4042321 -0.898607 -0.3684659 0.238195 -0.8986079 -0.2718044 0.3239257 -0.9061979 -0.4576393 0.1498545 -0.8764188 -0.3684682 0.2381945 -0.898607 -0.5371299 0.06172364 -0.8412383 -0.4576397 0.1498545 -0.8764187 -0.6056893 -0.02375924 -0.7953465 -0.5371304 0.06172358 -0.8412379 -0.6629739 -0.1047613 -0.7412765 -0.6056916 -0.0237596 -0.7953447 -0.7093535 -0.180121 -0.68145 -0.6629737 -0.1047618 -0.7412766 -0.745662 -0.2492741 -0.6179407 -0.7093529 -0.180121 -0.6814507 -0.7729609 -0.3121181 -0.5523712 -0.745664 -0.2492733 -0.6179386 -0.7923506 -0.3688656 -0.4859206 -0.7729604 -0.3121177 -0.5523719 -0.8048609 -0.4198969 -0.4193874 -0.7923485 -0.3688662 -0.4859237 -0.8113999 -0.4656747 -0.3532384 -0.8048616 -0.4198955 -0.4193873 -0.8127052 -0.5066854 -0.2877153 -0.8113989 -0.465677 -0.3532379 -0.8093693 -0.5433664 -0.2228776 -0.8127117 -0.5066797 -0.2877076 -0.80181 -0.5761259 -0.1586813 -0.8093698 -0.5433658 -0.2228776 -0.7903223 -0.6052826 -0.09499436 -0.8018077 -0.5761289 -0.1586821 -0.79032 -0.6052855 -0.09499418 0.7271085 0.6806182 -0.08984553 0.696196 0.7019922 -0.1500608 0.727092 0.6806374 -0.08983308 0.6610374 0.7201407 -0.2107772 0.6962004 0.7019867 -0.1500657 0.6212351 0.734871 -0.2720877 0.6610386 0.7201402 -0.2107749 0.5763217 0.7458298 -0.334053 0.6212354 0.7348714 -0.272086 0.5257673 0.7525091 -0.3966095 0.576326 0.745826 -0.3340539 0.4689673 0.7542554 -0.4595308 0.525759 0.7525154 -0.3966084 0.4053581 0.7502089 -0.5223709 0.4689705 0.754254 -0.4595298 0.3344309 0.7393638 -0.5843777 0.4053642 0.7502058 -0.5223707 0.2558507 0.720583 -0.6444382 0.3344237 0.7393658 -0.5843793 0.1696588 0.6926716 -0.701015 0.255853 0.7205818 -0.6444386 0.07639127 0.6545513 -0.7521483 0.16966 0.6926708 -0.7010155 -0.02270483 0.605466 -0.7955473 0.07639586 0.6545503 -0.7521488 -0.1256135 0.5452365 -0.8288175 -0.02270865 0.6054655 -0.7955476 -0.2295514 0.4744951 -0.8498004 -0.1256145 0.5452366 -0.8288173 -0.3312605 0.3947839 -0.8569786 -0.2295497 0.4744957 -0.8498004 -0.4274253 0.3084573 -0.849801 -0.3312612 0.3947839 -0.8569782 -0.5151411 0.2183823 -0.8288178 -0.4274234 0.3084585 -0.8498015 -0.5923234 0.1275013 -0.795548 -0.5151421 0.2183821 -0.8288173 -0.6578732 0.03842949 -0.7521477 -0.592324 0.1275007 -0.7955477 -0.7116087 -0.04679971 -0.7010157 -0.6578739 0.03842914 -0.752147 -0.7540642 -0.1268374 -0.6444373 -0.7116103 -0.0467993 -0.7010141 -0.7862049 -0.2009582 -0.5843781 -0.7540611 -0.1268371 -0.6444411 -0.8092001 -0.2689292 -0.5223719 -0.7862052 -0.2009595 -0.5843772 -0.8242303 -0.330871 -0.459531 -0.8092012 -0.2689281 -0.5223706 -0.8323791 -0.3871013 -0.3966076 -0.8242319 -0.3308694 -0.4595296 -0.8345742 -0.4380567 -0.3340544 -0.8323754 -0.3871031 -0.3966138 -0.8315837 -0.4841884 -0.2720848 -0.8345748 -0.4380594 -0.3340493 -0.8239873 -0.5259454 -0.2107759 -0.8315839 -0.484188 -0.2720851 -0.8122146 -0.5637262 -0.1500676 -0.8239871 -0.5259453 -0.2107774 -0.7965447 -0.5978672 -0.08984202 -0.812211 -0.5637301 -0.1500729 -0.7965493 -0.597862 -0.08983564 0.7212374 0.6876147 -0.08368277 0.6864263 0.7136353 -0.1397989 0.7212453 0.6876052 -0.08369266 0.6473047 0.7365069 -0.1963527 0.686421 0.7136411 -0.1397948 0.6035093 0.7559962 -0.2534686 0.6473067 0.7365052 -0.1963524 0.5545631 0.7717618 -0.3111969 0.6035122 0.7559936 -0.2534696 0.4999269 0.7832997 -0.369479 0.5545657 0.7717596 -0.3111976 0.4390404 0.7899237 -0.4280936 0.4999291 0.7832986 -0.3694784 0.3713389 0.790756 -0.4866338 0.4390399 0.7899233 -0.428095 0.2963593 0.7847282 -0.5444012 0.3713349 0.7907586 -0.4866327 0.2138789 0.770605 -0.600353 0.2963662 0.7847263 -0.5444005 0.1239992 0.7470875 -0.6530578 0.2138741 0.7706064 -0.6003531 0.02740371 0.7129366 -0.7006928 0.1240021 0.7470876 -0.6530572 -0.07452911 0.6672193 -0.7411234 0.0273987 0.7129375 -0.7006921 -0.1795988 0.6095719 -0.7721181 -0.07452523 0.6672199 -0.7411233 -0.2849003 0.5404592 -0.7916664 -0.1795958 0.6095728 -0.7721182 -0.3870806 0.4613064 -0.7983514 -0.2849044 0.5404598 -0.7916646 -0.4827753 0.3744242 -0.7916656 -0.3870804 0.4613069 -0.7983513 -0.5691272 0.2827205 -0.7721161 -0.482778 0.374424 -0.7916641 -0.644141 0.1892554 -0.741124 -0.569124 0.2827219 -0.7721182 -0.7068643 0.09681427 -0.7006924 -0.6441429 0.1892551 -0.7411225 -0.7572699 0.007614016 -0.6530578 -0.7068641 0.0968151 -0.7006926 -0.7960379 -0.07681119 -0.6003532 -0.757269 0.00761491 -0.6530588 -0.82427 -0.1555957 -0.5443978 -0.7960395 -0.07681202 -0.6003509 -0.8432253 -0.2283812 -0.4866344 -0.8242689 -0.1555945 -0.5443997 -0.8541613 -0.2952017 -0.4280939 -0.8432248 -0.2283802 -0.4866359 -0.85821 -0.3563147 -0.36948 -0.8541613 -0.2952005 -0.4280951 -0.8563361 -0.4121236 -0.3111954 -0.8582125 -0.3563141 -0.3694747 -0.8493067 -0.4630676 -0.2534694 -0.856336 -0.4121238 -0.3111958 -0.8377154 -0.509584 -0.1963595 -0.8493035 -0.4630699 -0.2534757 -0.8219904 -0.5520753 -0.1398024 -0.8377145 -0.5095869 -0.1963559 -0.802402 -0.5908865 -0.08369088 -0.8219905 -0.5520753 -0.1398015 -0.8024012 -0.5908885 -0.08368587 0.7158473 0.6940385 -0.07663702 0.677402 0.72439 -0.1280062 0.7158473 0.6940389 -0.07663357 0.6346276 0.7516154 -0.1797835 0.6773947 0.7243973 -0.1280041 0.5871407 0.7755043 -0.2320755 0.6346256 0.7516177 -0.1797813 0.5344639 0.7957168 -0.2849267 0.5871399 0.7755047 -0.2320763 0.4760587 0.8117458 -0.3382852 0.5344597 0.7957199 -0.2849262 0.4113856 0.8228814 -0.3919541 0.4760614 0.811744 -0.338286 0.3399006 0.8282195 -0.4455558 0.411387 0.8228797 -0.3919562 0.2611987 0.8266364 -0.4984452 0.3399002 0.8282197 -0.4455561 0.1750932 0.8168226 -0.5496757 0.261198 0.8266376 -0.4984436 0.08181911 0.7973594 -0.5979329 0.1751003 0.8168212 -0.5496755 -0.01786214 0.7668761 -0.6415467 0.08181369 0.7973605 -0.5979321 -0.1223974 0.7242723 -0.6785635 -0.01785945 0.7668768 -0.6415458 -0.2294722 0.6690132 -0.7069398 -0.1224009 0.7242714 -0.678564 -0.336042 0.6014015 -0.7248393 -0.2294723 0.6690124 -0.7069405 -0.43865 0.5227651 -0.7309604 -0.3360411 0.6014025 -0.724839 -0.5339159 0.4353654 -0.7248386 -0.4386498 0.5227652 -0.7309603 -0.6189987 0.3421618 -0.7069413 -0.5339154 0.4353659 -0.7248386 -0.6920161 0.2463071 -0.6785622 -0.6189997 0.3421604 -0.7069411 -0.7521257 0.1507551 -0.6415449 -0.6920146 0.2463072 -0.6785637 -0.7994546 0.05788773 -0.597931 -0.752125 0.1507561 -0.6415455 -0.8348177 -0.03059726 -0.5496756 -0.7994529 0.05788922 -0.5979331 -0.8594343 -0.1136871 -0.4984455 -0.8348184 -0.03059893 -0.5496745 -0.8746589 -0.1909184 -0.445558 -0.8594335 -0.1136868 -0.4984471 -0.8818156 -0.2622438 -0.3919562 -0.8746609 -0.1909187 -0.4455541 -0.8820768 -0.3278732 -0.3382893 -0.8818136 -0.2622443 -0.3919602 -0.8764349 -0.3881714 -0.2849299 -0.8820762 -0.3278742 -0.3382901 -0.8656767 -0.4435569 -0.2320804 -0.876434 -0.3881713 -0.2849327 -0.8503994 -0.4944688 -0.1797823 -0.8656772 -0.4435573 -0.2320774 -0.8310183 -0.541317 -0.128003 -0.8503986 -0.4944692 -0.1797844 -0.8078126 -0.5844389 -0.07661688 -0.8310288 -0.5413041 -0.1279884 -0.8078168 -0.5844332 -0.07661664 0.7109437 0.6998829 -0.06872516 0.6692025 0.7341617 -0.1147814 0.7109327 0.6998954 -0.06871145 0.6231279 0.7653197 -0.1612371 0.6692097 0.7341526 -0.1147977 0.5722997 0.7931918 -0.2081345 0.6231302 0.7653178 -0.1612376 0.5162391 0.8174338 -0.255537 0.572297 0.7931929 -0.2081376 0.4544267 0.8375267 -0.3033899 0.5162386 0.8174343 -0.2555369 0.3863199 0.8527545 -0.3515206 0.4544287 0.837526 -0.303389 0.3114018 0.8621832 -0.3995865 0.386313 0.8527575 -0.3515208 0.2293177 0.8646303 -0.4470211 0.3114047 0.8621816 -0.3995874 0.1399393 0.8587242 -0.49296 0.229312 0.8646323 -0.4470202 0.04356896 0.8429404 -0.5362399 0.1399435 0.8587231 -0.4929612 -0.05889588 0.8157808 -0.5753546 0.04356712 0.8429393 -0.536242 -0.1658036 0.7759979 -0.6085529 -0.05889511 0.8157803 -0.5753555 -0.2746887 0.7229005 -0.6340039 -0.1658011 0.7759963 -0.6085556 -0.3824036 0.6566538 -0.6500565 -0.2746889 0.7229002 -0.6340044 -0.4854031 0.5784837 -0.655546 -0.3824051 0.6566538 -0.6500554 -0.5802778 0.4906189 -0.6500545 -0.4854034 0.5784837 -0.6555458 -0.6642166 0.3960483 -0.6340048 -0.5802761 0.4906203 -0.650055 -0.7354177 0.2980331 -0.6085532 -0.6642165 0.3960487 -0.6340047 -0.79316 0.1996591 -0.5753553 -0.735418 0.298032 -0.6085535 -0.8376989 0.1034672 -0.5362417 -0.7931601 0.1996585 -0.5753552 -0.8699772 0.01130259 -0.4929625 -0.8376995 0.1034698 -0.5362403 -0.8913156 -0.07569164 -0.4470205 -0.8699765 0.0113033 -0.4929637 -0.9031589 -0.1569565 -0.3995859 -0.8913164 -0.07569164 -0.4470191 -0.906884 -0.2323663 -0.3515217 -0.9031574 -0.1569558 -0.3995894 -0.9037167 -0.3020836 -0.3033838 -0.9068863 -0.2323678 -0.3515146 -0.8946626 -0.3664466 -0.2555302 -0.903716 -0.3020853 -0.303384 -0.8805233 -0.4258638 -0.2081316 -0.8946619 -0.3664471 -0.2555324 -0.8619021 -0.4807598 -0.1612289 -0.8805244 -0.4258639 -0.2081269 -0.8392102 -0.531555 -0.1147844 -0.8619023 -0.480761 -0.1612246 -0.8127025 -0.5786115 -0.06872719 -0.8392056 -0.5315586 -0.1148016 -0.8126934 -0.5786207 -0.06875705 0.7065931 0.7050669 -0.06005883 0.6619545 0.7427997 -0.1003244 0.7065945 0.7050652 -0.06006151 0.6129347 0.7774683 -0.1409044 0.6619496 0.7428047 -0.1003198 0.5591422 0.8088707 -0.1819012 0.6129397 0.777464 -0.1409072 0.5000906 0.8366788 -0.2233339 0.5591462 0.8088667 -0.181907 0.4352535 0.8603782 -0.2651489 0.5000854 0.8366835 -0.223328 0.3640983 0.8792327 -0.3072169 0.4352531 0.8603783 -0.2651492 0.2861543 0.8922735 -0.3492331 0.3641061 0.8792291 -0.307218 0.2010643 0.8982965 -0.3906875 0.2861496 0.8922758 -0.3492311 0.1087943 0.8958457 -0.4308415 0.2010725 0.8982931 -0.390691 0.009679913 0.8833245 -0.4686622 0.1087823 0.8958482 -0.4308391 -0.0952537 0.8591108 -0.5028474 0.009682893 0.8833246 -0.4686618 -0.2042567 0.8218281 -0.5318626 -0.09525024 0.8591104 -0.5028488 -0.3147535 0.7706477 -0.5541051 -0.2042601 0.8218272 -0.5318627 -0.4234839 0.7056093 -0.5681346 -0.31475 0.7706483 -0.5541061 -0.5268278 0.6278518 -0.5729352 -0.4234802 0.7056101 -0.5681365 -0.6213556 0.539575 -0.568134 -0.5268324 0.6278502 -0.5729326 -0.7042805 0.4437955 -0.554107 -0.6213535 0.5395759 -0.5681354 -0.7738741 0.3438631 -0.531862 -0.7042831 0.4437937 -0.5541052 -0.8295181 0.242989 -0.502848 -0.7738736 0.3438627 -0.531863 -0.8715852 0.1438506 -0.4686645 -0.8295172 0.2429902 -0.502849 -0.901129 0.04842782 -0.4308381 -0.8715862 0.1438506 -0.4686626 -0.919565 -0.04202616 -0.3906843 -0.9011288 0.04842841 -0.4308381 -0.9284093 -0.1268617 -0.3492313 -0.9195644 -0.04202431 -0.3906858 -0.929099 -0.2058941 -0.3072179 -0.9284098 -0.1268627 -0.3492295 -0.9228859 -0.2792395 -0.2651546 -0.9290978 -0.2058941 -0.3072215 -0.9108084 -0.3472044 -0.2233323 -0.9228859 -0.2792391 -0.2651548 -0.893675 -0.4101908 -0.1819027 -0.9108082 -0.347206 -0.2233301 -0.8720878 -0.4686216 -0.1409144 -0.8936744 -0.4101924 -0.1819024 -0.846463 -0.5229103 -0.1003257 -0.8720887 -0.4686208 -0.1409109 -0.817052 -0.5734271 -0.06006401 -0.8464624 -0.5229101 -0.1003317 -0.8170601 -0.5734184 -0.06003522 0.7746757 0.6239055 0.1030514 0.7769886 0.6211286 0.1024121 0.831804 0.5448207 0.1061716 0.746432 0.6615757 0.07181131 0.788456 0.5915157 0.1686603 0.7795416 0.6025005 0.1711965 0.7660351 0.6231021 0.1579052 0.7770037 0.6211098 0.1024104 0.7737439 0.5854918 0.2419087 0.7780266 0.5802894 0.2407048 0.7702885 0.590891 0.239799 0.7612125 0.6167635 0.2003958 0.7795349 0.6025093 0.1711959 0.758459 0.5705531 0.3149749 0.7721235 0.5540801 0.3111599 0.7626065 0.5631536 0.3182603 0.7526926 0.5953472 0.2810971 0.7780355 0.5802768 0.2407067 0.7409231 0.547919 0.3883525 0.7612927 0.52344 0.3826803 0.7308877 0.5684138 0.3777683 0.7721208 0.5540845 0.3111588 0.7187443 0.5191332 0.4625013 0.7448654 0.4877881 0.4552345 0.7120946 0.5365932 0.4527572 0.7612909 0.5234435 0.3826792 0.6892603 0.4856376 0.5376583 0.7219848 0.4464675 0.5285876 0.6850215 0.500406 0.529471 0.7448679 0.4877823 0.4552366 0.6529719 0.4449909 0.612871 0.6916132 0.3988042 0.6021847 0.6509481 0.4557794 0.6070681 0.7219821 0.446475 0.528585 0.6099649 0.3951423 0.686881 0.6526153 0.3441218 0.675036 0.6092278 0.4066671 0.6807814 0.6916128 0.3988066 0.6021835 0.558006 0.3367443 0.758441 0.6038061 0.2818854 0.7456265 0.559426 0.3554819 0.7487825 0.6526151 0.3441203 0.6750368 0.4956431 0.2700414 0.825479 0.5441529 0.2118865 0.8117893 0.503045 0.3006361 0.8102863 0.6038061 0.2818873 0.7456257 0.4212632 0.1964439 0.8854079 0.4730212 0.1344293 0.8707352 0.4395614 0.2411391 0.8652386 0.5441523 0.211885 0.81179 0.3354222 0.1164841 0.9348387 0.3905053 0.05057734 0.9192104 0.3652285 0.173079 0.9146868 0.4730207 0.1344289 0.8707355 0.2401016 0.03110313 0.9702494 0.2977249 -0.03773289 0.9539057 0.2794312 0.09503054 0.9554514 0.3905063 0.0505777 0.9192098 0.1378315 -0.05719619 0.9888029 0.1969769 -0.1277402 0.9720508 0.1853778 0.01138371 0.9826014 0.2977246 -0.03773295 0.9539058 0.03217864 -0.1454123 0.9888478 0.09159427 -0.216167 0.9720507 0.08524769 -0.074404 0.9935779 0.1969774 -0.1277395 0.9720507 -0.07275849 -0.2305262 0.9703422 -0.01454049 -0.2997528 0.9539062 -0.01947069 -0.1604804 0.986847 0.09159469 -0.2161652 0.9720509 -0.1734352 -0.3095178 0.9349434 -0.1176198 -0.3757886 0.9192109 -0.124176 -0.2439254 0.9618112 -0.01454031 -0.2997535 0.9539059 -0.2670941 -0.380158 0.8855172 -0.2145271 -0.4424917 0.870735 -0.2227102 -0.3203985 0.9207307 -0.1176198 -0.37579 0.9192103 -0.3516504 -0.4416624 0.8253946 -0.3031573 -0.4990937 0.811789 -0.313265 -0.3874276 0.8670439 -0.2145277 -0.4424932 0.8707339 -0.4307276 -0.4883062 0.7589671 -0.3824536 -0.5456842 0.7456259 -0.4326895 -0.5044527 0.7471996 -0.3956655 -0.4453942 0.8031644 -0.3031576 -0.4990925 0.8117895 -0.4906169 -0.5375932 0.6857759 -0.4522185 -0.5829418 0.6750388 -0.4796137 -0.5139177 0.7112379 -0.3824532 -0.5456805 0.7456288 -0.5459585 -0.5727958 0.61142 -0.5128442 -0.611855 0.6021829 -0.5429636 -0.5566195 0.6287809 -0.5116748 -0.53666 0.6709583 -0.4522187 -0.5829453 0.6750356 -0.5942807 -0.5989881 0.5366972 -0.5650568 -0.6334883 0.5285863 -0.5947498 -0.5942776 0.5413935 -0.5748174 -0.5713711 0.5857645 -0.5128439 -0.6118604 0.6021778 -0.6363592 -0.6173044 0.4625824 -0.6097201 -0.6488496 0.4552313 -0.6338347 -0.625062 0.4555777 -0.6257947 -0.5990993 0.4994608 -0.5650568 -0.633486 0.5285891 -0.66328 -0.6405384 0.3870016 -0.6476871 -0.6588292 0.3826819 -0.6654399 -0.6202855 0.4152538 -0.609722 -0.6488444 0.4552365 -0.6885039 -0.6539347 0.3135791 -0.6797465 -0.6641715 0.3111608 -0.6955994 -0.6376574 0.33096 -0.6808806 -0.6302404 0.3730936 -0.6476862 -0.6588299 0.3826823 -0.7109202 -0.6603603 0.2419024 -0.7065678 -0.66545 0.2407039 -0.7145045 -0.6549298 0.2460696 -0.7142056 -0.6372422 0.2895388 -0.6797431 -0.6641783 0.3111538 -0.7206268 -0.6724153 0.1689814 -0.728712 -0.6630775 0.1711933 -0.7400531 -0.6405745 0.2049044 -0.7065677 -0.6654496 0.2407049 -0.716963 -0.6906886 0.09441101 -0.7465941 -0.6573506 0.102409 -0.7506793 -0.6504794 0.115574 -0.7442732 -0.6482975 0.1605235 -0.7287116 -0.6630787 0.1711902 -0.7817305 -0.6193757 0.07260334 -0.746609 -0.6573323 0.102418 0.7838144 0.612993 0.09937101 0.7909172 0.5889446 0.1661151 0.783813 0.6129947 0.09937143 0.7940258 0.5612204 0.2335695 0.7909167 0.5889451 0.1661157 0.7927942 0.529447 0.3019325 0.7940249 0.5612216 0.2335698 0.7867187 0.4931399 0.371331 0.7927945 0.5294466 0.3019326 0.7751133 0.4517375 0.4417382 0.7867198 0.4931378 0.3713315 0.7571007 0.404622 0.5129128 0.7751107 0.4517428 0.4417372 0.7316251 0.3511209 0.5843276 0.757103 0.4046164 0.5129141 0.6974653 0.2906712 0.655021 0.7316236 0.3511273 0.5843257 0.6533483 0.2228445 0.7235166 0.6974659 0.2906653 0.655023 0.5980902 0.1476054 0.7877188 0.6533483 0.2228454 0.7235164 0.5308746 0.06548154 0.8449168 0.59809 0.147605 0.787719 0.4515795 -0.02220618 0.8919546 0.5308743 0.06548392 0.8449168 0.3611034 -0.1132654 0.9256216 0.4515786 -0.02220743 0.8919549 0.2615618 -0.2047092 0.9432283 0.361104 -0.1132656 0.9256214 0.156179 -0.2931339 0.9432289 0.2615636 -0.2047073 0.9432282 0.0488401 -0.3752869 0.9256212 0.1561788 -0.2931371 0.943228 -0.05654627 -0.4485752 0.8919546 0.04883962 -0.3752869 0.9256212 -0.1566761 -0.511439 0.8449159 -0.05654573 -0.448574 0.8919552 -0.2492203 -0.5633716 0.7877193 -0.1566758 -0.5114397 0.8449156 -0.3329105 -0.6047227 0.7235199 -0.2492199 -0.5633695 0.787721 -0.4073657 -0.6363989 0.6550189 -0.3329122 -0.6047278 0.7235149 -0.472838 -0.6595373 0.5843243 -0.4073657 -0.6363943 0.6550233 -0.5299397 -0.6753373 0.5129166 -0.4728378 -0.6595374 0.5843243 -0.5794763 -0.6848896 0.4417393 -0.5299398 -0.6753349 0.5129198 -0.6222579 -0.6891341 0.3713346 -0.5794746 -0.6848947 0.4417335 -0.6590702 -0.6888144 0.3019295 -0.6222583 -0.6891369 0.3713288 -0.6905795 -0.6845032 0.2335708 -0.6590728 -0.6888104 0.3019328 -0.7173464 -0.6766226 0.1661209 -0.6905828 -0.6844999 0.2335709 -0.7397965 -0.665451 0.09937888 -0.7173435 -0.6766264 0.1661176 -0.7398012 -0.6654458 0.09937912 0.7903656 0.6051858 0.09524953 0.8018819 0.5758771 0.15922 0.7903658 0.6051856 0.09524923 0.8094457 0.5428435 0.2238721 0.8018786 0.5758816 0.1592203 0.8127334 0.5056836 0.2893936 0.8094461 0.5428435 0.2238709 0.811241 0.4639148 0.355909 0.8127322 0.5056862 0.2893927 0.8042834 0.4169772 0.4233893 0.8112379 0.4639207 0.3559084 0.7909763 0.3642472 0.4916104 0.8042864 0.4169702 0.4233902 0.7702136 0.3051372 0.5600557 0.790974 0.3642528 0.4916097 0.7407239 0.2391143 0.6278158 0.7702142 0.3051335 0.5600568 0.7011286 0.165903 0.693466 0.7407234 0.2391182 0.6278147 0.6501106 0.0856086 0.7550016 0.7011291 0.165901 0.6934659 0.5866733 -0.001014232 0.8098232 0.6501109 0.08561176 0.7550011 0.5104848 -0.09240889 0.854907 0.5866732 -0.001015901 0.8098232 0.422233 -0.1861162 0.8871755 0.510485 -0.09240812 0.854907 0.3238554 -0.2789448 0.9040507 0.4222335 -0.1861158 0.8871752 0.2184708 -0.3673733 0.9040506 0.3238548 -0.2789456 0.9040507 0.1099687 -0.4481372 0.8871754 0.2184708 -0.3673714 0.9040513 0.002361357 -0.5187771 0.8549063 0.1099677 -0.4481393 0.8871744 -0.1008767 -0.5779401 0.8098205 0.002361416 -0.5187752 0.8549076 -0.1971977 -0.625368 0.7550021 -0.1008754 -0.5779353 0.8098241 -0.2851324 -0.6616687 0.6934653 -0.1971974 -0.6253678 0.7550022 -0.3641058 -0.6879479 0.6278175 -0.285133 -0.6616711 0.6934628 -0.4342489 -0.7055264 0.5600541 -0.3641061 -0.6879485 0.6278167 -0.496066 -0.7157052 0.4916143 -0.4342479 -0.7055233 0.5600587 -0.5503012 -0.7196626 0.4233845 -0.4960653 -0.7157102 0.4916077 -0.5977374 -0.718357 0.355912 -0.5503018 -0.7196581 0.4233912 -0.6391302 -0.7125759 0.2893928 -0.5977365 -0.7183599 0.3559074 -0.6751518 -0.7028888 0.2238692 -0.639131 -0.7125762 0.2893906 -0.706367 -0.6897074 0.159215 -0.6751494 -0.7028934 0.2238622 -0.7332335 -0.6732729 0.09524869 -0.7063732 -0.6897003 0.1592183 -0.7332292 -0.6732775 0.09524857 0.7966231 0.597728 0.09007245 0.8123301 0.5634261 0.1505686 0.7966203 0.5977316 0.09007334 0.8241403 0.5253316 0.2117064 0.8123375 0.5634161 0.1505668 0.8317182 0.4830586 0.2736772 0.8241324 0.5253428 0.2117093 0.8345897 0.4360905 0.3365787 0.8317177 0.4830597 0.2736772 0.8320657 0.3838644 0.4003937 0.8345947 0.4360811 0.3365784 0.8232287 0.3258137 0.4649087 0.832063 0.3838699 0.4003938 0.8069607 0.2613406 0.5296374 0.8232325 0.3258031 0.4649093 0.7819165 0.1900252 0.5937148 0.8069601 0.261343 0.5296369 0.7466282 0.1116781 0.6558005 0.7819162 0.1900265 0.5937147 0.6996473 0.02657502 0.713994 0.7466286 0.1116789 0.6558 0.6398071 -0.06433874 0.7658377 0.6996476 0.02657324 0.7139939 0.5665754 -0.1592553 0.808474 0.6398064 -0.06433737 0.7658385 0.4804407 -0.2554844 0.8389902 0.5665757 -0.1592532 0.8084743 0.3831706 -0.3496336 0.8549484 0.4804395 -0.2554873 0.8389901 0.2777858 -0.4380602 0.8549493 0.3831711 -0.3496323 0.8549486 0.1681753 -0.5175077 0.8389893 0.2777843 -0.4380641 0.8549479 0.05845034 -0.5856211 0.8084748 0.168177 -0.5175045 0.8389909 -0.04774278 -0.6412584 0.7658385 0.05845057 -0.5856214 0.8084746 -0.1476609 -0.6844025 0.7139954 -0.04774403 -0.6412588 0.765838 -0.2396336 -0.7158932 0.6557993 -0.1476619 -0.6844059 0.713992 -0.3229157 -0.7370352 0.593721 -0.2396321 -0.7158893 0.6558041 -0.3974995 -0.749321 0.529634 -0.3229178 -0.7370417 0.5937117 -0.4638124 -0.7541486 0.4649065 -0.3974986 -0.7493184 0.5296384 -0.5225211 -0.752767 0.4003919 -0.463812 -0.7541485 0.4649071 -0.5743889 -0.7461856 0.3365777 -0.522521 -0.7527629 0.4003998 -0.6201462 -0.7352004 0.2736771 -0.5743888 -0.746185 0.336579 -0.6604675 -0.7203896 0.2117109 -0.6201465 -0.7352009 0.273675 -0.6959306 -0.7021446 0.1505778 -0.6604708 -0.7203856 0.2117143 -0.7269827 -0.6807223 0.09007388 -0.6959255 -0.7021511 0.1505706 -0.7269663 -0.6807428 0.09005129 0.8024873 0.5907397 0.08391028 0.8221338 0.5517418 0.1402751 0.8024823 0.5907458 0.08391535 0.8379279 0.5089013 0.1972216 0.8221411 0.5517321 0.1402705 0.8495472 0.4618117 0.2549499 0.8379282 0.5089007 0.1972219 0.8565185 0.4099521 0.3135527 0.8495484 0.4618094 0.2549503 0.8581426 0.3527909 0.3730012 0.8565141 0.4099612 0.3135529 0.8535125 0.2897181 0.4331051 0.8581449 0.3527853 0.3730011 0.8414572 0.2202297 0.4934053 0.8535121 0.2897184 0.4331057 0.820586 0.1439407 0.5531001 0.8414564 0.2202344 0.4934047 0.7893427 0.06077355 0.6109377 0.8205861 0.1439421 0.5530996 0.7461522 -0.02884984 0.6651502 0.7893433 0.0607711 0.6109371 0.689688 -0.1237828 0.7134482 0.7461525 -0.02884775 0.6651499 0.6192351 -0.2220099 0.7531663 0.6896886 -0.1237831 0.7134476 0.5350872 -0.3206129 0.781594 0.6192343 -0.2220121 0.7531664 0.4388576 -0.4159959 0.7964618 0.5350865 -0.3206118 0.7815949 0.3334714 -0.5044298 0.7964593 0.4388558 -0.4160004 0.7964605 0.2228245 -0.5826309 0.7815948 0.3334727 -0.5044241 0.7964624 0.1111094 -0.6483783 0.7531669 0.2228245 -0.5826308 0.7815951 0.002138555 -0.7007076 0.7134454 0.1111092 -0.6483814 0.7531643 -0.1011586 -0.7398251 0.665151 0.002140998 -0.7007021 0.7134507 -0.1969143 -0.7667987 0.6109374 -0.1011605 -0.7398278 0.6651476 -0.2842463 -0.7831265 0.5530976 -0.1969152 -0.7668004 0.6109351 -0.3630038 -0.7904307 0.493404 -0.2842454 -0.7831246 0.5531009 -0.4335314 -0.7902348 0.4331045 -0.3630033 -0.7904293 0.4934068 -0.4964421 -0.7838444 0.3730057 -0.4335321 -0.7902345 0.4331043 -0.5524634 -0.7723156 0.3135488 -0.4964417 -0.7838474 0.373 -0.602321 -0.7564438 0.2549555 -0.5524638 -0.7723124 0.3135563 -0.6466782 -0.736823 0.197229 -0.6023215 -0.7564435 0.2549554 -0.6861204 -0.7138365 0.1402722 -0.646677 -0.7368236 0.1972304 -0.7211139 -0.6877171 0.0839045 -0.6861171 -0.713842 0.1402601 -0.7211332 -0.6876924 0.08394098 0.8079138 0.5842726 0.07681828 0.8311967 0.540941 0.1284325 0.8079016 0.5842884 0.07682651 0.8506608 0.4937272 0.1805819 0.8311944 0.5409438 0.1284371 0.8660142 0.4421859 0.2334336 0.850664 0.4937225 0.1805796 0.8767688 0.385823 0.2870839 0.8660163 0.4421823 0.2334323 0.8822371 0.3240751 0.341516 0.8767697 0.3858208 0.2870845 0.8814876 0.2563793 0.3965469 0.8822373 0.3240739 0.3415166 0.8733284 0.1822476 0.4517559 0.8814874 0.2563796 0.3965471 0.8563147 0.1013604 0.5064102 0.8733286 0.1822487 0.4517551 0.8288062 0.01374262 0.559367 0.8563147 0.1013632 0.5064097 0.7891195 -0.08005148 0.6090012 0.8288062 0.01373904 0.5593671 0.7357745 -0.1787064 0.6532227 0.7891178 -0.08005481 0.6090028 0.6678863 -0.2799919 0.6895887 0.7357742 -0.178709 0.6532223 0.585575 -0.3807809 0.7156171 0.6678853 -0.2799938 0.6895889 0.4903023 -0.4773126 0.7292301 0.5855757 -0.3807788 0.7156177 0.3849211 -0.5657386 0.7292295 0.4903024 -0.4773123 0.7292302 0.2733137 -0.642802 0.7156153 0.3849194 -0.5657398 0.7292295 0.1597594 -0.7063608 0.6895879 0.2733145 -0.6427974 0.7156192 0.04822862 -0.7556272 0.6532239 0.1597588 -0.7063624 0.6895864 -0.05819469 -0.7910332 0.6089992 0.0482285 -0.7556279 0.6532232 -0.1574535 -0.8138288 0.5593667 -0.0581929 -0.7910307 0.6090025 -0.2485162 -0.8257048 0.5064104 -0.1574542 -0.8138293 0.5593658 -0.3311321 -0.8284144 0.4517534 -0.2485157 -0.8257034 0.5064129 -0.4055545 -0.8235763 0.3965449 -0.3311313 -0.8284132 0.4517562 -0.4723498 -0.8125593 0.341516 -0.4055541 -0.8235753 0.3965473 -0.5322084 -0.7964515 0.2870876 -0.4723488 -0.8125576 0.3415212 -0.5858482 -0.7760745 0.2334314 -0.5322085 -0.7964537 0.2870817 -0.6339333 -0.7520119 0.1805734 -0.5858483 -0.7760762 0.233426 -0.6770544 -0.7246415 0.128422 -0.6339322 -0.7520141 0.1805684 -0.7156985 -0.6941692 0.07684218 -0.6770613 -0.7246333 0.1284312 -0.7156869 -0.6941849 0.07680875 0.8128076 0.5784404 0.0689249 0.8394147 0.5311473 0.115177 0.8128218 0.5784237 0.06889933 0.8622169 0.4799547 0.1619432 0.8394169 0.5311438 0.1151766 0.8809472 0.4243896 0.2093456 0.8622178 0.4799532 0.1619433 0.8951309 0.3639398 0.2574659 0.8809449 0.4243931 0.2093482 0.9040826 0.2980417 0.3062773 0.8951326 0.3639371 0.2574638 0.9068527 0.2261511 0.3556319 0.9040821 0.298043 0.3062779 0.9022248 0.147809 0.4051458 0.9068536 0.2261481 0.3556315 0.8887052 0.06276154 0.454163 0.9022238 0.1478121 0.4051468 0.8645849 -0.02889716 0.5016553 0.8887056 0.0627591 0.4541627 0.8280715 -0.1264739 0.5461703 0.8645845 -0.02890145 0.5016556 0.777555 -0.2285017 0.5858287 0.8280716 -0.1264766 0.5461695 0.7119943 -0.3325592 0.6184404 0.7775554 -0.2285024 0.585828 0.6313493 -0.435329 0.6417841 0.7119945 -0.332557 0.6184414 0.5369462 -0.5329011 0.6539919 0.631348 -0.4353312 0.6417838 0.4315623 -0.6213279 0.6539922 0.536947 -0.5328999 0.6539922 0.3190859 -0.697346 0.6417888 0.4315623 -0.6213251 0.6539948 0.2038658 -0.7589266 0.6184409 0.3190839 -0.6973518 0.6417834 0.09000861 -0.8054203 0.5858299 0.2038691 -0.7589223 0.6184452 -0.01923835 -0.8374543 0.5461688 0.09000504 -0.8054225 0.5858275 -0.1216758 -0.8564696 0.501652 -0.01923924 -0.8374559 0.5461662 -0.216126 -0.8643035 0.4541686 -0.1216719 -0.8564655 0.50166 -0.3022343 -0.8628511 0.405145 -0.216129 -0.8643075 0.4541596 -0.3801873 -0.8538054 0.3556318 -0.302235 -0.8628516 0.4051437 -0.4505037 -0.8385945 0.3062773 -0.3801879 -0.8538064 0.355629 -0.5138438 -0.8183386 0.2574618 -0.4505037 -0.8385956 0.3062741 -0.5709211 -0.7938655 0.2093487 -0.5138443 -0.8183366 0.2574674 -0.6223891 -0.7657697 0.1619527 -0.5709216 -0.7938647 0.2093503 -0.6688385 -0.7344315 0.1151761 -0.6223868 -0.7657749 0.1619371 -0.7107844 -0.7000277 0.06889778 -0.6688421 -0.7344264 0.115188 -0.7107853 -0.7000262 0.06890326 0.8171875 0.5732195 0.06020021 0.8466941 0.5224715 0.1006609 0.8171752 0.5732358 0.06021332 0.8724484 0.4677616 0.1415377 0.8466909 0.522476 0.1006646 0.8941747 0.4086271 0.1829637 0.8724502 0.4677586 0.1415367 0.9114023 0.3445446 0.2250221 0.8941729 0.4086301 0.1829656 0.9234337 0.274982 0.2676853 0.9113994 0.3445512 0.2250235 0.929326 0.1993682 0.3108145 0.923438 0.2749699 0.2676824 0.9278262 0.1173024 0.3540887 0.9293254 0.1993688 0.3108158 0.9174053 0.02855527 0.3969287 0.9278262 0.1173022 0.3540888 0.8962863 -0.06667816 0.4384349 0.9174056 0.02855503 0.3969277 0.8625861 -0.167609 0.4773389 0.8962861 -0.06667941 0.4384349 0.8145744 -0.272622 0.5120018 0.862587 -0.1676042 0.477339 0.7510743 -0.3791308 0.5405064 0.8145747 -0.2726203 0.5120022 0.6719033 -0.4836626 0.5609068 0.7510753 -0.3791317 0.5405046 0.5782742 -0.582152 0.5715751 0.6719028 -0.4836638 0.5609065 0.4728898 -0.6705769 0.5715785 0.5782782 -0.582145 0.5715782 0.3596393 -0.7456835 0.5609062 0.4728881 -0.67058 0.5715762 0.24295 -0.8054986 0.5405066 0.3596398 -0.7456813 0.5609087 0.1270252 -0.8495432 0.5119971 0.2429477 -0.8055024 0.540502 0.01527321 -0.8785862 0.4773396 0.1270269 -0.8495405 0.5120012 -0.0899707 -0.8942454 0.4384412 0.01527613 -0.8785827 0.477346 -0.1874299 -0.8985081 0.3969298 -0.08997344 -0.8942468 0.4384375 -0.2766336 -0.8933623 0.3540871 -0.1874315 -0.8985099 0.396925 -0.3577173 -0.8805846 0.3108202 -0.2766309 -0.8933606 0.3540934 -0.4311525 -0.8616573 0.2676833 -0.3577181 -0.8805853 0.3108175 -0.4975749 -0.8377249 0.2250253 -0.4311515 -0.8616563 0.267688 -0.557689 -0.8096338 0.1829655 -0.497575 -0.8377258 0.2250218 -0.6121534 -0.7779711 0.1415253 -0.557689 -0.809636 0.1829552 -0.6615658 -0.7430991 0.10067 -0.6121547 -0.7779657 0.1415486 -0.7064321 -0.705214 0.06022584 -0.6615647 -0.7430999 0.1006711 -0.7064265 -0.7052216 0.06020152 -0.645081 0.7595233 0.08363592 -0.6350671 0.7665973 0.09496635 -0.6281875 0.7735549 0.08362662 -0.6541739 0.7512186 0.08790469 -0.6523897 0.7519795 0.09441787 -0.6488547 0.7553459 0.0918712 -0.6633802 0.743151 0.08748376 -0.6723239 0.7354621 0.08412003 -0.6661999 0.7404109 0.08927249 -0.681448 0.7271155 0.08325815 -0.6898066 0.7198095 0.07772541 -0.6830112 0.7255485 0.08411401 -0.6988701 0.7111579 0.0763874 -0.7064035 0.7044575 0.06880319 -0.6990555 0.7109667 0.0764718 -0.7154572 0.6954433 0.06693047 -0.7219205 0.6895866 0.05745559 -0.7141199 0.6968625 0.06644958 -0.7309872 0.6801731 0.05497497 -0.7361876 0.6753577 0.04381656 -0.7280182 0.6834117 0.05420368 -0.7452831 0.6655085 0.04063874 -0.7490281 0.6619449 0.02803432 -0.7405607 0.6708034 0.03990906 -0.7546437 0.6558572 0.01908355 -0.7532221 0.6572438 0.02621471 -0.7602893 0.6495034 0.01028335 -0.7645515 0.6445627 -7.53781e-5 -0.7632271 0.6460717 0.00872004 -0.7698289 0.6381837 -0.009231686 -0.7726075 0.6345459 -0.02071756 -0.7715151 0.6361272 -0.01032257 -0.7775248 0.6281219 -0.03030198 -0.7787228 0.6259199 -0.04260432 -0.7779796 0.6275413 -0.03065633 -0.7832754 0.6194377 -0.05269283 -0.7828224 0.6187909 -0.06547445 -0.7825378 0.6204277 -0.05200248 -0.7869926 0.6122444 -0.07615447 -0.784858 0.6132413 -0.08906739 -0.7851361 0.6148784 -0.07406675 -0.7886039 0.6066467 -0.1004188 -0.784808 0.6093292 -0.1131127 -0.7857596 0.610949 -0.09655731 -0.7838532 0.6081908 -0.1252131 -0.7864364 0.6060845 -0.1190772 -0.782658 0.6071145 -0.1373261 -0.7801079 0.6075762 -0.1492748 -0.7836393 0.6047893 -0.1419137 -0.778424 0.6066279 -0.1614274 -0.7743453 0.6086897 -0.1728765 -0.778891 0.6052158 -0.1644464 -0.7721428 0.6078799 -0.1851417 -0.7666345 0.6115159 -0.1957549 -0.7722604 0.607354 -0.1863734 -0.76387 0.61087 -0.2081846 -0.7570664 0.6160232 -0.2176375 -0.7638428 0.6111703 -0.2074013 -0.753686 0.615571 -0.2302819 -0.7457525 0.6221578 -0.2382708 -0.7537585 0.6166095 -0.2272464 -0.7416812 0.6219491 -0.2511739 -0.7328218 0.6298507 -0.2574108 -0.7421516 0.6235901 -0.2456552 -0.7257945 0.6342549 -0.2663514 -0.7302874 0.6299129 -0.2643675 -0.718416 0.6390169 -0.2748377 -0.7104583 0.6446993 -0.2821559 -0.7162198 0.6392079 -0.280076 -0.7026984 0.6495563 -0.2903304 -0.6940406 0.6563573 -0.2958089 -0.7010385 0.6497926 -0.2937935 -0.6858404 0.66135 -0.303709 -0.6767271 0.6690984 -0.307161 -0.684951 0.6615214 -0.3053386 -0.6680321 0.6742679 -0.3147953 -0.6587263 0.6827685 -0.3160805 -0.6681769 0.6742338 -0.3145608 -0.6494656 0.6881687 -0.3234478 -0.640236 0.6972174 -0.3224682 -0.650944 0.6877552 -0.3213486 -0.6303548 0.7028947 -0.3295331 -0.621486 0.7122675 -0.3262367 -0.6334892 0.7019015 -0.3256161 -0.610908 0.7182827 -0.3329588 -0.6039315 0.7289973 -0.3222262 -0.6206864 0.7148019 -0.3221908 -0.5935232 0.7357291 -0.3262407 -0.5979009 0.730477 -0.330027 -0.5935791 0.7329101 -0.3324254 -0.5840463 0.7434815 -0.3257687 -0.5754483 0.7515803 -0.3224691 -0.5805881 0.7454557 -0.3274345 -0.5657893 0.759287 -0.3215058 -0.5580121 0.767279 -0.3160785 -0.5638514 0.7603967 -0.3222864 -0.5481408 0.7749693 -0.3145862 -0.5414158 0.7826374 -0.3071608 -0.547904 0.7751055 -0.3146631 -0.5312831 0.7903565 -0.3050821 -0.5258653 0.7974737 -0.2958067 -0.5329768 0.7893738 -0.3046717 -0.5154327 0.8052587 -0.293066 -0.5115336 0.8116167 -0.2821554 -0.5192503 0.8030249 -0.2924557 -0.5007789 0.8194931 -0.2786602 -0.498591 0.8249021 -0.2663526 -0.5069148 0.8158692 -0.2781993 -0.4930276 0.831062 -0.2574095 -0.4935288 0.828577 -0.2643662 -0.4871852 0.8371738 -0.2485774 -0.4832063 0.8424614 -0.2382658 -0.48355 0.8397799 -0.2468789 -0.4774634 0.8482796 -0.2290205 -0.4752035 0.8525343 -0.2176395 -0.4753249 0.8497959 -0.2278447 -0.4695439 0.8580812 -0.2079069 -0.4691027 0.8611739 -0.1957604 -0.4689548 0.8584947 -0.207529 -0.4635318 0.866452 -0.1854704 -0.4649791 0.8682779 -0.1728814 -0.4645252 0.8657606 -0.1862122 -0.4595119 0.873282 -0.161949 -0.4628794 0.8737623 -0.1492726 -0.4620835 0.8715081 -0.1641721 -0.457551 0.8784692 -0.1376198 -0.4628374 0.877555 -0.1252152 -0.4616579 0.8756631 -0.1417264 -0.4637916 0.8786944 -0.1131084 -0.4603129 0.8797348 -0.119075 -0.4648532 0.8796112 -0.1009746 -0.4676322 0.8794246 -0.08906447 -0.4631267 0.8810513 -0.09624129 -0.4689153 0.8798947 -0.07683575 -0.473454 0.8783813 -0.06547921 -0.4679287 0.8806861 -0.07372152 -0.4749862 0.8783907 -0.05308413 -0.4811913 0.8755803 -0.0425955 -0.4746435 0.8786523 -0.05180531 -0.4830057 0.8751032 -0.02999913 -0.4907415 0.8710588 -0.0207206 -0.4831823 0.8749776 -0.03080898 -0.4929012 0.87005 -0.007831931 -0.5020039 0.8648654 -7.94602e-5 -0.4934229 0.8697202 -0.01098549 -0.5045644 0.8632744 0.01312136 -0.5148539 0.8570656 0.01908564 -0.5052129 0.8629631 0.007384359 -0.5218236 0.8525927 0.02803218 -0.5164656 0.8559067 0.02621245 -0.5291318 0.8477532 0.03652459 -0.5372593 0.8422782 0.04381757 -0.5305414 0.8466218 0.04192298 -0.5446872 0.837022 0.05205976 -0.5537487 0.8306992 0.05745786 -0.5457644 0.83609 0.05563056 -0.5613434 0.8249893 0.06547087 -0.5710892 0.8179994 0.06880563 -0.5619313 0.8244527 0.06716436 -0.5789137 0.8117818 0.07661229 -0.5890944 0.8043173 0.07772624 -0.5788139 0.8118763 0.07636356 -0.5971938 0.7975475 0.08530884 -0.6075347 0.7898267 0.0841152 -0.596192 0.7985277 0.0831179 -0.6159831 0.7824322 0.09145891 -0.6262103 0.7746826 0.08790683 -0.6138309 0.7845892 0.08735936 0.1196957 -0.05842095 -0.9910904 0.597275 -0.7299352 0.332351 0.1196934 -0.05842059 -0.9910906 0.03674745 -0.1280203 -0.9910905 0.6376162 -0.6951008 0.3320851 0.6165883 -0.7173926 0.3242941 0.2012358 0.01186418 -0.979471 0.5828261 -0.7464553 0.3211204 0.2012358 0.01186382 -0.979471 0.5942417 -0.7370545 0.3219122 0.6028648 -0.7282587 0.3258733 0.5895897 -0.7443962 0.3134618 0.2804188 0.08200949 -0.956368 0.5663304 -0.7608811 0.3167492 0.2804201 0.08200955 -0.9563677 0.5758481 -0.7531506 0.3180618 0.5841967 -0.7447375 0.322615 0.3563141 0.1511943 -0.9220523 0.5505236 -0.7751649 0.3099083 0.3563169 0.1511935 -0.9220515 0.5581158 -0.7690799 0.3114854 0.5662133 -0.7610296 0.3166018 0.4280322 0.218605 -0.8769267 0.5356246 -0.789112 0.3006805 0.4280313 0.2186048 -0.8769271 0.5412393 -0.7846682 0.3022518 0.5491346 -0.7769347 0.3079344 0.4947345 0.2834532 -0.8215183 0.5226262 -0.8023741 0.2881975 0.4947308 0.2834544 -0.8215199 0.5331623 -0.7922683 0.2967305 0.5556325 0.3449764 -0.7564812 0.5097296 -0.8151257 0.2752199 0.5556301 0.3449766 -0.7564829 0.5184686 -0.8068633 0.2831292 0.5237628 -0.8000049 0.2926854 0.6100157 0.4024597 -0.6825739 0.498225 -0.8270702 0.2602436 0.6100189 0.4024587 -0.6825717 0.5052372 -0.8205378 0.2673073 0.510119 -0.814224 0.2771607 0.6572489 0.4552211 -0.6006643 0.4882702 -0.8380438 0.2434642 0.6572492 0.455221 -0.6006641 0.493633 -0.8331234 0.2494632 0.498126 -0.8273316 0.2596013 0.6967769 0.502647 -0.5117108 0.4800125 -0.8478865 0.2251145 0.6967769 0.5026465 -0.5117113 0.4837793 -0.8444827 0.2297969 0.4879171 -0.8391779 0.2402443 0.7281354 0.5441798 -0.4167581 0.4745435 -0.8560268 0.2050035 0.7281362 0.5441786 -0.4167581 0.4796075 -0.8496292 0.2193326 0.7509572 0.5793303 -0.3169223 0.469391 -0.8634749 0.1846164 0.7509565 0.5793313 -0.316922 0.4732871 -0.85857 0.1971216 0.4736912 -0.855396 0.2095572 0.7649749 0.607691 -0.2133664 0.4661672 -0.8694906 0.1633231 0.7649746 0.6076915 -0.2133661 0.4690272 -0.8659002 0.1738685 0.4690152 -0.8633295 0.1862441 0.7700237 0.6289253 -0.1073148 0.4649212 -0.8739822 0.1414335 0.770023 0.6289262 -0.1073152 0.4668772 -0.8715289 0.1498774 0.4664722 -0.8695358 0.162208 0.766044 0.6427884 1.02261e-6 0.4656757 -0.8768868 0.1192303 0.7660439 0.6427884 1.75305e-6 0.4668673 -0.875387 0.1254297 0.4660831 -0.8739539 0.1377365 0.7530841 0.6491136 0.1073128 0.4693247 -0.8776631 0.09717053 0.7530845 0.6491129 0.1073136 0.4678365 -0.876545 0.1131283 0.7312952 0.6478285 0.2133674 0.4733842 -0.8776381 0.07522642 0.731295 0.6478291 0.2133666 0.4717099 -0.8772833 0.08867847 0.467031 -0.8785061 0.1005447 0.7009308 0.6389491 0.316923 0.4793616 -0.8759709 0.05373668 0.7009307 0.6389488 0.3169237 0.4776476 -0.8761668 0.06468933 0.4726878 -0.8779334 0.07615423 0.6623511 0.6225786 0.4167578 0.4871727 -0.8726812 0.03302037 0.6623513 0.6225786 0.4167575 0.4855706 -0.8732142 0.04145318 0.4803469 -0.8755036 0.05253845 0.6160032 0.5989078 0.5117124 0.4967269 -0.8678044 0.01334661 0.6160042 0.5989074 0.5117118 0.495403 -0.8684508 0.0192182 0.4899016 -0.871262 0.02998489 0.5624368 0.5682169 0.6006616 0.5085026 -0.8610491 -0.004431843 0.5624362 0.5682172 0.6006621 0.5012267 -0.8652718 0.008756697 0.5022731 0.5308618 0.6825742 0.5205945 -0.8535299 -0.0216332 0.5022726 0.5308622 0.6825744 0.5141823 -0.8576118 -0.01089489 0.5056365 -0.8627417 -0.002905189 0.4362215 0.4872843 0.7564818 0.5340441 -0.8446405 -0.03714078 0.4362207 0.487285 0.7564819 0.5286071 -0.84838 -0.02873975 0.5200313 -0.8538797 -0.02137571 0.3650568 0.4379967 0.8215185 0.5486659 -0.8345012 -0.05073004 0.365057 0.4379948 0.8215194 0.5443342 -0.8376836 -0.04456937 0.5357064 -0.8435587 -0.03778046 0.2896096 0.3835696 0.8769269 0.5642665 -0.8232451 -0.06221812 0.2896113 0.3835694 0.8769264 0.5611718 -0.825652 -0.05818212 0.5524694 -0.8319137 -0.05193591 0.210769 0.3246462 0.9220528 0.5808883 -0.8109072 -0.07069891 0.2107694 0.3246469 0.9220525 0.570127 -0.8190839 -0.06369459 0.1294583 0.2619194 0.9563675 0.5975218 -0.7980302 -0.0782032 0.1294575 0.2619185 0.9563679 0.5884543 -0.805236 -0.07291465 0.5783126 -0.8127198 -0.07100242 0.04662877 0.1961182 0.979471 0.6145729 -0.7844526 -0.08327418 0.04662793 0.1961192 0.9794709 0.6072276 -0.7905418 -0.07948994 0.5973295 -0.7981703 -0.07824105 -0.03674733 0.1280206 0.9910905 0.631794 -0.77037 -0.0858286 -0.03674852 0.1280195 0.9910906 0.6262242 -0.7751752 -0.08334767 0.6165526 -0.782955 -0.08273178 -0.1196948 0.05842101 0.9910904 0.6074663 -0.7887341 -0.09425085 0.6488059 -0.7550852 -0.09432625 -0.1196938 0.05841994 0.9910907 -0.6309405 0.7700638 0.09442424 -0.6151102 0.7149255 -0.3324472 0.03674852 -0.1280205 -0.9910905 0.6364656 -0.7676954 -0.07453358 0.6613299 -0.7463855 -0.07450807 0.6451292 -0.7590489 -0.08748286 0.6148853 -0.7235956 0.313569 -0.04662865 -0.196119 -0.9794709 -0.04662859 -0.196119 -0.9794709 -0.1294581 -0.2619176 -0.956368 -0.1294569 -0.2619177 -0.9563682 -0.2107704 -0.3246471 -0.9220521 -0.2896108 -0.3835687 -0.8769268 -0.2896102 -0.3835687 -0.876927 -0.3650566 -0.437996 -0.8215188 -0.3650583 -0.4379955 -0.8215184 -0.4362215 -0.4872856 -0.7564811 -0.436221 -0.4872856 -0.7564814 -0.5022729 -0.5308628 -0.6825737 -0.5022724 -0.5308617 -0.6825748 -0.5624356 -0.5682169 -0.6006629 -0.562436 -0.5682158 -0.6006636 -0.6160046 -0.5989082 -0.5117102 -0.6160045 -0.5989087 -0.5117098 -0.6623517 -0.6225763 -0.4167601 -0.6623499 -0.6225774 -0.4167612 -0.7009316 -0.6389487 -0.3169219 -0.7009333 -0.6389477 -0.3169202 -0.7312948 -0.647829 -0.2133675 -0.7312949 -0.6478286 -0.2133683 -0.753084 -0.6491136 -0.1073135 -0.7530847 -0.6491128 -0.107313 -0.7660447 -0.6427875 1.46088e-7 -0.7660446 -0.6427875 5.8435e-7 -0.7700232 -0.6289265 0.1073121 -0.7700231 -0.6289266 0.1073123 -0.7649739 -0.6076912 0.2133693 -0.7649747 -0.6076904 0.2133685 -0.7509574 -0.5793318 0.3169192 -0.7509579 -0.5793307 0.31692 -0.7281349 -0.5441793 0.4167597 -0.7281356 -0.5441784 0.4167597 -0.6967767 -0.5026462 0.5117118 -0.6967769 -0.5026462 0.5117118 -0.6572496 -0.4552212 0.6006635 -0.6572478 -0.4552211 0.6006656 -0.6100168 -0.4024602 0.6825726 -0.6100167 -0.4024598 0.6825729 -0.5556314 -0.3449776 0.7564816 -0.5556311 -0.3449783 0.7564814 -0.494733 -0.283453 0.8215191 -0.4947335 -0.2834537 0.8215187 -0.4280326 -0.2186052 0.8769264 -0.4280328 -0.2186043 0.8769265 -0.3563142 -0.1511934 0.9220526 -0.3563147 -0.1511925 0.9220525 -0.2804186 -0.08200883 0.9563682 -0.2804191 -0.08200997 0.9563679 -0.2012364 -0.01186466 0.9794709 -0.2012368 -0.01186352 0.9794708 0.665772 -0.7415676 -0.08261519 0.6546493 -0.7513235 -0.08335071 0.6821553 -0.7270068 -0.07826381 0.6730908 -0.7352756 -0.07948994 0.6640844 -0.7429049 -0.08416873 0.6978889 -0.7126347 -0.07143539 0.6908308 -0.719331 -0.07291018 0.6822916 -0.7268946 -0.07811915 0.7127546 -0.6986488 -0.06221568 0.7076436 -0.7036932 -0.0636906 0.6995536 -0.7112008 -0.06941264 0.7260971 -0.685796 -0.0496689 0.7156579 -0.6960234 -0.05818444 0.738847 -0.6728721 -0.03671967 0.730435 -0.6815265 -0.04456865 0.7242862 -0.6873593 -0.05428355 0.7502489 -0.6607972 -0.02176207 0.743695 -0.6679009 -0.02874553 0.7382077 -0.6734627 -0.03869676 0.7601354 -0.6497457 -0.004995346 0.7552972 -0.6552919 -0.01089298 0.7504219 -0.6606222 -0.02110111 0.7683656 -0.639872 0.01334756 0.7650899 -0.643864 0.00875926 0.760801 -0.6489831 -0.001712918 0.774152 -0.6321116 0.03352022 0.769233 -0.6386794 0.01922076 0.7791669 -0.6244964 0.05388337 0.7756274 -0.6298289 0.04144549 0.7744072 -0.6320295 0.02884984 0.7822906 -0.6183639 0.07515025 0.779915 -0.6225329 0.06469577 0.7793487 -0.6244106 0.05222362 0.7834756 -0.6137995 0.09703713 0.7820438 -0.6168816 0.08868348 0.7821025 -0.6184612 0.0762993 0.7826992 -0.6108727 0.1192328 0.7819881 -0.6129401 0.1131334 0.7826571 -0.6142371 0.1008011 0.7793448 -0.6104446 0.1413476 0.7810184 -0.6117838 0.1254233 0.7751538 -0.6103112 0.1632696 0.7772142 -0.6111246 0.1498825 0.7811134 -0.6089769 0.1378735 0.7690851 -0.6118661 0.1847383 0.771299 -0.6122633 0.1738722 0.7757101 -0.6098572 0.1623215 0.7612163 -0.615094 0.2054486 0.7633433 -0.6151846 0.1971167 0.7682584 -0.6125304 0.1859725 0.7516528 -0.6199533 0.2251133 0.753439 -0.6198572 0.2193327 0.7588618 -0.6169556 0.2085539 0.7401422 -0.6270294 0.2429484 0.7476449 -0.6230728 0.2297987 0.727925 -0.6343979 0.2601242 0.7347472 -0.6308041 0.2494647 0.7425525 -0.6247979 0.2413365 0.7143898 -0.643183 0.2756136 0.720331 -0.6400521 0.2673136 0.7284118 -0.633951 0.2598508 0.6997199 -0.6532669 0.2891964 0.7045719 -0.6507035 0.2831315 0.7129337 -0.6445063 0.276292 0.6841141 -0.6645142 0.3006806 0.6876527 -0.6626354 0.2967293 0.6963113 -0.6563323 0.29048 0.6677321 -0.6771432 0.3092104 0.67876 -0.6692743 0.3022528 0.6509781 -0.6898791 0.3166931 0.660489 -0.6831795 0.3114807 0.6699144 -0.6748793 0.3094393 0.6338503 -0.7033581 0.3217473 0.6417143 -0.6978825 0.3180611 0.6511396 -0.6897117 0.3167254 0.6226688 -0.7132014 0.3219124 0.6321155 -0.7051432 0.3212524 0.6379972 -0.7603336 0.1218707 0.6379989 -0.7603328 0.1218673 0.637984 -0.7603452 0.1218676 0.6379956 -0.7603352 0.1218698 0.6380553 -0.7602832 0.1218807 0.6379758 -0.7603522 0.1218676 0.6380068 -0.760326 0.1218687 0.6379933 -0.7603371 0.1218693 0.6379887 -0.7603412 0.1218687 0.6380057 -0.7603268 0.1218685 0.6380059 -0.7603265 0.1218696 0.6380041 -0.7603279 0.1218695 0.6379922 -0.7603379 0.1218702 0.6379913 -0.7603388 0.1218699 0.6379895 -0.7603402 0.1218701 0.6379899 -0.7603398 0.1218703 0.6380013 -0.7603306 0.1218686 0.6379998 -0.7603319 0.121868 0.6379968 -0.7603346 0.1218669 0.6379985 -0.7603325 0.1218708 0.6379939 -0.7603366 0.1218695 0.6379952 -0.7603355 0.121869 0.6379899 -0.7603401 0.121869 0.02530515 0.1573421 0.98722 0.6379991 -0.7603319 0.1218714 0.637993 -0.7603376 0.1218675 0.204671 0.3077226 0.9292021 0.6380015 -0.7603303 0.1218689 0.6380048 -0.7603275 0.121869 0.6379932 -0.7603372 0.1218692 0.08625453 0.2332889 0.9685745 0.6380016 -0.7603303 0.1218692 0.3782106 0.4329528 0.8182351 0.6379985 -0.7603329 0.1218687 0.637987 -0.7603427 0.1218683 0.1966432 0.2896488 0.9367151 0.2736867 0.377766 0.8845273 0.6379944 -0.760336 0.1218698 0.5300983 0.5326223 0.6597797 0.6379928 -0.7603374 0.1218696 0.375184 0.4261013 0.82321 0.4440891 0.4985653 0.744458 0.6379891 -0.760341 0.1218671 0.6514334 0.6010216 0.4630418 0.6380093 -0.7603235 0.1218703 0.5309071 0.5346502 0.6574853 0.5866068 0.5880071 0.5569024 0.6379626 -0.7603641 0.1218612 0.7352765 0.6340514 0.2394732 0.6379949 -0.7603363 0.1218661 0.6534687 0.6082213 0.4506058 0.6919019 0.640098 0.3339856 0.7480602 0.649521 0.136119 0.7352504 0.6426346 0.215471 0.6379947 -0.7603361 0.1218692 0.637997 -0.7603338 0.1218701 0.637994 -0.7603365 0.1218695 0.6380077 -0.7603247 0.1218723 0.6379932 -0.7603373 0.1218687 0.6379978 -0.7603338 0.1218668 0.637992 -0.7603384 0.1218676 0.1808092 -0.02798652 -0.98312 0.6380004 -0.7603313 0.1218678 0.1371572 -0.04352694 -0.9895926 0.6379941 -0.7603368 0.1218672 0.638031 -0.7603049 0.1218727 0.6380048 -0.7603275 0.1218693 0.6379896 -0.7603403 0.121869 0.6380032 -0.7603288 0.1218695 0.6379959 -0.760335 0.1218683 0.6379904 -0.7603397 0.1218687 0.6379925 -0.7603377 0.1218698 0.6379903 -0.7603396 0.1218696 0.6379931 -0.7603375 0.1218681 0.6380059 -0.7603265 0.1218693 0.6379954 -0.760336 0.1218656 0.637995 -0.7603359 0.1218674 0.6380001 -0.760331 0.121872 0.6379967 -0.760334 0.1218699 0.6379902 -0.7603397 0.1218697 0.6379914 -0.760339 0.1218678 0.6379941 -0.7603365 0.121869 0.6380088 -0.7603237 0.121872 0.6379985 -0.7603325 0.1218714 0.6379861 -0.7603435 0.1218675 0.6379951 -0.7603355 0.1218702 0.6379957 -0.760335 0.1218694 0.6379812 -0.7603473 0.1218686 0.6380067 -0.7603259 0.1218691 0.6379953 -0.7603355 0.1218687 0.6379951 -0.7603358 0.1218683 0.6380073 -0.7603254 0.1218688 0.6380032 -0.7603288 0.1218699 0.6379919 -0.7603385 0.121868 0.6379956 -0.760335 0.1218705 0.6379913 -0.7603387 0.1218699 0.6380026 -0.7603287 0.1218723 0.637988 -0.7603414 0.1218702 0.7680578 0.595125 -0.2364606 0.7215818 0.5174974 -0.459909 0.7780791 0.5912927 -0.2120519 0.7447108 0.577162 -0.335097 0.6334079 0.4095178 -0.6565742 0.7294671 0.5174933 -0.4473012 0.6746054 0.4831336 -0.5581126 0.5087532 0.277352 -0.8150129 0.6355499 0.4099186 -0.6542501 0.5616943 0.3584069 -0.7456837 0.6380007 -0.7603311 0.121868 0.3549043 0.1286395 -0.9260102 0.6379976 -0.7603337 0.1218676 0.6380006 -0.7603312 0.1218676 0.5017399 0.2753373 -0.8200284 0.4133977 0.2112628 -0.8857033 0.637992 -0.7603383 0.1218679 0.6379951 -0.7603358 0.1218684 0.2392246 0.05098325 -0.9696248 0.3369237 0.1225532 -0.933522 0.6379965 -0.7603343 0.1218697 0.6379955 -0.7603356 0.1218681 0.6379944 -0.7603365 0.1218674 0.6379955 -0.7603353 0.121869 0.6380271 -0.7603078 0.1218757 0.6379937 -0.760337 0.1218683 0.6379963 -0.7603345 0.1218696 0.6379984 -0.7603328 0.1218701 0.6379965 -0.7603345 0.1218689 0.6379908 -0.7603392 0.1218698 0.6379916 -0.7603386 0.1218689 0.6379974 -0.7603337 0.1218698 0.6379981 -0.7603332 0.1218686 0.638004 -0.7603282 0.1218687 0.6379821 -0.760347 0.1218667 0.6379967 -0.7603344 0.1218685 -0.7569511 -0.6083618 0.2385811 -0.7077419 -0.5339905 0.4625535 -0.7512963 -0.6232131 0.217162 -0.7505186 -0.5702379 0.333992 -0.6171683 -0.4288676 0.6596786 -0.7072436 -0.5439824 0.4515414 -0.6809398 -0.4755838 0.5569032 -0.4904081 -0.2992139 0.8185177 -0.617595 -0.4313154 0.6576804 -0.5681074 -0.3507628 0.7444592 0.6379955 -0.7603352 0.1218705 -0.3347852 -0.1526156 0.9298535 0.6379922 -0.7603381 0.1218689 0.6379999 -0.7603315 0.1218705 -0.4879319 -0.2917975 0.8226645 -0.4195527 -0.2039276 0.8845276 0.637995 -0.7603356 0.1218701 -0.1593465 0.002405226 0.9872198 0.6379897 -0.7603404 0.1218674 0.6380045 -0.7603276 0.1218707 -0.2447193 -0.04442954 0.9685755 -0.3267071 -0.1347324 0.935473 0.6379929 -0.7603373 0.1218701 0.6379944 -0.7603361 0.1218704 -0.1371598 0.04352498 0.9895923 0.6379996 -0.7603319 0.1218692 0.6380262 -0.7603086 0.1218755 0.637994 -0.7603365 0.1218697 0.6379961 -0.7603348 0.1218692 0.6379934 -0.7603372 0.1218681 0.6380002 -0.7603313 0.1218696 0.6379991 -0.7603322 0.1218693 0.6379979 -0.760333 0.1218705 0.6379886 -0.7603411 0.1218684 0.6379988 -0.7603324 0.1218694 0.6380023 -0.7603294 0.1218701 0.6379979 -0.760333 0.1218708 0.6379925 -0.7603378 0.1218696 0.6379964 -0.7603346 0.121869 0.6380002 -0.7603312 0.12187 0.6379855 -0.7603439 0.1218688 0.6380006 -0.7603305 0.1218725 0.6379911 -0.760339 0.1218695 0.6379996 -0.7603318 0.1218703 -0.003835916 -0.1829215 -0.9831201 0.6379955 -0.7603353 0.1218686 0.6379953 -0.7603356 0.121868 0.6379925 -0.760338 0.1218692 -0.1921052 -0.3227001 -0.9268011 0.6379643 -0.760361 0.1218713 0.6380074 -0.7603252 0.1218692 0.637996 -0.7603345 0.1218708 -0.09174764 -0.2267346 -0.9696256 0.6379984 -0.7603329 0.1218688 -0.3631238 -0.4509344 -0.8153523 0.6379967 -0.7603343 0.121869 0.6379945 -0.7603362 0.1218687 -0.171909 -0.3191285 -0.9319894 -0.2798421 -0.3704317 -0.8857024 0.6379963 -0.7603348 0.1218686 -0.5127007 -0.5533586 -0.6564542 0.6379979 -0.7603333 0.1218692 -0.3551317 -0.4499918 -0.8193833 -0.4505072 -0.4909284 -0.7456759 0.638002 -0.7603296 0.1218705 -0.6322093 -0.6239295 -0.4593729 0.6379894 -0.7603405 0.1218691 -0.5151688 -0.5534002 -0.654484 -0.5929368 -0.5804629 -0.5581119 0.6379691 -0.7603582 0.1218642 -0.7146084 -0.6586816 -0.2355279 0.6380022 -0.7603292 0.1218718 -0.6415057 -0.6224768 -0.4483227 -0.6977128 -0.6331698 -0.3351014 -0.7480551 -0.6495202 -0.1361519 -0.7266663 -0.6528651 -0.2138302 0.6379997 -0.7603318 0.1218686 0.6380012 -0.7603307 0.1218681 0.6380055 -0.7603266 0.1218709 0.6379951 -0.7603354 0.1218706 0.6379943 -0.7603362 0.1218699 0.6379914 -0.7603385 0.1218703 0.6379966 -0.7603346 0.1218687 0.6380012 -0.7603304 0.1218703 0.6379955 -0.7603353 0.1218686 0.6380281 -0.7603068 0.1218758 0.6379936 -0.7603369 0.1218683 0.6379964 -0.7603346 0.1218687 0.6379985 -0.7603326 0.1218699 0.6379968 -0.7603341 0.1218694 0.6379904 -0.7603395 0.1218697 0.6379917 -0.7603384 0.1218693 0.6379969 -0.7603341 0.121869 0.6380006 -0.7603311 0.1218692 0.6379964 -0.7603345 0.1218686 0.6379802 -0.760349 0.1218636 0.6380065 -0.7603262 0.1218689 0.6379958 -0.7603349 0.12187 0.6379917 -0.7603384 0.1218689 0.6380009 -0.7603306 0.1218707 0.6379949 -0.7603359 0.1218684 0.6380045 -0.7603277 0.1218698 0.2264471 0.03398746 -0.9734304 -0.07279634 -0.2171068 -0.9734297 -0.07278972 -0.217105 -0.9734306 0.4906883 0.2794553 -0.8253059 0.2264466 0.03398746 -0.9734305 0.6804203 0.4825385 -0.5515297 0.4906961 0.2794576 -0.8253005 0.7666196 0.6122571 -0.1934828 0.680422 0.4825375 -0.5515283 0.7360798 0.6486533 0.1934828 0.7666202 0.6122564 -0.1934831 0.593361 0.5862881 0.5515335 0.7360792 0.6486539 0.1934826 0.360421 0.4347125 0.8253011 0.5933635 0.5862939 0.5515245 0.07279068 0.2171027 0.973431 0.3604181 0.4347077 0.8253048 -0.2264459 -0.03398406 0.9734307 0.07279229 0.2171047 0.9734305 -0.4906945 -0.2794578 0.8253013 -0.2264469 -0.03398644 0.9734304 -0.680421 -0.4825376 0.5515294 -0.4906946 -0.2794589 0.8253009 -0.7666203 -0.6122562 0.1934829 -0.6804215 -0.4825375 0.5515291 -0.7360791 -0.6486527 -0.193487 -0.7666201 -0.6122562 0.1934838 -0.5933669 -0.5862922 -0.5515226 -0.7360783 -0.6486534 -0.1934878 -0.3604142 -0.4347093 -0.8253057 -0.5933575 -0.5862921 -0.5515329 -0.3604245 -0.4347121 -0.8252997 0.2264478 0.03398621 -0.9734303 -0.0727877 -0.217104 -0.9734311 -0.07279706 -0.2171061 -0.9734298 0.4906942 0.2794592 -0.8253011 0.2264434 0.03398597 -0.9734312 0.680418 0.4825416 -0.5515297 0.4906943 0.2794593 -0.8253009 0.7666162 0.6122609 -0.1934845 0.6804191 0.482541 -0.5515289 0.736076 0.6486576 0.1934823 0.7666183 0.6122587 -0.1934837 0.5933635 0.586293 0.5515255 0.7360764 0.648656 0.1934863 0.3604183 0.4347078 0.8253047 0.5933599 0.5862891 0.5515335 0.07279479 0.2171075 0.9734297 0.3604212 0.4347147 0.8252999 -0.2264454 -0.03398543 0.9734308 0.07278794 0.2171019 0.9734314 -0.4906937 -0.2794594 0.8253014 -0.2264464 -0.03398543 0.9734305 -0.680418 -0.4825408 0.5515304 -0.4906942 -0.2794603 0.8253008 -0.7666175 -0.6122596 0.1934837 -0.6804184 -0.4825414 0.5515294 -0.7360754 -0.6486572 -0.1934866 -0.7666181 -0.6122586 0.193484 -0.5933586 -0.5862922 -0.5515316 -0.7360743 -0.6486585 -0.1934862 -0.3604262 -0.434711 -0.8252996 -0.5933659 -0.5862922 -0.5515238 -0.3604148 -0.4347103 -0.825305 0.2264474 0.03398722 -0.9734303 -0.07279253 -0.2171046 -0.9734305 -0.07279133 -0.2171052 -0.9734304 0.4906906 0.2794564 -0.8253042 0.2264471 0.03398728 -0.9734303 0.680422 0.4825406 -0.5515257 0.4906933 0.279457 -0.8253023 0.7666181 0.6122555 -0.193494 0.6804211 0.4825405 -0.5515269 0.7360781 0.6486535 0.1934886 0.7666197 0.6122553 -0.1934884 0.5933591 0.5862901 0.5515333 0.7360782 0.6486551 0.1934826 0.3604239 0.4347146 0.8252986 0.5933595 0.5862899 0.5515331 0.07278877 0.2171022 0.9734312 0.360425 0.4347138 0.8252986 -0.2264465 -0.03398489 0.9734306 0.07279056 0.2171048 0.9734305 -0.4906941 -0.279459 0.8253012 -0.2264477 -0.03398734 0.9734302 -0.6804189 -0.4825376 0.5515321 -0.490693 -0.2794588 0.8253019 -0.7666191 -0.6122591 0.193479 -0.6804187 -0.4825387 0.5515314 -0.7360783 -0.6486548 -0.1934829 -0.766619 -0.6122588 0.1934804 -0.593362 -0.586292 -0.551528 -0.7360774 -0.6486565 -0.1934812 -0.3604167 -0.4347099 -0.8253044 -0.5933629 -0.5862924 -0.5515268 -0.3604176 -0.4347095 -0.825304 0.2264469 0.03398483 -0.9734305 -0.07279086 -0.2171049 -0.9734305 -0.07279366 -0.2171032 -0.9734307 0.4906945 0.2794563 -0.825302 0.2264441 0.03398585 -0.9734311 0.6804175 0.4825383 -0.5515332 0.4906915 0.2794556 -0.8253039 0.7666177 0.6122604 -0.1934804 0.6804209 0.4825372 -0.55153 0.7360784 0.6486554 0.1934807 0.7666198 0.6122587 -0.1934779 0.5933629 0.586292 0.5515271 0.7360777 0.6486555 0.1934832 0.3604187 0.4347112 0.8253027 0.5933621 0.5862913 0.5515288 0.072793 0.2171055 0.9734302 0.3604176 0.4347097 0.825304 -0.2264469 -0.03398615 0.9734304 0.07278829 0.2171024 0.9734313 -0.4906929 -0.2794571 0.8253024 -0.2264458 -0.03398519 0.9734307 -0.6804211 -0.4825407 0.5515266 -0.4906922 -0.2794575 0.8253028 -0.7666201 -0.612255 0.1934876 -0.6804204 -0.482536 0.5515318 -0.7360769 -0.6486564 -0.1934831 -0.7666201 -0.6122575 0.19348 -0.5933654 -0.5862895 -0.5515272 -0.7360812 -0.6486532 -0.1934773 -0.3604191 -0.4347099 -0.8253032 -0.5933576 -0.586291 -0.5515339 -0.3604204 -0.4347112 -0.825302 -0.5970669 -0.3885064 0.7018361 -0.6379948 0.7603353 -0.1218724 -0.6379957 0.7603353 -0.1218684 -0.6379946 0.7603359 -0.1218704 -0.6379978 0.7603335 -0.1218692 -0.6379927 0.7603359 -0.1218805 -0.5970672 -0.3885064 0.701836 0.6379953 -0.7603355 0.1218687 0.6379939 -0.7603347 0.121881 0.637997 -0.7603339 0.1218692 0.6379973 -0.760334 0.1218681 0.637994 -0.7603365 0.1218697 0.6380016 -0.7603338 0.1218462 0.6379958 -0.760335 0.1218696 0.6379968 -0.7603338 0.121872 0.637997 -0.7603378 0.1218459 0.6379947 -0.7603349 0.1218757 0.637987 -0.7603338 0.1219232 0.637995 -0.7603353 0.1218715 0.6379811 -0.7603408 0.12191 0.6380298 -0.7603262 0.1217465 0.6379976 -0.7603335 0.1218698 0.6379966 -0.7603346 0.1218677 0.6379985 -0.7603337 0.1218631 0.6379951 -0.7603356 0.1218693 0.6379986 -0.7603335 0.1218644 0.6379895 -0.760339 0.1218783 0.5970667 0.3885067 -0.7018362 0.5970674 0.3885059 -0.7018361 -0.6379753 0.76037 -0.1217572 -0.6379916 0.7603434 -0.1218395 -0.6379934 0.7603413 -0.1218433 -0.6379958 0.7603354 -0.1218667 -0.6379981 0.7603334 -0.1218672 -0.6379949 0.7603349 -0.1218752 -0.6380071 0.7603238 -0.1218804 -0.637995 0.7603358 -0.1218684 -0.638008 0.7603256 -0.1218645 -0.6379932 0.7603365 -0.1218736 -0.6379923 0.7603374 -0.1218727 -0.637994 0.7603362 -0.1218714 -0.638001 0.760313 -0.1219782 -0.6379967 0.7603379 -0.1218462 0.4862836 0.5205326 0.7018364 -0.6380022 0.7603283 -0.1218775 0.4862829 0.5205338 0.7018359 0.6380076 -0.7603253 0.121868 0.637991 -0.7603389 0.121871 0.6379943 -0.760336 0.1218711 0.6380011 -0.76033 0.1218733 0.6380069 -0.7603244 0.1218773 0.6379205 -0.7604085 0.1218053 0.6379972 -0.7603335 0.1218715 0.6379824 -0.7603463 0.1218687 0.6380006 -0.7603312 0.1218679 0.6380025 -0.7603293 0.1218701 0.6379889 -0.7603406 0.1218692 0.6379953 -0.7603355 0.1218684 0.6379956 -0.7603349 0.121871 0.6380066 -0.7603257 0.1218718 0.6379901 -0.7603402 0.1218662 0.6380005 -0.7603304 0.1218731 0.6379982 -0.7603327 0.1218714 0.638 -0.760331 0.121872 0.6379936 -0.7603374 0.1218667 0.6380006 -0.76033 0.1218754 -0.4862829 -0.5205338 -0.7018358 -0.486283 -0.5205338 -0.7018359 -0.6379961 0.7603342 -0.1218731 -0.6379975 0.7603337 -0.1218686 -0.6379969 0.7603343 -0.1218684 -0.637997 0.760334 -0.1218696 -0.6379963 0.7603364 -0.1218584 -0.6380208 0.7603029 -0.1219394 -0.6379974 0.7603334 -0.1218711 -0.6379968 0.7603349 -0.1218652 -0.6379967 0.7603349 -0.1218648 -0.6379966 0.7603337 -0.1218733 -0.6379945 0.7603393 -0.1218495 -0.6379947 0.7603347 -0.121878 -0.6380001 0.7603305 -0.1218749 -0.6380122 0.7603097 -0.1219421 -0.6379939 0.760339 -0.1218543 -0.6379991 0.7603304 -0.1218805 -0.6379949 0.7603367 -0.1218631 -0.6380017 0.7603282 -0.1218812 -0.6379884 0.7603438 -0.1218535 -0.4862831 -0.5205333 -0.7018361 -0.6379937 0.7603365 -0.1218706 -0.638001 0.7603304 -0.1218714 -0.6379946 0.7603361 -0.1218693 -0.6379957 0.7603352 -0.1218686 -0.6379986 0.7603326 -0.1218694 -0.4862827 -0.5205334 -0.7018364 0.6379998 -0.7603316 0.1218694 0.6380003 -0.7603308 0.1218723 0.637995 -0.7603357 0.1218693 0.6379867 -0.7603439 0.1218618 0.6380525 -0.7602789 0.121923 0.6379967 -0.7603343 0.121869 0.6379989 -0.7603323 0.1218696 0.6379948 -0.7603358 0.1218695 0.6380004 -0.7603312 0.121869 0.6379919 -0.7603383 0.1218692 0.6379832 -0.7603458 0.1218685 0.6380013 -0.7603301 0.1218714 0.6379833 -0.7603468 0.1218605 0.6380192 -0.7603139 0.1218787 0.6379991 -0.760332 0.1218705 0.6379892 -0.7603412 0.1218656 0.6379995 -0.7603317 0.1218709 0.6379982 -0.7603329 0.1218702 0.6379987 -0.7603324 0.1218699 0.6379927 -0.7603382 0.1218652 0.486283 0.5205335 0.701836 0.486283 0.5205335 0.701836 -0.6380929 0.7602581 -0.1218401 -0.6379777 0.7603488 -0.1218777 -0.6380034 0.7603293 -0.1218657 -0.63799 0.7603393 -0.1218731 -0.6379866 0.760342 -0.121874 -0.638008 0.7603265 -0.1218584 -0.6379897 0.7603391 -0.1218756 -0.6379956 0.7603353 -0.1218692 -0.6379951 0.7603359 -0.1218671 -0.6379981 0.7603325 -0.1218733 -0.6379954 0.7603358 -0.1218672 -0.6380014 0.7603303 -0.1218696 -0.6379896 0.7603402 -0.1218702 -0.6380115 0.7603219 -0.1218685 0.597067 0.3885065 -0.7018359 -0.6379966 0.7603338 -0.1218721 -0.6380001 0.760333 -0.1218603 -0.6379972 0.7603337 -0.1218706 -0.6379957 0.7603335 -0.1218795 -0.6379967 0.7603358 -0.12186 0.597067 0.3885063 -0.7018362 0.6379971 -0.7603338 0.1218702 0.6379967 -0.7603358 0.12186 0.6379954 -0.7603347 0.121873 0.6379965 -0.7603342 0.1218708 0.6379997 -0.7603328 0.1218628 0.6379901 -0.76034 0.1218679 0.6379963 -0.7603344 0.1218709 0.6379959 -0.7603362 0.1218621 0.637997 -0.7603316 0.1218841 0.6379953 -0.7603334 0.1218812 0.6379985 -0.7603362 0.1218477 0.6379978 -0.7603344 0.1218627 0.6380031 -0.7603311 0.1218556 0.6379947 -0.7603348 0.1218768 0.6379978 -0.7603342 0.1218641 0.637992 -0.7603363 0.1218814 0.6380003 -0.760333 0.1218593 0.6379979 -0.7603337 0.1218662 0.6379928 -0.7603365 0.121876 0.6379999 -0.7603322 0.121865 -0.5970672 -0.3885066 0.7018358 -0.5970675 -0.3885067 0.7018354 -0.6380031 0.7603223 -0.1219097 -0.6379925 0.7603438 -0.1218324 -0.6379936 0.7603365 -0.121872 -0.6379995 0.7603298 -0.1218824 -0.6380014 0.760329 -0.1218777 -0.6379958 0.7603347 -0.1218712 -0.6379917 0.7603405 -0.1218566 -0.6379959 0.760335 -0.121869 -0.6379944 0.7603362 -0.1218693 -0.6380097 0.7603248 -0.1218596 -0.637995 0.7603355 -0.1218712 -0.6379971 0.7603346 -0.1218649 -0.6380035 0.7603303 -0.1218584 -0.6379965 0.7603337 -0.121874 -0.6380032 0.7603118 -0.1219756 -0.6379939 0.7603364 -0.1218708 -0.6379952 0.7603352 -0.1218714 0.6380187 -0.7603 0.1219671 0.6379956 -0.7603363 0.121862 0.6379901 -0.7603393 0.1218721 0.6379978 -0.760333 0.1218708 0.6380173 -0.7603154 0.1218789 -0.6379933 0.7603371 -0.1218695 -0.6379948 0.7603358 -0.1218703 -0.6379938 0.7603367 -0.1218699 -0.6379279 0.7603961 -0.1218443 -0.6379975 0.7603309 -0.1218855 -0.6379992 0.7603319 -0.1218708 -0.6379914 0.7603436 -0.1218384 0.6380342 -0.7603005 0.1218838 0.6379988 -0.7603328 0.1218674 0.6379997 -0.7603321 0.1218669 0.6379998 -0.760332 0.1218669 0.6379956 -0.7603365 0.1218616 -0.6379926 0.7603375 -0.1218708 -0.6380003 0.7603318 -0.1218662 -0.6379963 0.7603341 -0.1218724 -0.6379949 0.7603355 -0.1218709 -0.6379947 0.7603358 -0.1218699 0.6379565 -0.7603465 0.122004 0.6379964 -0.7603345 0.1218699 0.6379997 -0.7603332 0.1218603 -0.637995 0.7603353 -0.1218719 -0.6379926 0.7603377 -0.1218693 -0.6379942 0.7603364 -0.1218687 -0.6379746 0.7603575 -0.1218403 -0.6379944 0.7603355 -0.1218736 -0.6379967 0.760334 -0.1218711 0.6379941 -0.760335 0.1218783 0.638002 -0.7603303 0.1218663 0.6380019 -0.7603303 0.1218672 0.6380032 -0.7603291 0.1218675 0.6379946 -0.7603356 0.1218727 0.6379918 -0.7603383 0.1218699 0.6379917 -0.7603378 0.1218734 -0.6380015 0.7603324 -0.1218562 -0.6379937 0.7603362 -0.1218733 -0.6379965 0.7603337 -0.1218734 -0.6379949 0.7603362 -0.121867 -0.6379964 0.7603343 -0.1218707 -0.6379933 0.7603377 -0.1218656 -0.6380005 0.7603312 -0.121868 -0.6379963 0.7603347 -0.1218689 -0.6379959 0.7603347 -0.1218701 0.637995 -0.7603354 0.1218708 0.6379895 -0.7603355 0.1218993 0.6379999 -0.7603328 0.1218617 0.6379933 -0.7603372 0.1218687 0.6379883 -0.7603409 0.121871 0.6380571 -0.7602868 0.1218489 0.6379957 -0.7603341 0.1218752 0.637996 -0.7603351 0.1218676 0.637995 -0.7603343 0.1218783 -0.6379908 0.7603392 -0.1218689 -0.6380044 0.7603285 -0.1218654 0.6379952 -0.7603352 0.1218717 -0.6379945 0.7603358 -0.1218711 -0.6380005 0.7603315 -0.1218663 -0.6379782 0.7603461 -0.1218926 -0.6379943 0.7603365 -0.1218682 -0.6379957 0.7603352 -0.1218685 -0.6380003 0.7603311 -0.1218702 -0.637995 0.7603349 -0.1218744 -0.6379978 0.7603332 -0.1218701 -0.6379992 0.7603332 -0.1218621</float_array>
          <technique_common>
            <accessor source="#asm_edie_v7-1_ear_right-mesh-normals-array" count="5020" stride="3">
              <param name="X" type="float"/>
              <param name="Y" type="float"/>
              <param name="Z" type="float"/>
            </accessor>
          </technique_common>
        </source>
        <vertices id="asm_edie_v7-1_ear_right-mesh-vertices">
          <input semantic="POSITION" source="#asm_edie_v7-1_ear_right-mesh-positions"/>
        </vertices>
        <triangles material="Material_001-material" count="5022">
          <input semantic="VERTEX" source="#asm_edie_v7-1_ear_right-mesh-vertices" offset="0"/>
          <input semantic="NORMAL" source="#asm_edie_v7-1_ear_right-mesh-normals" offset="1"/>
          <p>0 0 1 0 2 0 3 1 2 1 1 1 4 2 0 2 2 2 5 3 4 3 2 3 3 4 5 4 2 4 6 5 1 5 0 5 7 6 3 6 1 6 6 7 7 7 1 7 4 8 8 8 0 8 9 9 0 9 8 9 10 10 11 10 0 10 12 11 0 11 11 11 13 12 10 12 0 12 14 13 13 13 0 13 9 14 14 14 0 14 12 15 6 15 0 15 4 16 15 16 8 16 16 17 8 17 15 17 16 18 9 18 8 18 4 19 17 19 15 19 18 20 15 20 17 20 16 21 15 21 18 21 4 22 19 22 17 22 18 23 17 23 19 23 4 24 20 24 19 24 21 25 19 25 20 25 18 26 19 26 21 26 4 27 22 27 20 27 21 28 20 28 22 28 4 29 23 29 22 29 24 30 22 30 23 30 21 31 22 31 24 31 25 32 23 32 4 32 25 33 26 33 23 33 27 34 23 34 26 34 24 35 23 35 27 35 28 36 25 36 4 36 5 37 28 37 4 37 10 38 29 38 11 38 30 39 11 39 29 39 30 40 12 40 11 40 31 41 29 41 10 41 32 42 30 42 29 42 31 43 32 43 29 43 33 44 34 44 10 44 35 45 10 45 34 45 36 46 33 46 10 46 13 47 36 47 10 47 35 48 37 48 10 48 38 49 10 49 37 49 38 50 31 50 10 50 39 51 34 51 33 51 40 52 35 52 34 52 41 53 40 53 34 53 42 54 41 54 34 54 39 55 42 55 34 55 43 56 33 56 36 56 39 57 33 57 43 57 43 58 36 58 13 58 44 59 13 59 14 59 43 60 13 60 44 60 44 61 14 61 9 61 44 62 9 62 16 62 45 63 37 63 35 63 45 64 38 64 37 64 46 65 35 65 40 65 47 66 45 66 35 66 46 67 47 67 35 67 48 68 40 68 41 68 49 69 40 69 48 69 49 70 46 70 40 70 50 71 51 71 41 71 52 72 41 72 51 72 53 73 50 73 41 73 54 74 53 74 41 74 55 75 54 75 41 75 42 76 55 76 41 76 56 77 48 77 41 77 57 78 56 78 41 78 52 79 57 79 41 79 58 80 51 80 50 80 59 81 52 81 51 81 58 82 59 82 51 82 60 83 50 83 53 83 58 84 50 84 60 84 60 85 53 85 54 85 61 86 54 86 55 86 60 87 54 87 61 87 61 88 55 88 42 88 61 89 42 89 39 89 62 90 48 90 56 90 62 91 49 91 48 91 63 92 56 92 57 92 64 93 62 93 56 93 63 94 64 94 56 94 65 95 57 95 52 95 65 96 63 96 57 96 59 97 66 97 52 97 67 98 52 98 66 98 68 99 52 99 67 99 68 100 65 100 52 100 69 101 70 101 66 101 71 102 66 102 70 102 72 103 69 103 66 103 73 104 72 104 66 104 59 105 73 105 66 105 74 106 67 106 66 106 71 107 74 107 66 107 75 108 70 108 69 108 76 109 71 109 70 109 77 110 76 110 70 110 77 111 70 111 75 111 75 112 69 112 72 112 78 113 72 113 73 113 75 114 72 114 78 114 58 115 73 115 59 115 78 116 73 116 58 116 79 117 67 117 74 117 80 118 68 118 67 118 79 119 80 119 67 119 81 120 74 120 71 120 82 121 79 121 74 121 81 122 82 122 74 122 83 123 84 123 71 123 85 124 71 124 84 124 76 125 83 125 71 125 81 126 71 126 85 126 86 127 87 127 84 127 88 128 84 128 87 128 89 129 86 129 84 129 83 130 89 130 84 130 90 131 85 131 84 131 88 132 90 132 84 132 91 133 92 133 87 133 93 134 87 134 92 134 94 135 91 135 87 135 86 136 94 136 87 136 93 137 88 137 87 137 95 138 92 138 91 138 96 139 93 139 92 139 97 140 96 140 92 140 97 141 92 141 95 141 98 142 91 142 94 142 95 143 91 143 98 143 99 144 94 144 86 144 98 145 94 145 99 145 99 146 86 146 89 146 77 147 89 147 83 147 99 148 89 148 77 148 77 149 83 149 76 149 100 150 85 150 90 150 100 151 81 151 85 151 101 152 90 152 88 152 102 153 100 153 90 153 101 154 102 154 90 154 103 155 88 155 93 155 104 156 101 156 88 156 103 157 104 157 88 157 96 158 105 158 93 158 106 159 93 159 105 159 106 160 103 160 93 160 107 161 108 161 105 161 109 162 105 162 108 162 96 163 107 163 105 163 110 164 106 164 105 164 109 165 110 165 105 165 111 166 112 166 108 166 113 167 108 167 112 167 114 168 111 168 108 168 107 169 114 169 108 169 115 170 109 170 108 170 113 171 115 171 108 171 116 172 117 172 112 172 118 173 112 173 117 173 111 174 116 174 112 174 118 175 113 175 112 175 119 176 120 176 117 176 121 177 117 177 120 177 116 178 119 178 117 178 122 179 118 179 117 179 121 180 122 180 117 180 123 181 124 181 120 181 125 182 120 182 124 182 119 183 123 183 120 183 126 184 121 184 120 184 125 185 126 185 120 185 127 186 124 186 123 186 128 187 124 187 127 187 129 188 124 188 128 188 130 189 124 189 129 189 130 190 125 190 124 190 127 191 123 191 119 191 127 192 119 192 116 192 131 193 116 193 111 193 131 194 127 194 116 194 132 195 111 195 114 195 131 196 111 196 132 196 133 197 114 197 107 197 134 198 114 198 133 198 132 199 114 199 134 199 97 200 107 200 96 200 133 201 107 201 97 201 135 202 136 202 137 202 138 203 137 203 136 203 139 204 135 204 137 204 140 205 139 205 137 205 141 206 140 206 137 206 142 207 137 207 138 207 141 208 137 208 142 208 135 209 143 209 136 209 138 210 136 210 143 210 144 211 143 211 135 211 145 212 138 212 143 212 144 213 145 213 143 213 146 214 135 214 139 214 147 215 144 215 135 215 146 216 147 216 135 216 140 217 148 217 139 217 149 218 139 218 148 218 150 219 146 219 139 219 149 220 150 220 139 220 151 221 152 221 148 221 153 222 148 222 152 222 140 223 151 223 148 223 153 224 149 224 148 224 151 225 154 225 152 225 155 226 152 226 154 226 156 227 153 227 152 227 155 228 156 228 152 228 157 229 158 229 154 229 159 230 154 230 158 230 151 231 157 231 154 231 160 232 155 232 154 232 159 233 160 233 154 233 161 234 162 234 158 234 163 235 158 235 162 235 157 236 161 236 158 236 164 237 159 237 158 237 163 238 164 238 158 238 165 239 166 239 162 239 167 240 162 240 166 240 161 241 165 241 162 241 168 242 163 242 162 242 167 243 168 243 162 243 169 244 170 244 166 244 171 245 166 245 170 245 172 246 169 246 166 246 165 247 172 247 166 247 173 248 167 248 166 248 171 249 173 249 166 249 174 250 175 250 170 250 176 251 170 251 175 251 169 252 174 252 170 252 177 253 171 253 170 253 176 254 177 254 170 254 178 255 179 255 175 255 180 256 175 256 179 256 174 257 178 257 175 257 181 258 176 258 175 258 180 259 181 259 175 259 178 260 182 260 179 260 183 261 179 261 182 261 184 262 180 262 179 262 183 263 184 263 179 263 185 264 186 264 182 264 187 265 182 265 186 265 178 266 185 266 182 266 187 267 183 267 182 267 188 268 186 268 185 268 189 269 187 269 186 269 188 270 189 270 186 270 190 271 185 271 178 271 191 272 192 272 185 272 193 273 185 273 192 273 194 274 191 274 185 274 190 275 194 275 185 275 193 276 188 276 185 276 195 277 178 277 174 277 196 278 190 278 178 278 197 279 196 279 178 279 195 280 197 280 178 280 198 281 174 281 169 281 199 282 174 282 198 282 200 283 195 283 174 283 201 284 200 284 174 284 199 285 201 285 174 285 202 286 169 286 172 286 203 287 198 287 169 287 203 288 169 288 202 288 204 289 172 289 165 289 202 290 172 290 204 290 205 291 165 291 161 291 204 292 165 292 205 292 206 293 161 293 157 293 207 294 161 294 206 294 205 295 161 295 207 295 208 296 157 296 151 296 209 297 157 297 208 297 206 298 157 298 209 298 210 299 151 299 140 299 208 300 151 300 210 300 211 301 140 301 141 301 210 302 140 302 211 302 212 303 199 303 198 303 213 304 198 304 203 304 212 305 198 305 213 305 26 306 214 306 192 306 215 307 192 307 214 307 191 308 26 308 192 308 215 309 193 309 192 309 26 310 216 310 214 310 217 311 214 311 216 311 218 312 215 312 214 312 217 313 218 313 214 313 219 314 216 314 26 314 220 315 217 315 216 315 219 316 220 316 216 316 221 317 26 317 191 317 222 318 26 318 221 318 223 319 26 319 25 319 224 320 27 320 26 320 225 321 224 321 26 321 226 322 225 322 26 322 222 323 226 323 26 323 223 324 219 324 26 324 227 325 191 325 194 325 227 326 221 326 191 326 228 327 194 327 190 327 227 328 194 328 228 328 228 329 190 329 196 329 229 330 196 330 197 330 228 331 196 331 229 331 230 332 197 332 195 332 229 333 197 333 230 333 231 334 195 334 200 334 230 335 195 335 231 335 232 336 200 336 201 336 231 337 200 337 232 337 233 338 201 338 199 338 232 339 201 339 233 339 233 340 199 340 212 340 227 341 222 341 221 341 234 342 25 342 28 342 234 343 223 343 25 343 235 344 234 344 28 344 5 345 235 345 28 345 24 346 27 346 224 346 236 347 224 347 225 347 24 348 224 348 236 348 237 349 225 349 226 349 236 350 225 350 237 350 237 351 226 351 222 351 237 352 222 352 227 352 238 353 239 353 240 353 241 354 242 354 243 354 244 355 245 355 238 355 246 356 242 356 241 356 247 357 248 357 243 357 249 358 243 358 248 358 242 359 247 359 243 359 250 360 241 360 243 360 249 361 250 361 243 361 247 362 251 362 248 362 252 363 248 363 251 363 252 364 249 364 248 364 247 365 253 365 251 365 254 366 251 366 253 366 255 367 251 367 254 367 255 368 252 368 251 368 256 369 257 369 253 369 258 370 253 370 257 370 259 371 256 371 253 371 247 372 259 372 253 372 260 373 254 373 253 373 261 374 260 374 253 374 258 375 261 375 253 375 262 376 257 376 256 376 263 377 258 377 257 377 264 378 263 378 257 378 264 379 257 379 262 379 265 380 256 380 259 380 262 381 256 381 265 381 247 382 266 382 259 382 265 383 259 383 266 383 244 384 267 384 245 384 268 385 269 385 266 385 270 386 266 386 269 386 247 387 268 387 266 387 265 388 266 388 270 388 268 389 271 389 269 389 272 390 269 390 271 390 270 391 269 391 272 391 268 392 273 392 271 392 274 393 271 393 273 393 272 394 271 394 274 394 275 395 276 395 273 395 277 396 273 396 276 396 268 397 275 397 273 397 274 398 273 398 277 398 275 399 278 399 276 399 279 400 276 400 278 400 277 401 276 401 279 401 275 402 280 402 278 402 281 403 278 403 280 403 279 404 278 404 281 404 275 405 282 405 280 405 283 406 280 406 282 406 281 407 280 407 283 407 284 408 285 408 282 408 286 409 282 409 285 409 287 410 284 410 282 410 275 411 287 411 282 411 288 412 282 412 286 412 283 413 282 413 288 413 289 414 285 414 284 414 286 415 285 415 289 415 287 416 290 416 284 416 291 417 284 417 290 417 289 418 284 418 291 418 287 419 292 419 290 419 293 420 290 420 292 420 291 421 290 421 293 421 294 422 295 422 296 422 297 423 298 423 294 423 293 424 292 424 299 424 300 425 292 425 287 425 301 426 302 426 292 426 303 427 292 427 302 427 300 428 301 428 292 428 304 429 292 429 303 429 299 430 292 430 304 430 305 431 306 431 287 431 307 432 287 432 306 432 275 433 305 433 287 433 308 434 300 434 287 434 309 435 308 435 287 435 310 436 309 436 287 436 311 437 310 437 287 437 307 438 311 438 287 438 305 439 312 439 306 439 313 440 306 440 312 440 314 441 307 441 306 441 315 442 314 442 306 442 316 443 315 443 306 443 313 444 316 444 306 444 305 445 317 445 312 445 318 446 312 446 317 446 313 447 312 447 318 447 319 448 320 448 317 448 321 449 317 449 320 449 305 450 319 450 317 450 318 451 317 451 321 451 319 452 322 452 320 452 323 453 320 453 322 453 321 454 320 454 323 454 319 455 324 455 322 455 325 456 322 456 324 456 323 457 322 457 325 457 326 458 327 458 324 458 328 459 324 459 327 459 319 460 326 460 324 460 325 461 324 461 328 461 329 462 330 462 327 462 331 463 327 463 330 463 326 464 329 464 327 464 328 465 327 465 331 465 332 466 333 466 330 466 334 467 330 467 333 467 329 468 332 468 330 468 331 469 330 469 334 469 332 470 335 470 333 470 336 471 333 471 335 471 334 472 333 472 336 472 332 473 337 473 335 473 338 474 335 474 337 474 336 475 335 475 338 475 339 476 340 476 337 476 341 477 337 477 340 477 342 478 339 478 337 478 343 479 342 479 337 479 332 480 343 480 337 480 338 481 337 481 341 481 344 482 345 482 340 482 346 483 340 483 345 483 339 484 344 484 340 484 347 485 340 485 346 485 348 486 340 486 347 486 349 487 340 487 348 487 341 488 340 488 349 488 294 489 298 489 295 489 297 490 350 490 298 490 351 491 346 491 345 491 352 492 353 492 345 492 354 493 345 493 353 493 344 494 352 494 345 494 351 495 345 495 354 495 352 496 355 496 353 496 356 497 353 497 355 497 354 498 353 498 356 498 352 499 357 499 355 499 358 500 355 500 357 500 356 501 355 501 358 501 359 502 360 502 357 502 361 503 357 503 360 503 362 504 359 504 357 504 363 505 362 505 357 505 352 506 363 506 357 506 358 507 357 507 361 507 364 508 365 508 360 508 366 509 360 509 365 509 359 510 364 510 360 510 361 511 360 511 366 511 367 512 368 512 365 512 369 513 365 513 368 513 370 514 367 514 365 514 371 515 370 515 365 515 364 516 371 516 365 516 366 517 365 517 369 517 372 518 373 518 368 518 374 519 368 519 373 519 375 520 372 520 368 520 376 521 375 521 368 521 367 522 376 522 368 522 377 523 369 523 368 523 378 524 377 524 368 524 379 525 378 525 368 525 380 526 379 526 368 526 374 527 380 527 368 527 381 528 382 528 373 528 383 529 373 529 382 529 384 530 381 530 373 530 385 531 384 531 373 531 386 532 385 532 373 532 387 533 386 533 373 533 372 534 387 534 373 534 388 535 374 535 373 535 389 536 388 536 373 536 390 537 389 537 373 537 383 538 390 538 373 538 391 539 382 539 381 539 392 540 382 540 393 540 391 541 393 541 382 541 394 542 383 542 382 542 395 543 394 543 382 543 392 544 395 544 382 544 396 545 381 545 384 545 391 546 381 546 396 546 397 547 384 547 385 547 396 548 384 548 397 548 398 549 385 549 386 549 399 550 385 550 398 550 397 551 385 551 399 551 387 552 400 552 386 552 398 553 386 553 400 553 387 554 401 554 400 554 402 555 400 555 401 555 398 556 400 556 402 556 387 557 403 557 401 557 404 558 401 558 403 558 405 559 401 559 404 559 402 560 401 560 405 560 387 561 406 561 403 561 407 562 403 562 406 562 407 563 404 563 403 563 408 564 409 564 406 564 410 565 406 565 409 565 387 566 408 566 406 566 407 567 406 567 410 567 408 568 411 568 409 568 412 569 409 569 411 569 410 570 409 570 412 570 408 571 413 571 411 571 414 572 411 572 413 572 412 573 411 573 414 573 415 574 416 574 413 574 417 575 413 575 416 575 408 576 415 576 413 576 414 577 413 577 417 577 415 578 418 578 416 578 419 579 416 579 418 579 420 580 416 580 419 580 417 581 416 581 420 581 415 582 421 582 418 582 419 583 418 583 421 583 415 584 422 584 421 584 423 585 421 585 422 585 419 586 421 586 423 586 415 587 424 587 422 587 425 588 422 588 424 588 426 589 422 589 425 589 423 590 422 590 426 590 427 591 428 591 424 591 429 592 424 592 428 592 415 593 427 593 424 593 425 594 424 594 429 594 430 595 428 595 427 595 431 596 432 596 428 596 433 597 428 597 432 597 430 598 431 598 428 598 429 599 428 599 433 599 434 600 435 600 427 600 436 601 427 601 435 601 415 602 434 602 427 602 437 603 427 603 438 603 436 604 438 604 427 604 439 605 430 605 427 605 440 606 439 606 427 606 437 607 440 607 427 607 434 608 441 608 435 608 442 609 435 609 441 609 436 610 435 610 442 610 443 611 441 611 434 611 442 612 441 612 443 612 444 613 434 613 415 613 443 614 434 614 444 614 445 615 415 615 408 615 444 616 415 616 445 616 446 617 408 617 387 617 447 618 408 618 448 618 449 619 448 619 408 619 450 620 408 620 447 620 451 621 449 621 408 621 446 622 451 622 408 622 452 623 445 623 408 623 453 624 452 624 408 624 450 625 453 625 408 625 454 626 387 626 372 626 455 627 446 627 387 627 456 628 455 628 387 628 457 629 456 629 387 629 458 630 457 630 387 630 459 631 458 631 387 631 454 632 459 632 387 632 460 633 372 633 375 633 461 634 454 634 372 634 462 635 461 635 372 635 460 636 462 636 372 636 463 637 375 637 376 637 460 638 375 638 463 638 464 639 376 639 367 639 463 640 376 640 464 640 465 641 367 641 370 641 466 642 367 642 465 642 464 643 367 643 466 643 465 644 370 644 371 644 467 645 468 645 469 645 470 646 371 646 364 646 465 647 371 647 470 647 471 648 364 648 359 648 467 649 472 649 468 649 471 650 470 650 364 650 473 651 359 651 362 651 471 652 359 652 473 652 474 653 362 653 363 653 475 654 362 654 474 654 473 655 362 655 475 655 474 656 363 656 352 656 344 657 476 657 352 657 477 658 352 658 476 658 474 659 352 659 477 659 478 660 476 660 344 660 478 661 479 661 476 661 480 662 476 662 479 662 477 663 476 663 480 663 481 664 344 664 339 664 482 665 478 665 344 665 481 666 482 666 344 666 483 667 339 667 342 667 481 668 339 668 483 668 484 669 342 669 343 669 483 670 342 670 484 670 485 671 343 671 332 671 484 672 343 672 485 672 486 673 332 673 329 673 485 674 332 674 486 674 487 675 329 675 326 675 486 676 329 676 487 676 488 677 326 677 319 677 487 678 326 678 488 678 489 679 319 679 305 679 490 680 319 680 489 680 488 681 319 681 490 681 491 682 305 682 275 682 492 683 305 683 491 683 493 684 305 684 492 684 494 685 489 685 305 685 493 686 494 686 305 686 495 687 275 687 268 687 496 688 491 688 275 688 497 689 496 689 275 689 495 690 497 690 275 690 498 691 268 691 247 691 499 692 495 692 268 692 500 693 499 693 268 693 498 694 500 694 268 694 501 695 247 695 242 695 502 696 247 696 501 696 503 697 247 697 502 697 504 698 498 698 247 698 505 699 504 699 247 699 503 700 505 700 247 700 506 701 501 701 242 701 507 702 506 702 242 702 246 703 507 703 242 703 508 704 254 704 260 704 509 705 255 705 254 705 508 706 509 706 254 706 510 707 260 707 261 707 510 708 508 708 260 708 511 709 261 709 258 709 512 710 261 710 511 710 512 711 510 711 261 711 513 712 302 712 258 712 514 713 258 713 302 713 515 714 513 714 258 714 516 715 515 715 258 715 263 716 516 716 258 716 517 717 511 717 258 717 514 718 517 718 258 718 518 719 302 719 301 719 519 720 303 720 302 720 513 721 519 721 302 721 518 722 514 722 302 722 520 723 301 723 300 723 521 724 522 724 523 724 524 725 525 725 521 725 526 726 300 726 308 726 526 727 520 727 300 727 527 728 308 728 309 728 527 729 526 729 308 729 528 730 309 730 310 730 528 731 527 731 309 731 529 732 310 732 311 732 529 733 528 733 310 733 530 734 311 734 307 734 530 735 529 735 311 735 531 736 307 736 314 736 532 737 530 737 307 737 531 738 532 738 307 738 531 739 314 739 315 739 533 740 534 740 315 740 535 741 315 741 534 741 536 742 533 742 315 742 537 743 536 743 315 743 538 744 537 744 315 744 316 745 538 745 315 745 531 746 315 746 535 746 533 747 539 747 534 747 540 748 534 748 539 748 521 749 525 749 522 749 535 750 534 750 541 750 542 751 541 751 534 751 543 752 542 752 534 752 544 753 543 753 534 753 545 754 544 754 534 754 540 755 545 755 534 755 546 756 539 756 533 756 540 757 539 757 546 757 547 758 533 758 536 758 546 759 533 759 547 759 548 760 536 760 537 760 549 761 536 761 548 761 547 762 536 762 549 762 550 763 537 763 538 763 548 764 537 764 550 764 551 765 538 765 316 765 550 766 538 766 551 766 551 767 316 767 313 767 304 768 303 768 519 768 552 769 519 769 513 769 304 770 519 770 552 770 553 771 513 771 515 771 552 772 513 772 553 772 554 773 515 773 516 773 553 774 515 774 554 774 555 775 516 775 263 775 554 776 516 776 555 776 555 777 263 777 264 777 556 778 511 778 517 778 557 779 512 779 511 779 556 780 557 780 511 780 558 781 517 781 514 781 559 782 556 782 517 782 558 783 559 783 517 783 560 784 514 784 518 784 561 785 514 785 560 785 561 786 558 786 514 786 562 787 563 787 518 787 564 788 518 788 563 788 565 789 562 789 518 789 566 790 565 790 518 790 301 791 566 791 518 791 567 792 560 792 518 792 564 793 567 793 518 793 568 794 541 794 563 794 569 795 563 795 541 795 570 796 568 796 563 796 571 797 570 797 563 797 572 798 571 798 563 798 562 799 572 799 563 799 573 800 564 800 563 800 569 801 573 801 563 801 524 802 574 802 525 802 568 803 535 803 541 803 575 804 569 804 541 804 576 805 541 805 542 805 575 806 541 806 576 806 577 807 542 807 543 807 576 808 542 808 577 808 578 809 543 809 544 809 577 810 543 810 578 810 579 811 544 811 545 811 578 812 544 812 580 812 579 813 580 813 544 813 579 814 545 814 540 814 581 815 535 815 568 815 581 816 531 816 535 816 582 817 568 817 570 817 582 818 581 818 568 818 583 819 570 819 571 819 583 820 582 820 570 820 584 821 571 821 572 821 584 822 583 822 571 822 585 823 572 823 562 823 585 824 584 824 572 824 586 825 562 825 565 825 586 826 585 826 562 826 587 827 565 827 566 827 588 828 586 828 565 828 587 829 588 829 565 829 587 830 566 830 301 830 587 831 301 831 520 831 589 832 560 832 567 832 589 833 561 833 560 833 590 834 567 834 564 834 591 835 567 835 590 835 592 836 567 836 591 836 593 837 589 837 567 837 592 838 593 838 567 838 590 839 564 839 573 839 594 840 595 840 573 840 590 841 573 841 595 841 596 842 594 842 573 842 597 843 596 843 573 843 569 844 597 844 573 844 598 845 599 845 595 845 600 846 595 846 599 846 601 847 598 847 595 847 602 848 601 848 595 848 594 849 602 849 595 849 600 850 590 850 595 850 603 851 604 851 599 851 605 852 599 852 604 852 598 853 603 853 599 853 600 854 599 854 605 854 606 855 607 855 604 855 608 856 604 856 607 856 603 857 606 857 604 857 605 858 604 858 608 858 609 859 610 859 607 859 611 860 607 860 610 860 612 861 609 861 607 861 613 862 612 862 607 862 606 863 613 863 607 863 608 864 607 864 611 864 614 865 615 865 610 865 616 866 610 866 615 866 617 867 614 867 610 867 609 868 617 868 610 868 611 869 610 869 616 869 618 870 619 870 615 870 620 871 615 871 619 871 621 872 618 872 615 872 622 873 621 873 615 873 614 874 622 874 615 874 616 875 615 875 620 875 623 876 624 876 619 876 625 877 619 877 624 877 626 878 623 878 619 878 618 879 626 879 619 879 620 880 619 880 625 880 627 881 628 881 624 881 629 882 624 882 628 882 630 883 627 883 624 883 623 884 630 884 624 884 625 885 624 885 629 885 631 886 632 886 628 886 629 887 628 887 632 887 633 888 631 888 628 888 627 889 633 889 628 889 634 890 635 890 632 890 636 891 632 891 635 891 631 892 634 892 632 892 629 893 632 893 636 893 634 894 637 894 635 894 638 895 635 895 637 895 636 896 635 896 638 896 639 897 640 897 637 897 641 898 637 898 640 898 642 899 639 899 637 899 634 900 642 900 637 900 638 901 637 901 641 901 643 902 644 902 640 902 645 903 640 903 644 903 646 904 643 904 640 904 647 905 646 905 640 905 639 906 647 906 640 906 641 907 640 907 645 907 648 908 649 908 644 908 650 909 644 909 649 909 651 910 648 910 644 910 643 911 651 911 644 911 645 912 644 912 650 912 650 913 649 913 648 913 652 914 648 914 651 914 652 915 653 915 648 915 654 916 648 916 653 916 655 917 648 917 654 917 650 918 648 918 655 918 656 919 651 919 643 919 657 920 652 920 651 920 656 921 657 921 651 921 658 922 643 922 646 922 658 923 656 923 643 923 659 924 646 924 647 924 659 925 658 925 646 925 660 926 647 926 639 926 660 927 659 927 647 927 661 928 639 928 642 928 662 929 660 929 639 929 661 930 662 930 639 930 661 931 642 931 634 931 663 932 664 932 634 932 665 933 634 933 664 933 631 934 663 934 634 934 666 935 634 935 665 935 666 936 661 936 634 936 667 937 664 937 663 937 668 938 669 938 664 938 670 939 664 939 669 939 671 940 668 940 664 940 672 941 671 941 664 941 673 942 672 942 664 942 674 943 673 943 664 943 667 944 674 944 664 944 670 945 665 945 664 945 675 946 663 946 631 946 667 947 663 947 675 947 676 948 631 948 633 948 677 949 631 949 676 949 675 950 631 950 677 950 676 951 633 951 627 951 678 952 627 952 630 952 676 953 627 953 678 953 679 954 630 954 623 954 678 955 630 955 679 955 680 956 623 956 626 956 679 957 623 957 680 957 681 958 626 958 618 958 680 959 626 959 681 959 682 960 618 960 621 960 681 961 618 961 682 961 683 962 621 962 622 962 682 963 621 963 683 963 684 964 622 964 614 964 683 965 622 965 684 965 347 966 614 966 617 966 347 967 685 967 614 967 686 968 614 968 685 968 684 969 614 969 686 969 687 970 617 970 609 970 688 971 347 971 617 971 689 972 688 972 617 972 689 973 617 973 687 973 690 974 609 974 612 974 687 975 609 975 690 975 691 976 612 976 613 976 690 977 612 977 691 977 692 978 613 978 606 978 691 979 613 979 692 979 693 980 606 980 603 980 692 981 606 981 693 981 694 982 603 982 598 982 693 983 603 983 694 983 695 984 598 984 601 984 694 985 598 985 695 985 696 986 601 986 602 986 697 987 601 987 696 987 695 988 601 988 697 988 696 989 602 989 594 989 698 990 594 990 596 990 696 991 594 991 698 991 699 992 596 992 597 992 698 993 596 993 699 993 700 994 597 994 569 994 699 995 597 995 700 995 700 996 569 996 575 996 701 997 702 997 703 997 704 998 703 998 702 998 705 999 701 999 703 999 706 1000 705 1000 703 1000 706 1001 703 1001 704 1001 707 1002 708 1002 702 1002 704 1003 702 1003 708 1003 701 1004 707 1004 702 1004 709 1005 710 1005 708 1005 711 1006 708 1006 710 1006 707 1007 709 1007 708 1007 128 1008 127 1008 708 1008 704 1009 708 1009 127 1009 129 1010 128 1010 708 1010 712 1011 129 1011 708 1011 711 1012 712 1012 708 1012 709 1013 713 1013 710 1013 714 1014 710 1014 713 1014 714 1015 711 1015 710 1015 715 1016 713 1016 709 1016 716 1017 717 1017 713 1017 718 1018 713 1018 717 1018 715 1019 716 1019 713 1019 718 1020 714 1020 713 1020 719 1021 709 1021 707 1021 719 1022 715 1022 709 1022 720 1023 707 1023 701 1023 720 1024 719 1024 707 1024 705 1025 721 1025 701 1025 722 1026 701 1026 721 1026 723 1027 720 1027 701 1027 724 1028 723 1028 701 1028 725 1029 724 1029 701 1029 726 1030 725 1030 701 1030 727 1031 726 1031 701 1031 722 1032 727 1032 701 1032 728 1033 729 1033 721 1033 730 1034 721 1034 729 1034 731 1035 728 1035 721 1035 705 1036 731 1036 721 1036 732 1037 722 1037 721 1037 730 1038 732 1038 721 1038 733 1039 729 1039 728 1039 734 1040 729 1040 735 1040 733 1041 735 1041 729 1041 736 1042 730 1042 729 1042 734 1043 736 1043 729 1043 737 1044 728 1044 731 1044 733 1045 728 1045 737 1045 706 1046 731 1046 705 1046 737 1047 731 1047 706 1047 738 1048 734 1048 735 1048 739 1049 738 1049 735 1049 740 1050 739 1050 735 1050 741 1051 740 1051 735 1051 742 1052 741 1052 735 1052 743 1053 742 1053 735 1053 743 1054 735 1054 733 1054 716 1055 744 1055 717 1055 745 1056 717 1056 744 1056 745 1057 718 1057 717 1057 746 1058 747 1058 744 1058 748 1059 744 1059 747 1059 716 1060 746 1060 744 1060 749 1061 745 1061 744 1061 748 1062 749 1062 744 1062 750 1063 747 1063 746 1063 750 1064 748 1064 747 1064 502 1065 746 1065 716 1065 501 1066 751 1066 746 1066 752 1067 746 1067 751 1067 502 1068 501 1068 746 1068 752 1069 750 1069 746 1069 753 1070 716 1070 715 1070 754 1071 502 1071 716 1071 753 1072 754 1072 716 1072 244 1073 583 1073 584 1073 755 1074 753 1074 715 1074 756 1075 755 1075 715 1075 757 1076 756 1076 715 1076 758 1077 757 1077 715 1077 759 1078 758 1078 715 1078 760 1079 759 1079 715 1079 761 1080 760 1080 715 1080 719 1081 761 1081 715 1081 762 1082 719 1082 720 1082 244 1083 238 1083 582 1083 763 1084 720 1084 723 1084 763 1085 762 1085 720 1085 764 1086 723 1086 724 1086 765 1087 763 1087 723 1087 764 1088 765 1088 723 1088 764 1089 724 1089 725 1089 766 1090 725 1090 726 1090 767 1091 725 1091 766 1091 767 1092 764 1092 725 1092 768 1093 769 1093 726 1093 770 1094 726 1094 769 1094 771 1095 768 1095 726 1095 772 1096 771 1096 726 1096 773 1097 772 1097 726 1097 774 1098 773 1098 726 1098 775 1099 774 1099 726 1099 727 1100 775 1100 726 1100 770 1101 492 1101 726 1101 776 1102 726 1102 492 1102 777 1103 766 1103 726 1103 776 1104 777 1104 726 1104 778 1105 769 1105 768 1105 779 1106 770 1106 769 1106 780 1107 779 1107 769 1107 781 1108 780 1108 769 1108 782 1109 781 1109 769 1109 778 1110 782 1110 769 1110 783 1111 768 1111 771 1111 778 1112 768 1112 783 1112 784 1113 771 1113 772 1113 783 1114 771 1114 784 1114 785 1115 772 1115 773 1115 784 1116 772 1116 785 1116 786 1117 773 1117 774 1117 785 1118 773 1118 786 1118 787 1119 774 1119 775 1119 786 1120 774 1120 787 1120 788 1121 775 1121 727 1121 789 1122 775 1122 788 1122 787 1123 775 1123 789 1123 790 1124 727 1124 722 1124 788 1125 727 1125 790 1125 791 1126 722 1126 732 1126 790 1127 722 1127 791 1127 792 1128 732 1128 730 1128 791 1129 732 1129 792 1129 793 1130 730 1130 736 1130 792 1131 730 1131 793 1131 794 1132 736 1132 734 1132 795 1133 736 1133 794 1133 793 1134 736 1134 795 1134 796 1135 734 1135 738 1135 794 1136 734 1136 796 1136 797 1137 738 1137 739 1137 798 1138 738 1138 797 1138 796 1139 738 1139 798 1139 797 1140 739 1140 740 1140 799 1141 740 1141 741 1141 797 1142 740 1142 799 1142 742 1143 800 1143 741 1143 801 1144 741 1144 800 1144 478 1145 741 1145 801 1145 802 1146 741 1146 478 1146 803 1147 741 1147 802 1147 799 1148 741 1148 803 1148 742 1149 804 1149 800 1149 805 1150 800 1150 804 1150 805 1151 801 1151 800 1151 806 1152 807 1152 804 1152 808 1153 804 1153 807 1153 742 1154 806 1154 804 1154 805 1155 804 1155 808 1155 806 1156 809 1156 807 1156 810 1157 807 1157 809 1157 808 1158 807 1158 810 1158 806 1159 811 1159 809 1159 812 1160 809 1160 811 1160 810 1161 809 1161 812 1161 806 1162 813 1162 811 1162 812 1163 811 1163 813 1163 806 1164 814 1164 813 1164 815 1165 813 1165 814 1165 812 1166 813 1166 815 1166 816 1167 817 1167 814 1167 818 1168 814 1168 817 1168 806 1169 816 1169 814 1169 815 1170 814 1170 818 1170 819 1171 820 1171 817 1171 821 1172 817 1172 820 1172 816 1173 819 1173 817 1173 818 1174 817 1174 821 1174 822 1175 820 1175 819 1175 244 1176 582 1176 583 1176 267 1177 823 1177 824 1177 825 1178 821 1178 820 1178 826 1179 825 1179 820 1179 827 1180 826 1180 820 1180 828 1181 827 1181 820 1181 829 1182 828 1182 820 1182 830 1183 820 1183 822 1183 831 1184 819 1184 816 1184 822 1185 819 1185 831 1185 832 1186 816 1186 806 1186 831 1187 816 1187 832 1187 833 1188 806 1188 742 1188 832 1189 806 1189 833 1189 834 1190 742 1190 743 1190 833 1191 742 1191 834 1191 835 1192 829 1192 820 1192 836 1193 835 1193 820 1193 830 1194 836 1194 820 1194 837 1195 821 1195 825 1195 818 1196 821 1196 837 1196 838 1197 825 1197 826 1197 839 1198 825 1198 838 1198 837 1199 825 1199 839 1199 840 1200 841 1200 826 1200 838 1201 826 1201 841 1201 827 1202 840 1202 826 1202 840 1203 842 1203 841 1203 843 1204 841 1204 842 1204 838 1205 841 1205 843 1205 840 1206 844 1206 842 1206 845 1207 842 1207 844 1207 843 1208 842 1208 846 1208 847 1209 846 1209 842 1209 847 1210 842 1210 845 1210 840 1211 848 1211 844 1211 845 1212 844 1212 848 1212 849 1213 848 1213 840 1213 845 1214 848 1214 849 1214 850 1215 840 1215 827 1215 850 1216 851 1216 840 1216 849 1217 840 1217 851 1217 852 1218 827 1218 828 1218 852 1219 461 1219 827 1219 462 1220 827 1220 461 1220 853 1221 850 1221 827 1221 854 1222 853 1222 827 1222 855 1223 854 1223 827 1223 462 1224 855 1224 827 1224 856 1225 828 1225 829 1225 856 1226 852 1226 828 1226 857 1227 829 1227 835 1227 857 1228 856 1228 829 1228 836 1229 858 1229 835 1229 859 1230 835 1230 858 1230 859 1231 857 1231 835 1231 860 1232 861 1232 858 1232 862 1233 858 1233 861 1233 836 1234 860 1234 858 1234 862 1235 859 1235 858 1235 860 1236 863 1236 861 1236 864 1237 861 1237 863 1237 864 1238 862 1238 861 1238 865 1239 866 1239 863 1239 867 1240 863 1240 866 1240 860 1241 865 1241 863 1241 867 1242 864 1242 863 1242 868 1243 448 1243 866 1243 869 1244 866 1244 448 1244 865 1245 868 1245 866 1245 870 1246 866 1246 869 1246 870 1247 867 1247 866 1247 871 1248 448 1248 868 1248 872 1249 447 1249 448 1249 449 1250 869 1250 448 1250 872 1251 448 1251 871 1251 873 1252 868 1252 865 1252 871 1253 868 1253 873 1253 874 1254 865 1254 860 1254 873 1255 865 1255 874 1255 875 1256 860 1256 836 1256 874 1257 860 1257 875 1257 875 1258 836 1258 830 1258 872 1259 450 1259 447 1259 876 1260 869 1260 449 1260 876 1261 870 1261 869 1261 876 1262 449 1262 451 1262 877 1263 451 1263 446 1263 877 1264 876 1264 451 1264 878 1265 446 1265 455 1265 878 1266 877 1266 446 1266 879 1267 455 1267 456 1267 879 1268 878 1268 455 1268 880 1269 456 1269 457 1269 880 1270 879 1270 456 1270 881 1271 457 1271 458 1271 881 1272 880 1272 457 1272 882 1273 458 1273 459 1273 882 1274 881 1274 458 1274 883 1275 459 1275 454 1275 883 1276 882 1276 459 1276 884 1277 454 1277 461 1277 884 1278 883 1278 454 1278 884 1279 461 1279 852 1279 884 1280 852 1280 856 1280 885 1281 851 1281 850 1281 849 1282 851 1282 885 1282 886 1283 850 1283 853 1283 885 1284 850 1284 886 1284 887 1285 853 1285 854 1285 888 1286 853 1286 887 1286 886 1287 853 1287 888 1287 889 1288 854 1288 855 1288 887 1289 854 1289 889 1289 890 1290 855 1290 462 1290 889 1291 855 1291 890 1291 890 1292 462 1292 460 1292 891 1293 445 1293 452 1293 444 1294 445 1294 891 1294 892 1295 452 1295 453 1295 891 1296 452 1296 892 1296 893 1297 453 1297 450 1297 892 1298 453 1298 893 1298 893 1299 450 1299 872 1299 894 1300 437 1300 438 1300 894 1301 438 1301 436 1301 431 1302 895 1302 432 1302 896 1303 432 1303 895 1303 433 1304 432 1304 896 1304 897 1305 393 1305 895 1305 896 1306 895 1306 393 1306 431 1307 897 1307 895 1307 898 1308 392 1308 393 1308 897 1309 898 1309 393 1309 896 1310 393 1310 391 1310 899 1311 369 1311 377 1311 366 1312 369 1312 899 1312 900 1313 377 1313 378 1313 899 1314 377 1314 900 1314 379 1315 901 1315 378 1315 902 1316 378 1316 901 1316 900 1317 378 1317 902 1317 903 1318 904 1318 901 1318 905 1319 901 1319 904 1319 379 1320 903 1320 901 1320 902 1321 901 1321 905 1321 906 1322 904 1322 903 1322 907 1323 904 1323 906 1323 905 1324 904 1324 907 1324 379 1325 908 1325 903 1325 909 1326 903 1326 908 1326 906 1327 903 1327 909 1327 379 1328 910 1328 908 1328 911 1329 908 1329 910 1329 909 1330 908 1330 911 1330 669 1331 912 1331 910 1331 913 1332 910 1332 912 1332 379 1333 669 1333 910 1333 911 1334 910 1334 913 1334 914 1335 912 1335 669 1335 913 1336 912 1336 914 1336 915 1337 669 1337 379 1337 916 1338 669 1338 668 1338 915 1339 670 1339 669 1339 914 1340 669 1340 916 1340 917 1341 918 1341 379 1341 919 1342 379 1342 918 1342 380 1343 917 1343 379 1343 920 1344 915 1344 379 1344 921 1345 920 1345 379 1345 922 1346 921 1346 379 1346 919 1347 922 1347 379 1347 923 1348 918 1348 917 1348 657 1349 918 1349 652 1349 923 1350 652 1350 918 1350 924 1351 919 1351 918 1351 925 1352 924 1352 918 1352 926 1353 925 1353 918 1353 657 1354 926 1354 918 1354 927 1355 917 1355 380 1355 923 1356 917 1356 927 1356 928 1357 380 1357 374 1357 927 1358 380 1358 928 1358 929 1359 374 1359 388 1359 928 1360 374 1360 929 1360 930 1361 388 1361 389 1361 929 1362 388 1362 930 1362 931 1363 389 1363 390 1363 930 1364 389 1364 931 1364 238 1365 531 1365 581 1365 932 1366 390 1366 383 1366 931 1367 390 1367 932 1367 933 1368 383 1368 394 1368 932 1369 383 1369 933 1369 934 1370 394 1370 395 1370 933 1371 394 1371 934 1371 935 1372 395 1372 392 1372 934 1373 395 1373 935 1373 936 1374 392 1374 898 1374 935 1375 392 1375 936 1375 937 1376 898 1376 897 1376 936 1377 898 1377 937 1377 938 1378 897 1378 431 1378 937 1379 897 1379 938 1379 430 1380 939 1380 431 1380 940 1381 431 1381 939 1381 938 1382 431 1382 940 1382 941 1383 939 1383 430 1383 942 1384 943 1384 939 1384 944 1385 939 1385 943 1385 941 1386 942 1386 939 1386 940 1387 939 1387 944 1387 945 1388 430 1388 439 1388 941 1389 430 1389 946 1389 945 1390 946 1390 430 1390 945 1391 439 1391 440 1391 947 1392 440 1392 437 1392 945 1393 440 1393 947 1393 947 1394 437 1394 894 1394 948 1395 941 1395 946 1395 948 1396 946 1396 945 1396 942 1397 949 1397 943 1397 944 1398 943 1398 949 1398 654 1399 950 1399 949 1399 951 1400 949 1400 950 1400 942 1401 654 1401 949 1401 944 1402 949 1402 951 1402 654 1403 952 1403 950 1403 953 1404 950 1404 952 1404 954 1405 950 1405 953 1405 951 1406 950 1406 954 1406 654 1407 653 1407 952 1407 953 1408 952 1408 653 1408 955 1409 653 1409 652 1409 953 1410 653 1410 955 1410 955 1411 652 1411 923 1411 956 1412 668 1412 671 1412 916 1413 668 1413 956 1413 957 1414 671 1414 672 1414 956 1415 671 1415 957 1415 958 1416 672 1416 673 1416 957 1417 672 1417 958 1417 959 1418 673 1418 674 1418 959 1419 958 1419 673 1419 959 1420 674 1420 667 1420 960 1421 665 1421 670 1421 960 1422 666 1422 665 1422 960 1423 670 1423 915 1423 961 1424 915 1424 920 1424 960 1425 915 1425 961 1425 962 1426 920 1426 921 1426 962 1427 961 1427 920 1427 963 1428 921 1428 922 1428 963 1429 962 1429 921 1429 964 1430 922 1430 919 1430 964 1431 963 1431 922 1431 965 1432 919 1432 924 1432 966 1433 964 1433 919 1433 965 1434 966 1434 919 1434 967 1435 924 1435 925 1435 967 1436 965 1436 924 1436 968 1437 925 1437 926 1437 968 1438 967 1438 925 1438 968 1439 926 1439 657 1439 656 1440 968 1440 657 1440 969 1441 654 1441 942 1441 655 1442 654 1442 969 1442 970 1443 942 1443 941 1443 969 1444 942 1444 970 1444 970 1445 941 1445 948 1445 501 1446 971 1446 751 1446 972 1447 751 1447 971 1447 972 1448 752 1448 751 1448 973 1449 971 1449 501 1449 974 1450 972 1450 971 1450 973 1451 974 1451 971 1451 975 1452 501 1452 506 1452 975 1453 973 1453 501 1453 976 1454 502 1454 754 1454 976 1455 503 1455 502 1455 977 1456 754 1456 753 1456 977 1457 976 1457 754 1457 978 1458 753 1458 755 1458 977 1459 753 1459 978 1459 979 1460 755 1460 756 1460 980 1461 755 1461 979 1461 978 1462 755 1462 980 1462 981 1463 756 1463 757 1463 979 1464 756 1464 981 1464 981 1465 757 1465 758 1465 982 1466 758 1466 759 1466 981 1467 758 1467 982 1467 983 1468 491 1468 759 1468 984 1469 759 1469 491 1469 760 1470 983 1470 759 1470 982 1471 759 1471 984 1471 985 1472 492 1472 491 1472 986 1473 985 1473 491 1473 987 1474 986 1474 491 1474 988 1475 987 1475 491 1475 989 1476 988 1476 491 1476 990 1477 989 1477 491 1477 983 1478 990 1478 491 1478 991 1479 984 1479 491 1479 992 1480 991 1480 491 1480 993 1481 992 1481 491 1481 496 1482 993 1482 491 1482 994 1483 492 1483 770 1483 995 1484 776 1484 492 1484 985 1485 995 1485 492 1485 996 1486 493 1486 492 1486 997 1487 996 1487 492 1487 998 1488 997 1488 492 1488 994 1489 998 1489 492 1489 999 1490 770 1490 779 1490 1000 1491 994 1491 770 1491 999 1492 1000 1492 770 1492 1001 1493 779 1493 780 1493 999 1494 779 1494 1001 1494 1002 1495 780 1495 781 1495 1001 1496 780 1496 1002 1496 1003 1497 781 1497 782 1497 1002 1498 781 1498 1003 1498 1003 1499 782 1499 1004 1499 778 1500 1004 1500 782 1500 1005 1501 766 1501 777 1501 1005 1502 767 1502 766 1502 1005 1503 777 1503 776 1503 1006 1504 776 1504 995 1504 1006 1505 1005 1505 776 1505 1007 1506 995 1506 985 1506 1007 1507 1006 1507 995 1507 1008 1508 985 1508 986 1508 1008 1509 1007 1509 985 1509 1009 1510 986 1510 987 1510 1009 1511 1008 1511 986 1511 1010 1512 987 1512 988 1512 1010 1513 1009 1513 987 1513 1011 1514 988 1514 989 1514 1011 1515 1010 1515 988 1515 1012 1516 989 1516 990 1516 1012 1517 1011 1517 989 1517 1013 1518 990 1518 983 1518 1013 1519 1012 1519 990 1519 1013 1520 983 1520 760 1520 1014 1521 760 1521 761 1521 1013 1522 760 1522 1014 1522 1015 1523 761 1523 719 1523 1015 1524 1014 1524 761 1524 762 1525 1015 1525 719 1525 1016 1526 506 1526 507 1526 1016 1527 975 1527 506 1527 1017 1528 1016 1528 507 1528 246 1529 1017 1529 507 1529 1018 1530 489 1530 494 1530 490 1531 489 1531 1018 1531 1018 1532 494 1532 493 1532 1019 1533 493 1533 996 1533 1018 1534 493 1534 1019 1534 1020 1535 996 1535 997 1535 1021 1536 996 1536 1020 1536 1019 1537 996 1537 1021 1537 1022 1538 997 1538 998 1538 1020 1539 997 1539 1022 1539 1023 1540 998 1540 994 1540 1022 1541 998 1541 1023 1541 1024 1542 994 1542 1000 1542 1023 1543 994 1543 1024 1543 1024 1544 1000 1544 999 1544 1025 1545 984 1545 991 1545 982 1546 984 1546 1025 1546 1026 1547 991 1547 992 1547 1025 1548 991 1548 1026 1548 1027 1549 992 1549 993 1549 1026 1550 992 1550 1027 1550 496 1551 1028 1551 993 1551 1029 1552 993 1552 1028 1552 1027 1553 993 1553 1029 1553 1030 1554 1028 1554 496 1554 1029 1555 1028 1555 1031 1555 1030 1556 1031 1556 1028 1556 1032 1557 496 1557 497 1557 1030 1558 496 1558 1032 1558 1033 1559 497 1559 495 1559 1034 1560 497 1560 1033 1560 1032 1561 497 1561 1034 1561 1033 1562 495 1562 499 1562 1035 1563 499 1563 500 1563 1033 1564 499 1564 1035 1564 1036 1565 500 1565 498 1565 1035 1566 500 1566 1036 1566 1037 1567 498 1567 504 1567 1036 1568 498 1568 1037 1568 1038 1569 504 1569 505 1569 1037 1570 504 1570 1038 1570 1039 1571 505 1571 503 1571 1038 1572 505 1572 1039 1572 1040 1573 503 1573 976 1573 1039 1574 503 1574 1040 1574 1041 1575 976 1575 977 1575 1040 1576 976 1576 1041 1576 478 1577 801 1577 479 1577 1042 1578 479 1578 801 1578 1042 1579 480 1579 479 1579 1042 1580 801 1580 805 1580 1043 1581 478 1581 482 1581 1044 1582 802 1582 478 1582 1043 1583 1044 1583 478 1583 1043 1584 482 1584 481 1584 803 1585 802 1585 1044 1585 347 1586 346 1586 685 1586 1045 1587 685 1587 346 1587 1045 1588 686 1588 685 1588 1045 1589 346 1589 351 1589 1046 1590 347 1590 688 1590 1046 1591 348 1591 347 1591 1046 1592 688 1592 689 1592 1046 1593 349 1593 348 1593 1047 1594 1048 1594 1049 1594 1050 1595 1049 1595 1048 1595 1051 1596 1047 1596 1049 1596 1052 1597 1051 1597 1049 1597 1050 1598 1052 1598 1049 1598 1047 1599 1053 1599 1048 1599 1054 1600 1048 1600 1053 1600 1055 1601 1050 1601 1048 1601 1054 1602 1055 1602 1048 1602 940 1603 1056 1603 1053 1603 1057 1604 1053 1604 1056 1604 938 1605 940 1605 1053 1605 1047 1606 938 1606 1053 1606 1058 1607 1053 1607 1057 1607 1058 1608 1054 1608 1053 1608 953 1609 1059 1609 1056 1609 1060 1610 1056 1610 1059 1610 954 1611 953 1611 1056 1611 951 1612 954 1612 1056 1612 944 1613 951 1613 1056 1613 940 1614 944 1614 1056 1614 1061 1615 1056 1615 1060 1615 1062 1616 1056 1616 1061 1616 1062 1617 1057 1617 1056 1617 923 1618 1063 1618 1059 1618 1064 1619 1059 1619 1063 1619 955 1620 923 1620 1059 1620 953 1621 955 1621 1059 1621 1065 1622 1060 1622 1059 1622 1066 1623 1065 1623 1059 1623 1066 1624 1059 1624 1064 1624 927 1625 1067 1625 1063 1625 1068 1626 1063 1626 1067 1626 923 1627 927 1627 1063 1627 1064 1628 1063 1628 1068 1628 928 1629 1069 1629 1067 1629 1070 1630 1067 1630 1069 1630 927 1631 928 1631 1067 1631 1068 1632 1067 1632 1070 1632 1071 1633 1072 1633 1069 1633 1073 1634 1069 1634 1072 1634 928 1635 1071 1635 1069 1635 1070 1636 1069 1636 1073 1636 1071 1637 1074 1637 1072 1637 1075 1638 1072 1638 1074 1638 1073 1639 1072 1639 1075 1639 906 1640 1076 1640 1074 1640 1077 1641 1074 1641 1076 1641 1071 1642 906 1642 1074 1642 1075 1643 1074 1643 1077 1643 906 1644 1078 1644 1076 1644 1079 1645 1076 1645 1078 1645 1077 1646 1076 1646 1079 1646 913 1647 1080 1647 1078 1647 1081 1648 1078 1648 1080 1648 911 1649 913 1649 1078 1649 909 1650 911 1650 1078 1650 906 1651 909 1651 1078 1651 1079 1652 1078 1652 1081 1652 914 1653 1082 1653 1080 1653 1081 1654 1080 1654 1082 1654 913 1655 914 1655 1080 1655 916 1656 1083 1656 1082 1656 1084 1657 1082 1657 1083 1657 914 1658 916 1658 1082 1658 1081 1659 1082 1659 1084 1659 956 1660 1085 1660 1083 1660 1086 1661 1083 1661 1085 1661 916 1662 956 1662 1083 1662 1084 1663 1083 1663 1086 1663 957 1664 958 1664 1085 1664 1087 1665 1085 1665 958 1665 956 1666 957 1666 1085 1666 1086 1667 1085 1667 1087 1667 959 1668 675 1668 958 1668 1088 1669 958 1669 675 1669 1088 1670 1087 1670 958 1670 907 1671 906 1671 1071 1671 930 1672 931 1672 1071 1672 1089 1673 1071 1673 931 1673 929 1674 930 1674 1071 1674 928 1675 929 1675 1071 1675 905 1676 907 1676 1071 1676 902 1677 905 1677 1071 1677 470 1678 902 1678 1071 1678 469 1679 468 1679 1090 1679 465 1680 470 1680 1071 1680 469 1681 1090 1681 1091 1681 1089 1682 465 1682 1071 1682 238 1683 581 1683 582 1683 1047 1684 937 1684 938 1684 1047 1685 936 1685 937 1685 1047 1686 935 1686 936 1686 396 1687 935 1687 1047 1687 398 1688 934 1688 935 1688 399 1689 398 1689 935 1689 397 1690 399 1690 935 1690 396 1691 397 1691 935 1691 1092 1692 1047 1692 1051 1692 391 1693 396 1693 1047 1693 896 1694 391 1694 1047 1694 433 1695 896 1695 1047 1695 429 1696 433 1696 1047 1696 425 1697 429 1697 1047 1697 1092 1698 425 1698 1047 1698 1092 1699 1051 1699 1093 1699 1094 1700 1093 1700 1051 1700 1052 1701 1094 1701 1051 1701 1095 1702 1092 1702 1093 1702 1096 1703 1095 1703 1093 1703 1094 1704 1096 1704 1093 1704 1089 1705 933 1705 934 1705 398 1706 1089 1706 934 1706 1089 1707 932 1707 933 1707 1089 1708 931 1708 932 1708 470 1709 900 1709 902 1709 1097 1710 899 1710 900 1710 470 1711 1097 1711 900 1711 1097 1712 366 1712 899 1712 1097 1713 361 1713 366 1713 1098 1714 358 1714 361 1714 1097 1715 1098 1715 361 1715 1098 1716 356 1716 358 1716 1098 1717 354 1717 356 1717 1098 1718 351 1718 354 1718 341 1719 349 1719 351 1719 1045 1720 351 1720 349 1720 1098 1721 341 1721 351 1721 1045 1722 349 1722 686 1722 1046 1723 686 1723 349 1723 1098 1724 338 1724 341 1724 1098 1725 336 1725 338 1725 1098 1726 334 1726 336 1726 1099 1727 331 1727 334 1727 1098 1728 1099 1728 334 1728 1099 1729 328 1729 331 1729 1100 1730 325 1730 328 1730 1099 1731 1100 1731 328 1731 1100 1732 323 1732 325 1732 1100 1733 321 1733 323 1733 1100 1734 318 1734 321 1734 1100 1735 313 1735 318 1735 1101 1736 551 1736 313 1736 1100 1737 1101 1737 313 1737 1101 1738 550 1738 551 1738 549 1739 548 1739 550 1739 1101 1740 549 1740 550 1740 1102 1741 549 1741 1101 1741 579 1742 549 1742 580 1742 1103 1743 580 1743 549 1743 1103 1744 549 1744 1102 1744 579 1745 547 1745 549 1745 1100 1746 1104 1746 1101 1746 1105 1747 1101 1747 1104 1747 1106 1748 1102 1748 1101 1748 1106 1749 1101 1749 1105 1749 1100 1750 1107 1750 1104 1750 1108 1751 1104 1751 1107 1751 1105 1752 1104 1752 1108 1752 1100 1753 1109 1753 1107 1753 1110 1754 1107 1754 1109 1754 1108 1755 1107 1755 1110 1755 1100 1756 1111 1756 1109 1756 1112 1757 1109 1757 1111 1757 1110 1758 1109 1758 1112 1758 288 1759 1113 1759 1111 1759 1112 1760 1111 1760 1113 1760 1100 1761 288 1761 1111 1761 286 1762 1114 1762 1113 1762 1115 1763 1113 1763 1114 1763 288 1764 286 1764 1113 1764 1112 1765 1113 1765 1115 1765 299 1766 1116 1766 1114 1766 1117 1767 1114 1767 1116 1767 293 1768 299 1768 1114 1768 291 1769 293 1769 1114 1769 289 1770 291 1770 1114 1770 286 1771 289 1771 1114 1771 1115 1772 1114 1772 1117 1772 304 1773 1118 1773 1116 1773 1119 1774 1116 1774 1118 1774 299 1775 304 1775 1116 1775 1117 1776 1116 1776 1119 1776 304 1777 1120 1777 1118 1777 1121 1778 1118 1778 1120 1778 1119 1779 1118 1779 1121 1779 238 1780 532 1780 531 1780 238 1781 530 1781 532 1781 304 1782 552 1782 1120 1782 555 1783 1122 1783 1120 1783 1123 1784 1120 1784 1122 1784 554 1785 555 1785 1120 1785 553 1786 554 1786 1120 1786 552 1787 553 1787 1120 1787 1124 1788 1120 1788 1123 1788 1121 1789 1120 1789 1124 1789 1125 1790 1126 1790 1122 1790 1127 1791 1122 1791 1126 1791 265 1792 1125 1792 1122 1792 262 1793 265 1793 1122 1793 264 1794 262 1794 1122 1794 555 1795 264 1795 1122 1795 1128 1796 1123 1796 1122 1796 1129 1797 1128 1797 1122 1797 1130 1798 1129 1798 1122 1798 1127 1799 1130 1799 1122 1799 1125 1800 1131 1800 1126 1800 1132 1801 1126 1801 1131 1801 1133 1802 1126 1802 1134 1802 1135 1803 1134 1803 1126 1803 1133 1804 1127 1804 1126 1804 1132 1805 1135 1805 1126 1805 1125 1806 1136 1806 1131 1806 1137 1807 1131 1807 1136 1807 1137 1808 1132 1808 1131 1808 1138 1809 1136 1809 1125 1809 1139 1810 1137 1810 1136 1810 1138 1811 1139 1811 1136 1811 1140 1812 1125 1812 265 1812 1141 1813 1125 1813 1140 1813 1141 1814 1142 1814 1125 1814 1143 1815 1125 1815 1142 1815 1143 1816 1138 1816 1125 1816 1144 1817 265 1817 1145 1817 238 1818 245 1818 239 1818 1140 1819 265 1819 1144 1819 1033 1820 288 1820 1100 1820 1033 1821 1035 1821 288 1821 283 1822 288 1822 1035 1822 1146 1823 1100 1823 1099 1823 1031 1824 1100 1824 1146 1824 1030 1825 1100 1825 1031 1825 1034 1826 1033 1826 1100 1826 1032 1827 1034 1827 1100 1827 1030 1828 1032 1828 1100 1828 488 1829 1099 1829 1098 1829 1018 1830 1146 1830 1099 1830 490 1831 1018 1831 1099 1831 488 1832 490 1832 1099 1832 485 1833 1098 1833 1097 1833 487 1834 488 1834 1098 1834 486 1835 487 1835 1098 1835 485 1836 486 1836 1098 1836 473 1837 1097 1837 470 1837 484 1838 485 1838 1097 1838 483 1839 484 1839 1097 1839 481 1840 483 1840 1097 1840 474 1841 481 1841 1097 1841 475 1842 474 1842 1097 1842 473 1843 475 1843 1097 1843 471 1844 473 1844 470 1844 466 1845 465 1845 1089 1845 405 1846 404 1846 1089 1846 1147 1847 1089 1847 404 1847 402 1848 405 1848 1089 1848 398 1849 402 1849 1089 1849 464 1850 466 1850 1089 1850 463 1851 464 1851 1089 1851 460 1852 463 1852 1089 1852 890 1853 460 1853 1089 1853 1148 1854 890 1854 1089 1854 1149 1855 1148 1855 1089 1855 1147 1856 1149 1856 1089 1856 1150 1857 404 1857 407 1857 1151 1858 1147 1858 404 1858 1150 1859 1151 1859 404 1859 1092 1860 426 1860 425 1860 1152 1861 426 1861 1092 1861 1153 1862 423 1862 426 1862 1152 1863 1153 1863 426 1863 1095 1864 1154 1864 1092 1864 1155 1865 1092 1865 1154 1865 1156 1866 1152 1866 1092 1866 1157 1867 1156 1867 1092 1867 1155 1868 1157 1868 1092 1868 1158 1869 1154 1869 1095 1869 1155 1870 1154 1870 1159 1870 1160 1871 1159 1871 1154 1871 1158 1872 1160 1872 1154 1872 1161 1873 1158 1873 1095 1873 1096 1874 1161 1874 1095 1874 1162 1875 1155 1875 1159 1875 1163 1876 1162 1876 1159 1876 1164 1877 1163 1877 1159 1877 1160 1878 1164 1878 1159 1878 1153 1879 419 1879 423 1879 1165 1880 420 1880 419 1880 1153 1881 1165 1881 419 1881 1165 1882 417 1882 420 1882 1166 1883 414 1883 417 1883 1165 1884 1166 1884 417 1884 1166 1885 412 1885 414 1885 1167 1886 410 1886 412 1886 1166 1887 1167 1887 412 1887 1150 1888 407 1888 410 1888 1167 1889 1150 1889 410 1889 1168 1890 889 1890 890 1890 1148 1891 1168 1891 890 1891 888 1892 887 1892 889 1892 1168 1893 888 1893 889 1893 1169 1894 888 1894 1168 1894 845 1895 888 1895 1169 1895 849 1896 886 1896 888 1896 845 1897 849 1897 888 1897 1170 1898 1168 1898 1148 1898 1170 1899 1169 1899 1168 1899 1171 1900 1148 1900 1149 1900 1170 1901 1148 1901 1171 1901 1172 1902 1149 1902 1147 1902 1171 1903 1149 1903 1172 1903 1173 1904 1147 1904 1151 1904 1172 1905 1147 1905 1173 1905 1174 1906 1151 1906 1150 1906 1173 1907 1151 1907 1174 1907 1175 1908 1150 1908 1167 1908 1174 1909 1150 1909 1175 1909 1176 1910 1167 1910 1166 1910 1175 1911 1167 1911 1176 1911 1177 1912 1166 1912 1165 1912 1176 1913 1166 1913 1177 1913 1178 1914 1165 1914 1153 1914 1177 1915 1165 1915 1178 1915 1179 1916 1153 1916 1152 1916 1178 1917 1153 1917 1179 1917 1180 1918 1152 1918 1156 1918 1179 1919 1152 1919 1180 1919 1181 1920 1156 1920 1157 1920 1180 1921 1156 1921 1181 1921 1182 1922 1157 1922 1155 1922 1183 1923 1157 1923 1182 1923 1183 1924 1181 1924 1157 1924 1184 1925 1155 1925 1162 1925 1185 1926 1155 1926 1186 1926 1187 1927 1186 1927 1155 1927 1188 1928 1182 1928 1155 1928 1189 1929 1188 1929 1155 1929 1190 1930 1189 1930 1155 1930 1185 1931 1190 1931 1155 1931 1184 1932 1187 1932 1155 1932 1163 1933 1184 1933 1162 1933 1191 1934 1185 1934 1186 1934 1187 1935 1191 1935 1186 1935 1192 1936 1182 1936 1188 1936 1192 1937 1183 1937 1182 1937 1189 1938 1193 1938 1188 1938 1194 1939 1188 1939 1193 1939 1195 1940 1192 1940 1188 1940 1194 1941 1195 1941 1188 1941 1189 1942 1196 1942 1193 1942 1197 1943 1193 1943 1196 1943 1198 1944 1194 1944 1193 1944 1197 1945 1198 1945 1193 1945 1189 1946 1199 1946 1196 1946 1200 1947 1196 1947 1199 1947 1201 1948 1197 1948 1196 1948 1200 1949 1201 1949 1196 1949 1189 1950 1202 1950 1199 1950 1203 1951 1199 1951 1202 1951 1204 1952 1200 1952 1199 1952 1203 1953 1204 1953 1199 1953 1205 1954 1202 1954 1189 1954 1206 1955 1207 1955 1202 1955 1208 1956 1202 1956 1207 1956 1205 1957 1206 1957 1202 1957 1208 1958 1203 1958 1202 1958 1209 1959 1189 1959 1190 1959 1205 1960 1189 1960 1210 1960 1211 1961 1210 1961 1189 1961 1209 1962 1211 1962 1189 1962 1212 1963 1190 1963 1185 1963 1212 1964 1209 1964 1190 1964 1213 1965 1212 1965 1185 1965 1191 1966 1213 1966 1185 1966 1214 1967 1205 1967 1210 1967 1215 1968 1214 1968 1210 1968 1211 1969 1215 1969 1210 1969 1216 1970 1217 1970 1207 1970 1218 1971 1207 1971 1217 1971 1206 1972 1216 1972 1207 1972 1219 1973 1207 1973 1218 1973 1220 1974 1207 1974 1219 1974 1220 1975 1208 1975 1207 1975 1216 1976 1221 1976 1217 1976 1222 1977 1217 1977 1221 1977 1218 1978 1217 1978 1222 1978 1216 1979 1223 1979 1221 1979 1224 1980 1221 1980 1223 1980 1222 1981 1221 1981 1224 1981 1225 1982 1226 1982 1223 1982 1227 1983 1223 1983 1226 1983 1216 1984 1225 1984 1223 1984 1224 1985 1223 1985 1227 1985 1225 1986 1228 1986 1226 1986 1227 1987 1226 1987 1228 1987 843 1988 846 1988 1228 1988 1229 1989 1228 1989 846 1989 838 1990 843 1990 1228 1990 839 1991 838 1991 1228 1991 1225 1992 839 1992 1228 1992 1227 1993 1228 1993 1229 1993 1230 1994 846 1994 847 1994 1231 1995 1229 1995 846 1995 1230 1996 1231 1996 846 1996 1225 1997 837 1997 839 1997 1225 1998 818 1998 837 1998 1232 1999 815 1999 818 1999 1225 2000 1232 2000 818 2000 1232 2001 812 2001 815 2001 1232 2002 810 2002 812 2002 1232 2003 808 2003 810 2003 1232 2004 805 2004 808 2004 803 2005 1044 2005 805 2005 1042 2006 805 2006 1044 2006 799 2007 803 2007 805 2007 797 2008 799 2008 805 2008 1232 2009 797 2009 805 2009 1042 2010 1044 2010 480 2010 1043 2011 480 2011 1044 2011 1232 2012 798 2012 797 2012 1232 2013 796 2013 798 2013 1232 2014 794 2014 796 2014 1233 2015 794 2015 1232 2015 1234 2016 795 2016 794 2016 1233 2017 1234 2017 794 2017 1235 2018 1232 2018 1225 2018 1235 2019 1233 2019 1232 2019 1236 2020 1225 2020 1216 2020 1236 2021 1235 2021 1225 2021 1237 2022 1216 2022 1206 2022 1238 2023 1236 2023 1216 2023 1237 2024 1238 2024 1216 2024 1239 2025 1206 2025 1205 2025 1237 2026 1206 2026 1240 2026 1241 2027 1240 2027 1206 2027 1239 2028 1241 2028 1206 2028 1214 2029 1239 2029 1205 2029 1242 2030 1237 2030 1240 2030 1241 2031 1242 2031 1240 2031 1243 2032 793 2032 795 2032 1234 2033 1243 2033 795 2033 1244 2034 792 2034 793 2034 1243 2035 1244 2035 793 2035 1244 2036 791 2036 792 2036 1244 2037 790 2037 791 2037 1244 2038 788 2038 790 2038 1244 2039 789 2039 788 2039 1244 2040 1245 2040 789 2040 787 2041 789 2041 1245 2041 1246 2042 1247 2042 1245 2042 1248 2043 1245 2043 1247 2043 1244 2044 1246 2044 1245 2044 787 2045 1245 2045 1249 2045 1250 2046 1249 2046 1245 2046 1250 2047 1245 2047 1248 2047 1251 2048 1252 2048 1247 2048 1253 2049 1247 2049 1252 2049 1246 2050 1251 2050 1247 2050 1248 2051 1247 2051 1253 2051 1251 2052 1254 2052 1252 2052 1255 2053 1252 2053 1254 2053 1255 2054 1253 2054 1252 2054 1256 2055 1257 2055 1254 2055 1258 2056 1254 2056 1257 2056 1251 2057 1256 2057 1254 2057 1259 2058 1255 2058 1254 2058 1258 2059 1259 2059 1254 2059 1256 2060 1260 2060 1257 2060 1261 2061 1257 2061 1260 2061 1262 2062 1257 2062 1261 2062 1262 2063 1258 2063 1257 2063 1263 2064 1264 2064 1260 2064 1265 2065 1260 2065 1264 2065 1256 2066 1263 2066 1260 2066 1266 2067 1261 2067 1260 2067 1267 2068 1266 2068 1260 2068 1265 2069 1267 2069 1260 2069 1268 2070 1264 2070 1263 2070 1269 2071 1264 2071 1270 2071 1271 2072 1270 2072 1264 2072 1272 2073 1265 2073 1264 2073 1269 2074 1272 2074 1264 2074 1268 2075 1271 2075 1264 2075 1273 2076 1263 2076 1256 2076 1274 2077 1268 2077 1263 2077 1273 2078 1274 2078 1263 2078 1275 2079 1256 2079 1251 2079 1275 2080 1273 2080 1256 2080 1276 2081 1251 2081 1246 2081 1277 2082 1275 2082 1251 2082 1276 2083 1277 2083 1251 2083 1278 2084 1246 2084 1244 2084 1278 2085 1276 2085 1246 2085 1279 2086 1244 2086 1243 2086 1280 2087 1278 2087 1244 2087 1279 2088 1280 2088 1244 2088 1281 2089 1243 2089 1234 2089 1282 2090 1279 2090 1243 2090 1281 2091 1282 2091 1243 2091 1283 2092 1234 2092 1233 2092 1283 2093 1281 2093 1234 2093 1284 2094 1233 2094 1235 2094 1285 2095 1283 2095 1233 2095 1284 2096 1285 2096 1233 2096 1286 2097 1235 2097 1236 2097 1287 2098 1284 2098 1235 2098 1286 2099 1287 2099 1235 2099 1288 2100 1236 2100 1238 2100 1288 2101 1286 2101 1236 2101 1289 2102 1238 2102 1237 2102 1290 2103 1288 2103 1238 2103 1289 2104 1290 2104 1238 2104 1291 2105 1289 2105 1237 2105 1242 2106 1291 2106 1237 2106 1292 2107 1269 2107 1270 2107 1293 2108 1292 2108 1270 2108 1294 2109 1293 2109 1270 2109 1295 2110 1294 2110 1270 2110 1271 2111 1295 2111 1270 2111 1296 2112 1261 2112 1266 2112 1296 2113 1262 2113 1261 2113 1297 2114 1266 2114 1267 2114 1298 2115 1296 2115 1266 2115 1297 2116 1298 2116 1266 2116 1299 2117 1267 2117 1265 2117 1300 2118 1297 2118 1267 2118 1299 2119 1300 2119 1267 2119 1301 2120 1265 2120 1272 2120 1302 2121 1299 2121 1265 2121 1301 2122 1302 2122 1265 2122 1303 2123 1272 2123 1269 2123 1304 2124 1272 2124 1303 2124 1304 2125 1301 2125 1272 2125 1305 2126 1269 2126 1292 2126 1303 2127 1269 2127 1305 2127 981 2128 1292 2128 1293 2128 1025 2129 1306 2129 1292 2129 1305 2130 1292 2130 1306 2130 982 2131 1025 2131 1292 2131 981 2132 982 2132 1292 2132 1307 2133 1308 2133 1293 2133 1041 2134 1293 2134 1308 2134 1294 2135 1307 2135 1293 2135 979 2136 981 2136 1293 2136 980 2137 979 2137 1293 2137 978 2138 980 2138 1293 2138 977 2139 978 2139 1293 2139 1041 2140 977 2140 1293 2140 1309 2141 1308 2141 1307 2141 1145 2142 1308 2142 1310 2142 1311 2143 1310 2143 1308 2143 1145 2144 1041 2144 1308 2144 1309 2145 1311 2145 1308 2145 1312 2146 1307 2146 1294 2146 1312 2147 1309 2147 1307 2147 1313 2148 1312 2148 1294 2148 1295 2149 1313 2149 1294 2149 1314 2150 1145 2150 1310 2150 1315 2151 1314 2151 1310 2151 1316 2152 1315 2152 1310 2152 1311 2153 1316 2153 1310 2153 1025 2154 1317 2154 1306 2154 1318 2155 1306 2155 1317 2155 1305 2156 1306 2156 1318 2156 1026 2157 1319 2157 1317 2157 1320 2158 1317 2158 1319 2158 1025 2159 1026 2159 1317 2159 1318 2160 1317 2160 1320 2160 1029 2161 1321 2161 1319 2161 1322 2162 1319 2162 1321 2162 1027 2163 1029 2163 1319 2163 1026 2164 1027 2164 1319 2164 1320 2165 1319 2165 1322 2165 1146 2166 1323 2166 1321 2166 1324 2167 1321 2167 1323 2167 1029 2168 1146 2168 1321 2168 1322 2169 1321 2169 1324 2169 1146 2170 1325 2170 1323 2170 1326 2171 1323 2171 1325 2171 1324 2172 1323 2172 1326 2172 1020 2173 1327 2173 1325 2173 1328 2174 1325 2174 1327 2174 1146 2175 1020 2175 1325 2175 1329 2176 1325 2176 1328 2176 1326 2177 1325 2177 1329 2177 1020 2178 1330 2178 1327 2178 1331 2179 1327 2179 1330 2179 1328 2180 1327 2180 1331 2180 1023 2181 1332 2181 1330 2181 1333 2182 1330 2182 1332 2182 1022 2183 1023 2183 1330 2183 1020 2184 1022 2184 1330 2184 1331 2185 1330 2185 1333 2185 1024 2186 1334 2186 1332 2186 1335 2187 1332 2187 1334 2187 1023 2188 1024 2188 1332 2188 1333 2189 1332 2189 1335 2189 999 2190 1336 2190 1334 2190 1337 2191 1334 2191 1336 2191 1024 2192 999 2192 1334 2192 1335 2193 1334 2193 1337 2193 1001 2194 1338 2194 1336 2194 1337 2195 1336 2195 1338 2195 999 2196 1001 2196 1336 2196 1003 2197 1004 2197 1338 2197 238 2198 529 2198 530 2198 1002 2199 1003 2199 1338 2199 1001 2200 1002 2200 1338 2200 238 2201 240 2201 528 2201 1339 2202 1338 2202 1004 2202 1340 2203 1339 2203 1004 2203 784 2204 1340 2204 1004 2204 783 2205 784 2205 1004 2205 778 2206 783 2206 1004 2206 1021 2207 1020 2207 1146 2207 1029 2208 1031 2208 1146 2208 1019 2209 1021 2209 1146 2209 1018 2210 1019 2210 1146 2210 1040 2211 1041 2211 1145 2211 1314 2212 1144 2212 1145 2212 270 2213 1040 2213 1145 2213 265 2214 270 2214 1145 2214 1341 2215 1144 2215 1314 2215 1342 2216 1140 2216 1144 2216 1341 2217 1342 2217 1144 2217 1315 2218 1341 2218 1314 2218 1343 2219 1141 2219 1140 2219 1344 2220 1343 2220 1140 2220 1342 2221 1344 2221 1140 2221 272 2222 1039 2222 1040 2222 270 2223 272 2223 1040 2223 272 2224 1038 2224 1039 2224 274 2225 1037 2225 1038 2225 272 2226 274 2226 1038 2226 277 2227 1036 2227 1037 2227 274 2228 277 2228 1037 2228 279 2229 1035 2229 1036 2229 277 2230 279 2230 1036 2230 281 2231 283 2231 1035 2231 279 2232 281 2232 1035 2232 477 2233 480 2233 481 2233 1043 2234 481 2234 480 2234 474 2235 477 2235 481 2235 1345 2236 1142 2236 1141 2236 1345 2237 1143 2237 1142 2237 1345 2238 1141 2238 1343 2238 1346 2239 1133 2239 1134 2239 1347 2240 1346 2240 1134 2240 1135 2241 1347 2241 1134 2241 1348 2242 1123 2242 1128 2242 1124 2243 1123 2243 1348 2243 1349 2244 1128 2244 1129 2244 1348 2245 1128 2245 1349 2245 1350 2246 1129 2246 1130 2246 1351 2247 1349 2247 1129 2247 1350 2248 1351 2248 1129 2248 1127 2249 1352 2249 1130 2249 1353 2250 1130 2250 1352 2250 1354 2251 1350 2251 1130 2251 1353 2252 1354 2252 1130 2252 1355 2253 1352 2253 1127 2253 1356 2254 1357 2254 1352 2254 1358 2255 1352 2255 1357 2255 1355 2256 1356 2256 1352 2256 1358 2257 1353 2257 1352 2257 1359 2258 1127 2258 1133 2258 1355 2259 1127 2259 1360 2259 1361 2260 1360 2260 1127 2260 1359 2261 1361 2261 1127 2261 1346 2262 1359 2262 1133 2262 1362 2263 1355 2263 1360 2263 1363 2264 1362 2264 1360 2264 1361 2265 1363 2265 1360 2265 1356 2266 1364 2266 1357 2266 1365 2267 1357 2267 1364 2267 1365 2268 1358 2268 1357 2268 1366 2269 1367 2269 1364 2269 1368 2270 1364 2270 1367 2270 1356 2271 1366 2271 1364 2271 1369 2272 1365 2272 1364 2272 1368 2273 1369 2273 1364 2273 1366 2274 1370 2274 1367 2274 1371 2275 1367 2275 1370 2275 1372 2276 1368 2276 1367 2276 1371 2277 1372 2277 1367 2277 1373 2278 1374 2278 1370 2278 1375 2279 1370 2279 1374 2279 1366 2280 1373 2280 1370 2280 1376 2281 1370 2281 1375 2281 1377 2282 1371 2282 1370 2282 1376 2283 1377 2283 1370 2283 1373 2284 1378 2284 1374 2284 1379 2285 1374 2285 1378 2285 1375 2286 1374 2286 1379 2286 1373 2287 1380 2287 1378 2287 1381 2288 1378 2288 1380 2288 1379 2289 1378 2289 1381 2289 575 2290 1382 2290 1380 2290 1383 2291 1380 2291 1382 2291 700 2292 575 2292 1380 2292 699 2293 700 2293 1380 2293 698 2294 699 2294 1380 2294 1373 2295 698 2295 1380 2295 1381 2296 1380 2296 1383 2296 576 2297 1384 2297 1382 2297 1385 2298 1382 2298 1384 2298 575 2299 576 2299 1382 2299 1383 2300 1382 2300 1385 2300 577 2301 1386 2301 1384 2301 1387 2302 1384 2302 1386 2302 576 2303 577 2303 1384 2303 1385 2304 1384 2304 1387 2304 578 2305 580 2305 1386 2305 1388 2306 1386 2306 580 2306 577 2307 578 2307 1386 2307 1389 2308 1386 2308 1388 2308 1387 2309 1386 2309 1389 2309 1390 2310 1388 2310 580 2310 1103 2311 1390 2311 580 2311 1373 2312 696 2312 698 2312 1373 2313 697 2313 696 2313 1373 2314 695 2314 697 2314 1391 2315 694 2315 695 2315 1373 2316 1391 2316 695 2316 1391 2317 693 2317 694 2317 1391 2318 692 2318 693 2318 1392 2319 691 2319 692 2319 1391 2320 1392 2320 692 2320 1392 2321 690 2321 691 2321 682 2322 687 2322 690 2322 1392 2323 682 2323 690 2323 684 2324 686 2324 687 2324 689 2325 687 2325 686 2325 683 2326 684 2326 687 2326 682 2327 683 2327 687 2327 1046 2328 689 2328 686 2328 1392 2329 681 2329 682 2329 1392 2330 680 2330 681 2330 1392 2331 679 2331 680 2331 1393 2332 678 2332 679 2332 1392 2333 1393 2333 679 2333 1393 2334 676 2334 678 2334 1393 2335 677 2335 676 2335 1088 2336 675 2336 677 2336 1394 2337 1088 2337 677 2337 1395 2338 1394 2338 677 2338 1396 2339 1395 2339 677 2339 1393 2340 1396 2340 677 2340 959 2341 667 2341 675 2341 1397 2342 1087 2342 1088 2342 1086 2343 1087 2343 1397 2343 1398 2344 1088 2344 1394 2344 1397 2345 1088 2345 1398 2345 1399 2346 1394 2346 1395 2346 1398 2347 1394 2347 1399 2347 1400 2348 1395 2348 1396 2348 1399 2349 1395 2349 1400 2349 1401 2350 1396 2350 1393 2350 1400 2351 1396 2351 1401 2351 1402 2352 1393 2352 1392 2352 238 2353 528 2353 529 2353 239 2354 1403 2354 1404 2354 1402 2355 1405 2355 1393 2355 1406 2356 1392 2356 1391 2356 1407 2357 1402 2357 1392 2357 1406 2358 1407 2358 1392 2358 1408 2359 1391 2359 1373 2359 1409 2360 1406 2360 1391 2360 1408 2361 1409 2361 1391 2361 1410 2362 1373 2362 1366 2362 1411 2363 1408 2363 1373 2363 1410 2364 1411 2364 1373 2364 1412 2365 1366 2365 1356 2365 1413 2366 1366 2366 1414 2366 1415 2367 1414 2367 1366 2367 1413 2368 1410 2368 1366 2368 1412 2369 1415 2369 1366 2369 1416 2370 1356 2370 1355 2370 1417 2371 1412 2371 1356 2371 1416 2372 1417 2372 1356 2372 1362 2373 1416 2373 1355 2373 1418 2374 1413 2374 1414 2374 1415 2375 1418 2375 1414 2375 1405 2376 1419 2376 1393 2376 1420 2377 1393 2377 1419 2377 1401 2378 1393 2378 1420 2378 1405 2379 1421 2379 1419 2379 1422 2380 1419 2380 1421 2380 1420 2381 1419 2381 1422 2381 1423 2382 1424 2382 1421 2382 1425 2383 1421 2383 1424 2383 1405 2384 1423 2384 1421 2384 1422 2385 1421 2385 1426 2385 1425 2386 1426 2386 1421 2386 1423 2387 1427 2387 1424 2387 1428 2388 1424 2388 1427 2388 1429 2389 1425 2389 1424 2389 1428 2390 1429 2390 1424 2390 1430 2391 1431 2391 1427 2391 1432 2392 1427 2392 1431 2392 1423 2393 1430 2393 1427 2393 1433 2394 1428 2394 1427 2394 1432 2395 1433 2395 1427 2395 1430 2396 1434 2396 1431 2396 1435 2397 1431 2397 1434 2397 1436 2398 1432 2398 1431 2398 1435 2399 1436 2399 1431 2399 1437 2400 1060 2400 1434 2400 1438 2401 1434 2401 1060 2401 1439 2402 1437 2402 1434 2402 1430 2403 1439 2403 1434 2403 1440 2404 1434 2404 1438 2404 1440 2405 1435 2405 1434 2405 1441 2406 1060 2406 1437 2406 1442 2407 1061 2407 1060 2407 1443 2408 1438 2408 1060 2408 1444 2409 1443 2409 1060 2409 1445 2410 1444 2410 1060 2410 1065 2411 1445 2411 1060 2411 1441 2412 1442 2412 1060 2412 1446 2413 1437 2413 1439 2413 1446 2414 1441 2414 1437 2414 1447 2415 1439 2415 1430 2415 1448 2416 1446 2416 1439 2416 1447 2417 1448 2417 1439 2417 1449 2418 1430 2418 1423 2418 1450 2419 1447 2419 1430 2419 1449 2420 1450 2420 1430 2420 1451 2421 1423 2421 1405 2421 1452 2422 1449 2422 1423 2422 1451 2423 1452 2423 1423 2423 1453 2424 1405 2424 1402 2424 1454 2425 1451 2425 1405 2425 1453 2426 1454 2426 1405 2426 1455 2427 1402 2427 1407 2427 1456 2428 1453 2428 1402 2428 1455 2429 1456 2429 1402 2429 1457 2430 1407 2430 1406 2430 1458 2431 1455 2431 1407 2431 1457 2432 1458 2432 1407 2432 1459 2433 1406 2433 1409 2433 1460 2434 1457 2434 1406 2434 1459 2435 1460 2435 1406 2435 1461 2436 1409 2436 1408 2436 1462 2437 1459 2437 1409 2437 1461 2438 1462 2438 1409 2438 1463 2439 1408 2439 1411 2439 1464 2440 1461 2440 1408 2440 1463 2441 1464 2441 1408 2441 1465 2442 1411 2442 1410 2442 1466 2443 1463 2443 1411 2443 1465 2444 1466 2444 1411 2444 1467 2445 1410 2445 1413 2445 1468 2446 1465 2446 1410 2446 1467 2447 1468 2447 1410 2447 1469 2448 1467 2448 1413 2448 1418 2449 1469 2449 1413 2449 1470 2450 1062 2450 1061 2450 1471 2451 1470 2451 1061 2451 1442 2452 1471 2452 1061 2452 1472 2453 1438 2453 1443 2453 1472 2454 1440 2454 1438 2454 1473 2455 1443 2455 1444 2455 1474 2456 1472 2456 1443 2456 1473 2457 1474 2457 1443 2457 1475 2458 1444 2458 1445 2458 1476 2459 1444 2459 1475 2459 1476 2460 1473 2460 1444 2460 1066 2461 1445 2461 1065 2461 1477 2462 1475 2462 1445 2462 1477 2463 1445 2463 1066 2463 1478 2464 1057 2464 1062 2464 1478 2465 1058 2465 1057 2465 1479 2466 1478 2466 1062 2466 1470 2467 1479 2467 1062 2467 1480 2468 1338 2468 1339 2468 1337 2469 1338 2469 1480 2469 1481 2470 1339 2470 1340 2470 1481 2471 1480 2471 1339 2471 785 2472 1482 2472 1340 2472 1481 2473 1340 2473 1482 2473 784 2474 785 2474 1340 2474 785 2475 1483 2475 1482 2475 1484 2476 1482 2476 1483 2476 1481 2477 1482 2477 1484 2477 786 2478 1485 2478 1483 2478 1486 2479 1483 2479 1485 2479 785 2480 786 2480 1483 2480 1484 2481 1483 2481 1486 2481 787 2482 1487 2482 1485 2482 1488 2483 1485 2483 1487 2483 786 2484 787 2484 1485 2484 1486 2485 1485 2485 1488 2485 787 2486 1249 2486 1487 2486 1250 2487 1487 2487 1249 2487 1488 2488 1487 2488 1250 2488 1489 2489 845 2489 1169 2489 1490 2490 1489 2490 1169 2490 1490 2491 1169 2491 1170 2491 849 2492 885 2492 886 2492 1489 2493 847 2493 845 2493 1489 2494 1230 2494 847 2494 1491 2495 1229 2495 1231 2495 1227 2496 1229 2496 1491 2496 1492 2497 1231 2497 1230 2497 1491 2498 1231 2498 1492 2498 1493 2499 1230 2499 1489 2499 1492 2500 1230 2500 1493 2500 1493 2501 1489 2501 1490 2501 1106 2502 1103 2502 1102 2502 540 2503 546 2503 547 2503 579 2504 540 2504 547 2504 1389 2505 1388 2505 1390 2505 1494 2506 1390 2506 1103 2506 1389 2507 1390 2507 1494 2507 1495 2508 1494 2508 1103 2508 1495 2509 1103 2509 1106 2509 590 2510 142 2510 138 2510 591 2511 590 2511 138 2511 1496 2512 591 2512 138 2512 145 2513 1496 2513 138 2513 1497 2514 1498 2514 142 2514 1499 2515 142 2515 1498 2515 590 2516 1497 2516 142 2516 141 2517 142 2517 1500 2517 1501 2518 1500 2518 142 2518 1502 2519 1501 2519 142 2519 1503 2520 1502 2520 142 2520 1504 2521 1503 2521 142 2521 1505 2522 1504 2522 142 2522 1506 2523 1505 2523 142 2523 1507 2524 1506 2524 142 2524 1499 2525 1507 2525 142 2525 1508 2526 1509 2526 1498 2526 1499 2527 1498 2527 1509 2527 1497 2528 1508 2528 1498 2528 1510 2529 1511 2529 1509 2529 1499 2530 1509 2530 1511 2530 1508 2531 1510 2531 1509 2531 1512 2532 1513 2532 1511 2532 1514 2533 1511 2533 1513 2533 1510 2534 1512 2534 1511 2534 1499 2535 1511 2535 1514 2535 1515 2536 1516 2536 1513 2536 1514 2537 1513 2537 1516 2537 1512 2538 1515 2538 1513 2538 1517 2539 1518 2539 1516 2539 1519 2540 1516 2540 1518 2540 1515 2541 1517 2541 1516 2541 1514 2542 1516 2542 1519 2542 1520 2543 1521 2543 1518 2543 1519 2544 1518 2544 1521 2544 1517 2545 1520 2545 1518 2545 1522 2546 1523 2546 1521 2546 1524 2547 1521 2547 1523 2547 1520 2548 1522 2548 1521 2548 1519 2549 1521 2549 1524 2549 1525 2550 1526 2550 1523 2550 1527 2551 1523 2551 1526 2551 1522 2552 1525 2552 1523 2552 1524 2553 1523 2553 1527 2553 1528 2554 1529 2554 1526 2554 1527 2555 1526 2555 1529 2555 1525 2556 1528 2556 1526 2556 1530 2557 1531 2557 1529 2557 1532 2558 1529 2558 1531 2558 1528 2559 1530 2559 1529 2559 1527 2560 1529 2560 1532 2560 1533 2561 1534 2561 1531 2561 1532 2562 1531 2562 1534 2562 1530 2563 1533 2563 1531 2563 1535 2564 1536 2564 1534 2564 1537 2565 1534 2565 1536 2565 1533 2566 1535 2566 1534 2566 1532 2567 1534 2567 1537 2567 1538 2568 1539 2568 1536 2568 1537 2569 1536 2569 1539 2569 1535 2570 1538 2570 1536 2570 1540 2571 1541 2571 1539 2571 1542 2572 1539 2572 1541 2572 1543 2573 1540 2573 1539 2573 1538 2574 1543 2574 1539 2574 1537 2575 1539 2575 1542 2575 1544 2576 1545 2576 1541 2576 1546 2577 1541 2577 1545 2577 1540 2578 1544 2578 1541 2578 1542 2579 1541 2579 1546 2579 1547 2580 1548 2580 1545 2580 1546 2581 1545 2581 1548 2581 1544 2582 1547 2582 1545 2582 1549 2583 1550 2583 1548 2583 1551 2584 1548 2584 1550 2584 1547 2585 1549 2585 1548 2585 1546 2586 1548 2586 1551 2586 1552 2587 1553 2587 1550 2587 1551 2588 1550 2588 1553 2588 1549 2589 1552 2589 1550 2589 1554 2590 1555 2590 1553 2590 1556 2591 1553 2591 1555 2591 1557 2592 1554 2592 1553 2592 1552 2593 1557 2593 1553 2593 1551 2594 1553 2594 1556 2594 1558 2595 1559 2595 1555 2595 1556 2596 1555 2596 1559 2596 1560 2597 1558 2597 1555 2597 1554 2598 1560 2598 1555 2598 1561 2599 1562 2599 1559 2599 1563 2600 1559 2600 1562 2600 1564 2601 1561 2601 1559 2601 1565 2602 1564 2602 1559 2602 1558 2603 1565 2603 1559 2603 1556 2604 1559 2604 1563 2604 1566 2605 1567 2605 1562 2605 1568 2606 1562 2606 1567 2606 1569 2607 1566 2607 1562 2607 1570 2608 1569 2608 1562 2608 1561 2609 1570 2609 1562 2609 1563 2610 1562 2610 1568 2610 1571 2611 1572 2611 1567 2611 1568 2612 1567 2612 1572 2612 1566 2613 1571 2613 1567 2613 1573 2614 1574 2614 1572 2614 1575 2615 1572 2615 1574 2615 1571 2616 1573 2616 1572 2616 1568 2617 1572 2617 1575 2617 1576 2618 1577 2618 1574 2618 1575 2619 1574 2619 1577 2619 1573 2620 1576 2620 1574 2620 1578 2621 1579 2621 1577 2621 1580 2622 1577 2622 1579 2622 1576 2623 1578 2623 1577 2623 1575 2624 1577 2624 1580 2624 1581 2625 1582 2625 1579 2625 1580 2626 1579 2626 1582 2626 1578 2627 1581 2627 1579 2627 1581 2628 1583 2628 1582 2628 1584 2629 1582 2629 1583 2629 1580 2630 1582 2630 1584 2630 1585 2631 1583 2631 1581 2631 1584 2632 1583 2632 1585 2632 1585 2633 1581 2633 1578 2633 1586 2634 1578 2634 1576 2634 1585 2635 1578 2635 1586 2635 1586 2636 1576 2636 1573 2636 1587 2637 1573 2637 1571 2637 1586 2638 1573 2638 1587 2638 1587 2639 1571 2639 1566 2639 1588 2640 1566 2640 1569 2640 1587 2641 1566 2641 1588 2641 1589 2642 1590 2642 1569 2642 1591 2643 1569 2643 1590 2643 1592 2644 1589 2644 1569 2644 1593 2645 1592 2645 1569 2645 1570 2646 1593 2646 1569 2646 1588 2647 1569 2647 1591 2647 1594 2648 1595 2648 1590 2648 1591 2649 1590 2649 1595 2649 1596 2650 1594 2650 1590 2650 1589 2651 1596 2651 1590 2651 1597 2652 1598 2652 1595 2652 1599 2653 1595 2653 1598 2653 1600 2654 1597 2654 1595 2654 1594 2655 1600 2655 1595 2655 1591 2656 1595 2656 1599 2656 1601 2657 1602 2657 1598 2657 1599 2658 1598 2658 1602 2658 1597 2659 1601 2659 1598 2659 1603 2660 1604 2660 1602 2660 1605 2661 1602 2661 1604 2661 1601 2662 1603 2662 1602 2662 1599 2663 1602 2663 1605 2663 1606 2664 1607 2664 1604 2664 1605 2665 1604 2665 1607 2665 1603 2666 1606 2666 1604 2666 1608 2667 1609 2667 1607 2667 1610 2668 1607 2668 1609 2668 1606 2669 1608 2669 1607 2669 1605 2670 1607 2670 1610 2670 1611 2671 1612 2671 1609 2671 1613 2672 1609 2672 1612 2672 1614 2673 1611 2673 1609 2673 1608 2674 1614 2674 1609 2674 1610 2675 1609 2675 1613 2675 1615 2676 1616 2676 1612 2676 1613 2677 1612 2677 1616 2677 1611 2678 1615 2678 1612 2678 1617 2679 1618 2679 1616 2679 1619 2680 1616 2680 1618 2680 1615 2681 1617 2681 1616 2681 1613 2682 1616 2682 1619 2682 1620 2683 1621 2683 1618 2683 1619 2684 1618 2684 1621 2684 1617 2685 1620 2685 1618 2685 1622 2686 1623 2686 1621 2686 1624 2687 1621 2687 1623 2687 1620 2688 1622 2688 1621 2688 1619 2689 1621 2689 1624 2689 1625 2690 1626 2690 1623 2690 1624 2691 1623 2691 1626 2691 1622 2692 1625 2692 1623 2692 1627 2693 1628 2693 1626 2693 1629 2694 1626 2694 1628 2694 1625 2695 1627 2695 1626 2695 1624 2696 1626 2696 1629 2696 1630 2697 1631 2697 1628 2697 1632 2698 1628 2698 1631 2698 1627 2699 1630 2699 1628 2699 1629 2700 1628 2700 1632 2700 1633 2701 1634 2701 1631 2701 1632 2702 1631 2702 1634 2702 1630 2703 1633 2703 1631 2703 1635 2704 1636 2704 1634 2704 1637 2705 1634 2705 1636 2705 1633 2605 1635 2605 1634 2605 1632 2706 1634 2706 1637 2706 1638 2707 1639 2707 1636 2707 1637 2708 1636 2708 1639 2708 1635 2709 1638 2709 1636 2709 1640 2710 1641 2710 1639 2710 1642 2711 1639 2711 1641 2711 1638 2712 1640 2712 1639 2712 1637 2713 1639 2713 1642 2713 1643 2714 1644 2714 1641 2714 1642 2715 1641 2715 1644 2715 1640 2716 1643 2716 1641 2716 1645 2717 1646 2717 1644 2717 1647 2718 1644 2718 1646 2718 1643 2719 1645 2719 1644 2719 1642 2720 1644 2720 1647 2720 704 2721 127 2721 1646 2721 1647 2722 1646 2722 127 2722 1648 2723 704 2723 1646 2723 1645 2724 1648 2724 1646 2724 131 2725 1649 2725 127 2725 1650 2726 127 2726 1649 2726 1651 2727 127 2727 1650 2727 1652 2728 127 2728 1651 2728 1653 2729 127 2729 1652 2729 1654 2730 127 2730 1653 2730 1655 2731 127 2731 1654 2731 1656 2732 127 2732 1655 2732 1647 2733 127 2733 1656 2733 1657 2734 130 2734 129 2734 712 2735 1657 2735 129 2735 1658 2736 704 2736 1648 2736 706 2737 704 2737 1659 2737 1660 2738 1659 2738 704 2738 1661 2739 1660 2739 704 2739 1662 2740 1661 2740 704 2740 1663 2741 1662 2741 704 2741 1664 2742 1663 2742 704 2742 1665 2743 1664 2743 704 2743 1666 2744 1665 2744 704 2744 1658 2745 1666 2745 704 2745 1658 2746 1648 2746 1645 2746 1658 2747 1645 2747 1643 2747 1667 2748 1643 2748 1640 2748 1658 2749 1643 2749 1667 2749 1667 2750 1640 2750 1638 2750 1668 2751 1638 2751 1635 2751 1667 2752 1638 2752 1668 2752 1668 2753 1635 2753 1633 2753 1669 2754 1633 2754 1630 2754 1668 2755 1633 2755 1669 2755 1670 2756 1630 2756 1627 2756 1669 2757 1630 2757 1670 2757 1670 2758 1627 2758 1625 2758 1671 2759 1625 2759 1622 2759 1670 2760 1625 2760 1671 2760 1671 2761 1622 2761 1620 2761 1672 2762 1620 2762 1617 2762 1671 2763 1620 2763 1672 2763 1672 2764 1617 2764 1615 2764 1673 2765 1615 2765 1611 2765 1672 2766 1615 2766 1673 2766 1674 2767 1611 2767 1614 2767 1673 2768 1611 2768 1674 2768 1674 2769 1614 2769 1608 2769 1675 2770 1608 2770 1606 2770 1674 2771 1608 2771 1675 2771 1675 2772 1606 2772 1603 2772 1676 2773 1603 2773 1601 2773 1675 2774 1603 2774 1676 2774 1676 2775 1601 2775 1597 2775 1677 2776 1597 2776 1600 2776 1676 2777 1597 2777 1677 2777 1678 2778 1600 2778 1594 2778 1677 2779 1600 2779 1678 2779 1678 2780 1594 2780 1596 2780 1679 2781 1596 2781 1589 2781 1678 2782 1596 2782 1679 2782 1679 2783 1589 2783 1592 2783 1680 2784 1592 2784 1593 2784 1679 2785 1592 2785 1680 2785 1680 2786 1593 2786 1570 2786 1681 2787 1570 2787 1561 2787 1680 2788 1570 2788 1681 2788 1682 2789 1561 2789 1564 2789 1681 2790 1561 2790 1682 2790 1682 2791 1564 2791 1565 2791 1683 2792 1565 2792 1558 2792 1682 2793 1565 2793 1683 2793 1683 2794 1558 2794 1560 2794 1684 2795 1560 2795 1554 2795 1683 2796 1560 2796 1684 2796 1684 2797 1554 2797 1557 2797 1685 2798 1557 2798 1552 2798 1684 2799 1557 2799 1685 2799 1686 2800 1552 2800 1549 2800 1685 2801 1552 2801 1686 2801 1686 2802 1549 2802 1547 2802 1687 2803 1547 2803 1544 2803 1686 2804 1547 2804 1687 2804 1687 2805 1544 2805 1540 2805 1688 2806 1540 2806 1543 2806 1687 2807 1540 2807 1688 2807 1688 2808 1543 2808 1538 2808 1689 2809 1538 2809 1535 2809 1688 2810 1538 2810 1689 2810 1690 2811 1535 2811 1533 2811 1689 2812 1535 2812 1690 2812 1690 2813 1533 2813 1530 2813 1691 2814 1530 2814 1528 2814 1690 2815 1530 2815 1691 2815 1691 2816 1528 2816 1525 2816 1692 2817 1525 2817 1522 2817 1691 2818 1525 2818 1692 2818 1692 2819 1522 2819 1520 2819 1693 2820 1520 2820 1517 2820 1692 2821 1520 2821 1693 2821 1694 2822 1517 2822 1515 2822 1693 2823 1517 2823 1694 2823 1694 2824 1515 2824 1512 2824 1695 2825 1512 2825 1510 2825 1694 2826 1512 2826 1695 2826 1695 2827 1510 2827 1508 2827 1696 2828 1508 2828 1497 2828 1695 2829 1508 2829 1696 2829 1696 2830 1497 2830 590 2830 600 2831 1697 2831 590 2831 1698 2832 590 2832 1697 2832 1699 2833 590 2833 1698 2833 1700 2834 590 2834 1699 2834 1701 2835 590 2835 1700 2835 1702 2836 590 2836 1701 2836 1703 2837 590 2837 1702 2837 1704 2838 590 2838 1703 2838 1696 2839 590 2839 1704 2839 1496 2840 592 2840 591 2840 134 2841 1705 2841 1649 2841 1650 2842 1649 2842 1705 2842 132 2843 134 2843 1649 2843 131 2844 132 2844 1649 2844 133 2845 1706 2845 1705 2845 1707 2846 1705 2846 1706 2846 134 2847 133 2847 1705 2847 1707 2848 1650 2848 1705 2848 95 2849 1708 2849 1706 2849 1709 2850 1706 2850 1708 2850 97 2851 95 2851 1706 2851 133 2852 97 2852 1706 2852 1709 2853 1707 2853 1706 2853 99 2854 1710 2854 1708 2854 1711 2855 1708 2855 1710 2855 98 2856 99 2856 1708 2856 95 2857 98 2857 1708 2857 1711 2858 1709 2858 1708 2858 77 2859 1712 2859 1710 2859 1713 2860 1710 2860 1712 2860 99 2861 77 2861 1710 2861 1713 2862 1711 2862 1710 2862 75 2863 1714 2863 1712 2863 1715 2864 1712 2864 1714 2864 77 2865 75 2865 1712 2865 1715 2866 1713 2866 1712 2866 78 2867 1716 2867 1714 2867 1717 2868 1714 2868 1716 2868 75 2869 78 2869 1714 2869 1717 2870 1715 2870 1714 2870 58 2871 1718 2871 1716 2871 1719 2872 1716 2872 1718 2872 78 2873 58 2873 1716 2873 1719 2874 1717 2874 1716 2874 60 2875 1720 2875 1718 2875 1721 2876 1718 2876 1720 2876 58 2877 60 2877 1718 2877 1721 2878 1719 2878 1718 2878 61 2879 1722 2879 1720 2879 1723 2880 1720 2880 1722 2880 60 2881 61 2881 1720 2881 1723 2882 1721 2882 1720 2882 39 2883 1724 2883 1722 2883 1725 2884 1722 2884 1724 2884 61 2885 39 2885 1722 2885 1725 2886 1723 2886 1722 2886 43 2887 1726 2887 1724 2887 1727 2888 1724 2888 1726 2888 39 2889 43 2889 1724 2889 1727 2890 1725 2890 1724 2890 44 2891 1728 2891 1726 2891 1729 2892 1726 2892 1728 2892 43 2893 44 2893 1726 2893 1729 2894 1727 2894 1726 2894 16 2895 1730 2895 1728 2895 1731 2896 1728 2896 1730 2896 44 2897 16 2897 1728 2897 1731 2898 1729 2898 1728 2898 18 2899 1732 2899 1730 2899 1733 2900 1730 2900 1732 2900 16 2901 18 2901 1730 2901 1733 2902 1731 2902 1730 2902 21 2903 1734 2903 1732 2903 1735 2904 1732 2904 1734 2904 18 2905 21 2905 1732 2905 1735 2906 1733 2906 1732 2906 24 2907 1736 2907 1734 2907 1737 2908 1734 2908 1736 2908 21 2909 24 2909 1734 2909 1737 2910 1735 2910 1734 2910 236 2911 1738 2911 1736 2911 1739 2912 1736 2912 1738 2912 24 2913 236 2913 1736 2913 1739 2914 1737 2914 1736 2914 237 2915 1740 2915 1738 2915 1741 2916 1738 2916 1740 2916 236 2917 237 2917 1738 2917 1741 2918 1739 2918 1738 2918 227 2919 1742 2919 1740 2919 1743 2920 1740 2920 1742 2920 237 2921 227 2921 1740 2921 1743 2922 1741 2922 1740 2922 228 2923 1744 2923 1742 2923 1745 2924 1742 2924 1744 2924 227 2925 228 2925 1742 2925 1745 2926 1743 2926 1742 2926 230 2927 1746 2927 1744 2927 1747 2928 1744 2928 1746 2928 229 2929 230 2929 1744 2929 228 2930 229 2930 1744 2930 1747 2931 1745 2931 1744 2931 232 2932 1748 2932 1746 2932 1749 2933 1746 2933 1748 2933 231 2934 232 2934 1746 2934 230 2935 231 2935 1746 2935 1749 2936 1747 2936 1746 2936 233 2937 1750 2937 1748 2937 1751 2938 1748 2938 1750 2938 232 2939 233 2939 1748 2939 1751 2940 1749 2940 1748 2940 213 2941 1752 2941 1750 2941 1753 2942 1750 2942 1752 2942 212 2943 213 2943 1750 2943 233 2944 212 2944 1750 2944 1753 2945 1751 2945 1750 2945 202 2946 1754 2946 1752 2946 1755 2947 1752 2947 1754 2947 203 2948 202 2948 1752 2948 213 2949 203 2949 1752 2949 1755 2950 1753 2950 1752 2950 204 2951 1756 2951 1754 2951 1757 2952 1754 2952 1756 2952 202 2953 204 2953 1754 2953 1757 2954 1755 2954 1754 2954 207 2955 1758 2955 1756 2955 1759 2956 1756 2956 1758 2956 205 2957 207 2957 1756 2957 204 2958 205 2958 1756 2958 1759 2959 1757 2959 1756 2959 209 2960 1760 2960 1758 2960 1761 2961 1758 2961 1760 2961 206 2962 209 2962 1758 2962 207 2963 206 2963 1758 2963 1761 2964 1759 2964 1758 2964 208 2965 1762 2965 1760 2965 1763 2966 1760 2966 1762 2966 209 2967 208 2967 1760 2967 1763 2968 1761 2968 1760 2968 211 2969 1500 2969 1762 2969 1764 2970 1762 2970 1500 2970 210 2971 211 2971 1762 2971 208 2972 210 2972 1762 2972 1764 2973 1763 2973 1762 2973 211 2974 141 2974 1500 2974 1501 2975 1764 2975 1500 2975 1651 2976 1650 2976 1707 2976 1765 2977 1707 2977 1709 2977 1765 2978 1651 2978 1707 2978 1766 2979 1709 2979 1711 2979 1766 2980 1765 2980 1709 2980 1767 2981 1711 2981 1713 2981 1767 2982 1766 2982 1711 2982 1768 2983 1713 2983 1715 2983 1768 2984 1767 2984 1713 2984 1769 2985 1715 2985 1717 2985 1769 2986 1768 2986 1715 2986 1770 2987 1717 2987 1719 2987 1770 2988 1769 2988 1717 2988 1771 2989 1719 2989 1721 2989 1771 2990 1770 2990 1719 2990 1772 2991 1721 2991 1723 2991 1772 2992 1771 2992 1721 2992 1773 2993 1723 2993 1725 2993 1773 2994 1772 2994 1723 2994 1774 2995 1725 2995 1727 2995 1774 2996 1773 2996 1725 2996 1775 2997 1727 2997 1729 2997 1775 2998 1774 2998 1727 2998 1776 2999 1729 2999 1731 2999 1776 3000 1775 3000 1729 3000 1777 3001 1731 3001 1733 3001 1777 3002 1776 3002 1731 3002 1778 3003 1733 3003 1735 3003 1778 3004 1777 3004 1733 3004 1779 3005 1735 3005 1737 3005 1779 3006 1778 3006 1735 3006 1780 3007 1737 3007 1739 3007 1780 3008 1779 3008 1737 3008 1781 3009 1739 3009 1741 3009 1781 3010 1780 3010 1739 3010 1782 3011 1741 3011 1743 3011 1782 3012 1781 3012 1741 3012 1783 3013 1743 3013 1745 3013 1783 3014 1782 3014 1743 3014 1784 3015 1745 3015 1747 3015 1784 3016 1783 3016 1745 3016 1785 3017 1747 3017 1749 3017 1785 3018 1784 3018 1747 3018 1786 3019 1749 3019 1751 3019 1786 3020 1785 3020 1749 3020 1787 3021 1751 3021 1753 3021 1787 3022 1786 3022 1751 3022 1788 3023 1753 3023 1755 3023 1788 3024 1787 3024 1753 3024 1789 3025 1755 3025 1757 3025 1789 3026 1788 3026 1755 3026 1790 3027 1757 3027 1759 3027 1790 3028 1789 3028 1757 3028 1791 3029 1759 3029 1761 3029 1791 3030 1790 3030 1759 3030 1792 3031 1761 3031 1763 3031 1792 3032 1791 3032 1761 3032 1793 3033 1763 3033 1764 3033 1793 3034 1792 3034 1763 3034 1794 3035 1764 3035 1501 3035 1794 3036 1793 3036 1764 3036 1502 3037 1794 3037 1501 3037 1652 3038 1651 3038 1765 3038 1795 3039 1765 3039 1766 3039 1795 3040 1652 3040 1765 3040 1796 3041 1766 3041 1767 3041 1796 3042 1795 3042 1766 3042 1797 3043 1767 3043 1768 3043 1797 3044 1796 3044 1767 3044 1798 3045 1768 3045 1769 3045 1798 3046 1797 3046 1768 3046 1799 3047 1769 3047 1770 3047 1799 3048 1798 3048 1769 3048 1800 3049 1770 3049 1771 3049 1800 3050 1799 3050 1770 3050 1801 3051 1771 3051 1772 3051 1801 3052 1800 3052 1771 3052 1802 3053 1772 3053 1773 3053 1802 3054 1801 3054 1772 3054 1803 3055 1773 3055 1774 3055 1803 3056 1802 3056 1773 3056 1804 3057 1774 3057 1775 3057 1804 3058 1803 3058 1774 3058 1805 3059 1775 3059 1776 3059 1805 3060 1804 3060 1775 3060 1806 3061 1776 3061 1777 3061 1806 3062 1805 3062 1776 3062 1807 3063 1777 3063 1778 3063 1807 3064 1806 3064 1777 3064 1808 3065 1778 3065 1779 3065 1808 3066 1807 3066 1778 3066 1809 3067 1779 3067 1780 3067 1809 3068 1808 3068 1779 3068 1810 3069 1780 3069 1781 3069 1810 3070 1809 3070 1780 3070 1811 3071 1781 3071 1782 3071 1811 3072 1810 3072 1781 3072 1812 3073 1782 3073 1783 3073 1812 3074 1811 3074 1782 3074 1813 3075 1783 3075 1784 3075 1813 3076 1812 3076 1783 3076 1814 3077 1784 3077 1785 3077 1814 3078 1813 3078 1784 3078 1815 3079 1785 3079 1786 3079 1815 3080 1814 3080 1785 3080 1816 3081 1786 3081 1787 3081 1816 3082 1815 3082 1786 3082 1817 3083 1787 3083 1788 3083 1817 3084 1816 3084 1787 3084 1818 3085 1788 3085 1789 3085 1818 3086 1817 3086 1788 3086 1819 3087 1789 3087 1790 3087 1819 3088 1818 3088 1789 3088 1820 3089 1790 3089 1791 3089 1820 3090 1819 3090 1790 3090 1821 3091 1791 3091 1792 3091 1821 3092 1820 3092 1791 3092 1822 3093 1792 3093 1793 3093 1822 3094 1821 3094 1792 3094 1823 3095 1793 3095 1794 3095 1823 3096 1822 3096 1793 3096 1824 3097 1794 3097 1502 3097 1824 3098 1823 3098 1794 3098 1503 3099 1824 3099 1502 3099 1653 3100 1652 3100 1795 3100 1825 3101 1795 3101 1796 3101 1825 3102 1653 3102 1795 3102 1826 3103 1796 3103 1797 3103 1826 3104 1825 3104 1796 3104 1827 3105 1797 3105 1798 3105 1827 3106 1826 3106 1797 3106 1828 3107 1798 3107 1799 3107 1828 3108 1827 3108 1798 3108 1829 3109 1799 3109 1800 3109 1829 3110 1828 3110 1799 3110 1830 3111 1800 3111 1801 3111 1830 3112 1829 3112 1800 3112 1831 3113 1801 3113 1802 3113 1831 3114 1830 3114 1801 3114 1832 3115 1802 3115 1803 3115 1832 3116 1831 3116 1802 3116 1833 3117 1803 3117 1804 3117 1833 3118 1832 3118 1803 3118 1834 3119 1804 3119 1805 3119 1834 3120 1833 3120 1804 3120 1835 3121 1805 3121 1806 3121 1835 3122 1834 3122 1805 3122 1836 3123 1806 3123 1807 3123 1836 3124 1835 3124 1806 3124 1837 3125 1807 3125 1808 3125 1837 3126 1836 3126 1807 3126 1838 3127 1808 3127 1809 3127 1838 3128 1837 3128 1808 3128 1839 3129 1809 3129 1810 3129 1839 3130 1838 3130 1809 3130 1840 3131 1810 3131 1811 3131 1840 3132 1839 3132 1810 3132 1841 3133 1811 3133 1812 3133 1841 3134 1840 3134 1811 3134 1842 3135 1812 3135 1813 3135 1842 3136 1841 3136 1812 3136 1843 3137 1813 3137 1814 3137 1843 3138 1842 3138 1813 3138 1844 3139 1814 3139 1815 3139 1844 3140 1843 3140 1814 3140 1845 3141 1815 3141 1816 3141 1845 3142 1844 3142 1815 3142 1846 3143 1816 3143 1817 3143 1846 3144 1845 3144 1816 3144 1847 3145 1817 3145 1818 3145 1847 3146 1846 3146 1817 3146 1848 3147 1818 3147 1819 3147 1848 3148 1847 3148 1818 3148 1849 3149 1819 3149 1820 3149 1849 3150 1848 3150 1819 3150 1850 3151 1820 3151 1821 3151 1850 3152 1849 3152 1820 3152 1851 3153 1821 3153 1822 3153 1851 3154 1850 3154 1821 3154 1852 3155 1822 3155 1823 3155 1852 3156 1851 3156 1822 3156 1853 3157 1823 3157 1824 3157 1853 3158 1852 3158 1823 3158 1854 3159 1824 3159 1503 3159 1854 3160 1853 3160 1824 3160 1504 3161 1854 3161 1503 3161 1654 3162 1653 3162 1825 3162 1855 3163 1825 3163 1826 3163 1855 3164 1654 3164 1825 3164 1856 3165 1826 3165 1827 3165 1856 3166 1855 3166 1826 3166 1857 3167 1827 3167 1828 3167 1857 3168 1856 3168 1827 3168 1858 3169 1828 3169 1829 3169 1858 3170 1857 3170 1828 3170 1859 3171 1829 3171 1830 3171 1859 3172 1858 3172 1829 3172 1860 3173 1830 3173 1831 3173 1860 3174 1859 3174 1830 3174 1861 3175 1831 3175 1832 3175 1861 3176 1860 3176 1831 3176 1862 3177 1832 3177 1833 3177 1862 3178 1861 3178 1832 3178 1863 3179 1833 3179 1834 3179 1863 3180 1862 3180 1833 3180 1864 3181 1834 3181 1835 3181 1864 3182 1863 3182 1834 3182 1865 3183 1835 3183 1836 3183 1865 3184 1864 3184 1835 3184 1866 3185 1836 3185 1837 3185 1866 3186 1865 3186 1836 3186 1867 3187 1837 3187 1838 3187 1867 3188 1866 3188 1837 3188 1868 3189 1838 3189 1839 3189 1868 3190 1867 3190 1838 3190 1869 3191 1839 3191 1840 3191 1869 3192 1868 3192 1839 3192 1870 3193 1840 3193 1841 3193 1870 3194 1869 3194 1840 3194 1871 3195 1841 3195 1842 3195 1871 3196 1870 3196 1841 3196 1872 3197 1842 3197 1843 3197 1872 3198 1871 3198 1842 3198 1873 3199 1843 3199 1844 3199 1873 3200 1872 3200 1843 3200 1874 3201 1844 3201 1845 3201 1874 3202 1873 3202 1844 3202 1875 3203 1845 3203 1846 3203 1875 3204 1874 3204 1845 3204 1876 3205 1846 3205 1847 3205 1876 3206 1875 3206 1846 3206 1877 3207 1847 3207 1848 3207 1877 3208 1876 3208 1847 3208 1878 3209 1848 3209 1849 3209 1878 3210 1877 3210 1848 3210 1879 3211 1849 3211 1850 3211 1879 3212 1878 3212 1849 3212 1880 3213 1850 3213 1851 3213 1880 3214 1879 3214 1850 3214 1881 3215 1851 3215 1852 3215 1881 3216 1880 3216 1851 3216 1882 3217 1852 3217 1853 3217 1882 3218 1881 3218 1852 3218 1883 3219 1853 3219 1854 3219 1883 3220 1882 3220 1853 3220 1884 3221 1854 3221 1504 3221 1884 3222 1883 3222 1854 3222 1505 3223 1884 3223 1504 3223 1655 3224 1654 3224 1855 3224 1885 3225 1855 3225 1856 3225 1885 3226 1655 3226 1855 3226 1886 3227 1856 3227 1857 3227 1886 3228 1885 3228 1856 3228 1887 3229 1857 3229 1858 3229 1887 3230 1886 3230 1857 3230 1888 3231 1858 3231 1859 3231 1888 3232 1887 3232 1858 3232 1889 3233 1859 3233 1860 3233 1889 3234 1888 3234 1859 3234 1890 3235 1860 3235 1861 3235 1890 3236 1889 3236 1860 3236 1891 3237 1861 3237 1862 3237 1891 3238 1890 3238 1861 3238 1892 3239 1862 3239 1863 3239 1892 3240 1891 3240 1862 3240 1893 3241 1863 3241 1864 3241 1893 3242 1892 3242 1863 3242 1894 3243 1864 3243 1865 3243 1894 3244 1893 3244 1864 3244 1895 3245 1865 3245 1866 3245 1895 3246 1894 3246 1865 3246 1896 3247 1866 3247 1867 3247 1896 3248 1895 3248 1866 3248 1897 3249 1867 3249 1868 3249 1897 3250 1896 3250 1867 3250 1898 3251 1868 3251 1869 3251 1898 3252 1897 3252 1868 3252 1899 3253 1869 3253 1870 3253 1899 3254 1898 3254 1869 3254 1900 3255 1870 3255 1871 3255 1900 3256 1899 3256 1870 3256 1901 3257 1871 3257 1872 3257 1901 3258 1900 3258 1871 3258 1902 3259 1872 3259 1873 3259 1902 3260 1901 3260 1872 3260 1903 3261 1873 3261 1874 3261 1903 3262 1902 3262 1873 3262 1904 3263 1874 3263 1875 3263 1904 3264 1903 3264 1874 3264 1905 3265 1875 3265 1876 3265 1905 3266 1904 3266 1875 3266 1906 3267 1876 3267 1877 3267 1906 3268 1905 3268 1876 3268 1907 3269 1877 3269 1878 3269 1907 3270 1906 3270 1877 3270 1908 3271 1878 3271 1879 3271 1908 3272 1907 3272 1878 3272 1909 3273 1879 3273 1880 3273 1909 3274 1908 3274 1879 3274 1910 3275 1880 3275 1881 3275 1910 3276 1909 3276 1880 3276 1911 3277 1881 3277 1882 3277 1911 3278 1910 3278 1881 3278 1912 3279 1882 3279 1883 3279 1912 3280 1911 3280 1882 3280 1913 3281 1883 3281 1884 3281 1913 3282 1912 3282 1883 3282 1914 3283 1884 3283 1505 3283 1914 3284 1913 3284 1884 3284 1506 3285 1914 3285 1505 3285 1656 3286 1655 3286 1885 3286 1915 3287 1885 3287 1886 3287 1915 3288 1656 3288 1885 3288 1916 3289 1886 3289 1887 3289 1916 3290 1915 3290 1886 3290 1917 3291 1887 3291 1888 3291 1917 3292 1916 3292 1887 3292 1918 3293 1888 3293 1889 3293 1918 3294 1917 3294 1888 3294 1919 3295 1889 3295 1890 3295 1919 3296 1918 3296 1889 3296 1920 3297 1890 3297 1891 3297 1920 3298 1919 3298 1890 3298 1921 3299 1891 3299 1892 3299 1921 3300 1920 3300 1891 3300 1922 3301 1892 3301 1893 3301 1922 3302 1921 3302 1892 3302 1923 3303 1893 3303 1894 3303 1923 3304 1922 3304 1893 3304 1924 3305 1894 3305 1895 3305 1924 3306 1923 3306 1894 3306 1925 3307 1895 3307 1896 3307 1925 3308 1924 3308 1895 3308 1926 3309 1896 3309 1897 3309 1926 3310 1925 3310 1896 3310 1927 3311 1897 3311 1898 3311 1927 3312 1926 3312 1897 3312 1928 3313 1898 3313 1899 3313 1928 3314 1927 3314 1898 3314 1929 3315 1899 3315 1900 3315 1929 3316 1928 3316 1899 3316 1930 3317 1900 3317 1901 3317 1930 3318 1929 3318 1900 3318 1931 3319 1901 3319 1902 3319 1931 3320 1930 3320 1901 3320 1932 3321 1902 3321 1903 3321 1932 3322 1931 3322 1902 3322 1933 3323 1903 3323 1904 3323 1933 3324 1932 3324 1903 3324 1934 3325 1904 3325 1905 3325 1934 3326 1933 3326 1904 3326 1935 3327 1905 3327 1906 3327 1935 3328 1934 3328 1905 3328 1936 3329 1906 3329 1907 3329 1936 3330 1935 3330 1906 3330 1937 3331 1907 3331 1908 3331 1937 3332 1936 3332 1907 3332 1938 3333 1908 3333 1909 3333 1938 3334 1937 3334 1908 3334 1939 3335 1909 3335 1910 3335 1939 3336 1938 3336 1909 3336 1940 3337 1910 3337 1911 3337 1940 3338 1939 3338 1910 3338 1941 3339 1911 3339 1912 3339 1941 3340 1940 3340 1911 3340 1942 3341 1912 3341 1913 3341 1942 3342 1941 3342 1912 3342 1943 3343 1913 3343 1914 3343 1943 3344 1942 3344 1913 3344 1944 3345 1914 3345 1506 3345 1944 3346 1943 3346 1914 3346 1507 3347 1944 3347 1506 3347 1647 3348 1656 3348 1915 3348 1642 3349 1915 3349 1916 3349 1642 3350 1647 3350 1915 3350 1637 3351 1916 3351 1917 3351 1637 3352 1642 3352 1916 3352 1632 3353 1917 3353 1918 3353 1632 3354 1637 3354 1917 3354 1629 3355 1918 3355 1919 3355 1629 3356 1632 3356 1918 3356 1624 3357 1919 3357 1920 3357 1624 3358 1629 3358 1919 3358 1619 3359 1920 3359 1921 3359 1619 3360 1624 3360 1920 3360 1613 3361 1921 3361 1922 3361 1613 3362 1619 3362 1921 3362 1610 3363 1922 3363 1923 3363 1610 3364 1613 3364 1922 3364 1605 3365 1923 3365 1924 3365 1605 3366 1610 3366 1923 3366 1599 3367 1924 3367 1925 3367 1599 3368 1605 3368 1924 3368 1591 3369 1925 3369 1926 3369 1591 3370 1599 3370 1925 3370 1588 3371 1926 3371 1927 3371 1588 3372 1591 3372 1926 3372 1587 3373 1927 3373 1928 3373 1587 3374 1588 3374 1927 3374 1586 3375 1928 3375 1929 3375 1586 3376 1587 3376 1928 3376 1585 3377 1929 3377 1930 3377 1585 3378 1586 3378 1929 3378 1584 3379 1930 3379 1931 3379 1584 3380 1585 3380 1930 3380 1580 3381 1931 3381 1932 3381 1580 3382 1584 3382 1931 3382 1575 3383 1932 3383 1933 3383 1575 3384 1580 3384 1932 3384 1568 3385 1933 3385 1934 3385 1568 3386 1575 3386 1933 3386 1563 3387 1934 3387 1935 3387 1563 3388 1568 3388 1934 3388 1556 3389 1935 3389 1936 3389 1556 3390 1563 3390 1935 3390 1551 3391 1936 3391 1937 3391 1551 3392 1556 3392 1936 3392 1546 3393 1937 3393 1938 3393 1546 3394 1551 3394 1937 3394 1542 3395 1938 3395 1939 3395 1542 3396 1546 3396 1938 3396 1537 3397 1939 3397 1940 3397 1537 3398 1542 3398 1939 3398 1532 3399 1940 3399 1941 3399 1532 3400 1537 3400 1940 3400 1527 3401 1941 3401 1942 3401 1527 3402 1532 3402 1941 3402 1524 3403 1942 3403 1943 3403 1524 3404 1527 3404 1942 3404 1519 3405 1943 3405 1944 3405 1519 3406 1524 3406 1943 3406 1514 3407 1944 3407 1507 3407 1514 3408 1519 3408 1944 3408 1499 3409 1514 3409 1507 3409 608 3410 1945 3410 1697 3410 1698 3411 1697 3411 1945 3411 605 3412 608 3412 1697 3412 600 3413 605 3413 1697 3413 611 3414 1946 3414 1945 3414 1947 3415 1945 3415 1946 3415 608 3416 611 3416 1945 3416 1947 3417 1698 3417 1945 3417 620 3418 1948 3418 1946 3418 1949 3419 1946 3419 1948 3419 616 3420 620 3420 1946 3420 611 3421 616 3421 1946 3421 1949 3422 1947 3422 1946 3422 629 3423 1950 3423 1948 3423 1951 3424 1948 3424 1950 3424 625 3425 629 3425 1948 3425 620 3426 625 3426 1948 3426 1951 3427 1949 3427 1948 3427 636 3428 1952 3428 1950 3428 1953 3429 1950 3429 1952 3429 629 3430 636 3430 1950 3430 1953 3431 1951 3431 1950 3431 638 3432 1954 3432 1952 3432 1955 3433 1952 3433 1954 3433 636 3434 638 3434 1952 3434 1955 3435 1953 3435 1952 3435 641 3436 1956 3436 1954 3436 1957 3437 1954 3437 1956 3437 638 3438 641 3438 1954 3438 1957 3439 1955 3439 1954 3439 645 3440 1958 3440 1956 3440 1959 3441 1956 3441 1958 3441 641 3442 645 3442 1956 3442 1959 3443 1957 3443 1956 3443 650 3444 1960 3444 1958 3444 1961 3445 1958 3445 1960 3445 645 3446 650 3446 1958 3446 1961 3447 1959 3447 1958 3447 655 3448 1962 3448 1960 3448 1963 3449 1960 3449 1962 3449 650 3450 655 3450 1960 3450 1963 3451 1961 3451 1960 3451 969 3452 1964 3452 1962 3452 1965 3453 1962 3453 1964 3453 655 3454 969 3454 1962 3454 1965 3455 1963 3455 1962 3455 970 3456 1966 3456 1964 3456 1967 3457 1964 3457 1966 3457 969 3458 970 3458 1964 3458 1967 3459 1965 3459 1964 3459 948 3460 1968 3460 1966 3460 1969 3461 1966 3461 1968 3461 970 3462 948 3462 1966 3462 1969 3463 1967 3463 1966 3463 945 3464 1970 3464 1968 3464 1971 3465 1968 3465 1970 3465 948 3466 945 3466 1968 3466 1971 3467 1969 3467 1968 3467 947 3468 1972 3468 1970 3468 1973 3469 1970 3469 1972 3469 945 3470 947 3470 1970 3470 1973 3471 1971 3471 1970 3471 894 3472 1974 3472 1972 3472 1975 3473 1972 3473 1974 3473 947 3474 894 3474 1972 3474 1975 3475 1973 3475 1972 3475 436 3476 1976 3476 1974 3476 1977 3477 1974 3477 1976 3477 894 3478 436 3478 1974 3478 1977 3479 1975 3479 1974 3479 442 3480 1978 3480 1976 3480 1979 3481 1976 3481 1978 3481 436 3482 442 3482 1976 3482 1979 3483 1977 3483 1976 3483 443 3484 1980 3484 1978 3484 1981 3485 1978 3485 1980 3485 442 3486 443 3486 1978 3486 1981 3487 1979 3487 1978 3487 444 3488 1982 3488 1980 3488 1983 3489 1980 3489 1982 3489 443 3490 444 3490 1980 3490 1983 3491 1981 3491 1980 3491 892 3492 1984 3492 1982 3492 1985 3493 1982 3493 1984 3493 891 3494 892 3494 1982 3494 444 3495 891 3495 1982 3495 1985 3496 1983 3496 1982 3496 893 3497 1986 3497 1984 3497 1987 3498 1984 3498 1986 3498 892 3499 893 3499 1984 3499 1987 3500 1985 3500 1984 3500 871 3501 1988 3501 1986 3501 1989 3502 1986 3502 1988 3502 872 3503 871 3503 1986 3503 893 3504 872 3504 1986 3504 1989 3505 1987 3505 1986 3505 874 3506 1990 3506 1988 3506 1991 3507 1988 3507 1990 3507 873 3508 874 3508 1988 3508 871 3509 873 3509 1988 3509 1991 3510 1989 3510 1988 3510 830 3511 1992 3511 1990 3511 1993 3512 1990 3512 1992 3512 875 3513 830 3513 1990 3513 874 3514 875 3514 1990 3514 1993 3515 1991 3515 1990 3515 822 3516 1994 3516 1992 3516 1995 3517 1992 3517 1994 3517 830 3518 822 3518 1992 3518 1995 3519 1993 3519 1992 3519 832 3520 1996 3520 1994 3520 1997 3521 1994 3521 1996 3521 831 3522 832 3522 1994 3522 822 3523 831 3523 1994 3523 1997 3524 1995 3524 1994 3524 834 3525 1998 3525 1996 3525 1999 3526 1996 3526 1998 3526 833 3527 834 3527 1996 3527 832 3528 833 3528 1996 3528 1999 3529 1997 3529 1996 3529 743 3530 2000 3530 1998 3530 2001 3531 1998 3531 2000 3531 834 3532 743 3532 1998 3532 2001 3533 1999 3533 1998 3533 737 3534 1659 3534 2000 3534 2002 3535 2000 3535 1659 3535 733 3536 737 3536 2000 3536 743 3537 733 3537 2000 3537 2002 3538 2001 3538 2000 3538 737 3539 706 3539 1659 3539 1660 3540 2002 3540 1659 3540 1699 3541 1698 3541 1947 3541 2003 3542 1947 3542 1949 3542 2003 3543 1699 3543 1947 3543 2004 3544 1949 3544 1951 3544 2004 3545 2003 3545 1949 3545 2005 3546 1951 3546 1953 3546 2005 3547 2004 3547 1951 3547 2006 3548 1953 3548 1955 3548 2006 3549 2005 3549 1953 3549 2007 3550 1955 3550 1957 3550 2007 3551 2006 3551 1955 3551 2008 3552 1957 3552 1959 3552 2008 3553 2007 3553 1957 3553 2009 3554 1959 3554 1961 3554 2009 3555 2008 3555 1959 3555 2010 3556 1961 3556 1963 3556 2010 3557 2009 3557 1961 3557 2011 3558 1963 3558 1965 3558 2011 3559 2010 3559 1963 3559 2012 3560 1965 3560 1967 3560 2012 3561 2011 3561 1965 3561 2013 3562 1967 3562 1969 3562 2013 3563 2012 3563 1967 3563 2014 3564 1969 3564 1971 3564 2014 3565 2013 3565 1969 3565 2015 3566 1971 3566 1973 3566 2015 3567 2014 3567 1971 3567 2016 3568 1973 3568 1975 3568 2016 3569 2015 3569 1973 3569 2017 3570 1975 3570 1977 3570 2017 3571 2016 3571 1975 3571 2018 3572 1977 3572 1979 3572 2018 3573 2017 3573 1977 3573 2019 3574 1979 3574 1981 3574 2019 3575 2018 3575 1979 3575 2020 3576 1981 3576 1983 3576 2020 3577 2019 3577 1981 3577 2021 3578 1983 3578 1985 3578 2021 3579 2020 3579 1983 3579 2022 3580 1985 3580 1987 3580 2022 3581 2021 3581 1985 3581 2023 3582 1987 3582 1989 3582 2023 3583 2022 3583 1987 3583 2024 3584 1989 3584 1991 3584 2024 3585 2023 3585 1989 3585 2025 3586 1991 3586 1993 3586 2025 3587 2024 3587 1991 3587 2026 3588 1993 3588 1995 3588 2026 3589 2025 3589 1993 3589 2027 3590 1995 3590 1997 3590 2027 3591 2026 3591 1995 3591 2028 3592 1997 3592 1999 3592 2028 3593 2027 3593 1997 3593 2029 3594 1999 3594 2001 3594 2029 3595 2028 3595 1999 3595 2030 3596 2001 3596 2002 3596 2030 3597 2029 3597 2001 3597 2031 3598 2002 3598 1660 3598 2031 3599 2030 3599 2002 3599 1661 3600 2031 3600 1660 3600 1700 3601 1699 3601 2003 3601 2032 3602 2003 3602 2004 3602 2032 3603 1700 3603 2003 3603 2033 3604 2004 3604 2005 3604 2033 3605 2032 3605 2004 3605 2034 3606 2005 3606 2006 3606 2034 3607 2033 3607 2005 3607 2035 3608 2006 3608 2007 3608 2035 3609 2034 3609 2006 3609 2036 3610 2007 3610 2008 3610 2036 3611 2035 3611 2007 3611 2037 3612 2008 3612 2009 3612 2037 3613 2036 3613 2008 3613 2038 3614 2009 3614 2010 3614 2038 3615 2037 3615 2009 3615 2039 3616 2010 3616 2011 3616 2039 3617 2038 3617 2010 3617 2040 3618 2011 3618 2012 3618 2040 3619 2039 3619 2011 3619 2041 3620 2012 3620 2013 3620 2041 3621 2040 3621 2012 3621 2042 3622 2013 3622 2014 3622 2042 3623 2041 3623 2013 3623 2043 3624 2014 3624 2015 3624 2043 3625 2042 3625 2014 3625 2044 3626 2015 3626 2016 3626 2044 3627 2043 3627 2015 3627 2045 3628 2016 3628 2017 3628 2045 3629 2044 3629 2016 3629 2046 3630 2017 3630 2018 3630 2046 3631 2045 3631 2017 3631 2047 3632 2018 3632 2019 3632 2047 3633 2046 3633 2018 3633 2048 3634 2019 3634 2020 3634 2048 3635 2047 3635 2019 3635 2049 3636 2020 3636 2021 3636 2049 3637 2048 3637 2020 3637 2050 3638 2021 3638 2022 3638 2050 3639 2049 3639 2021 3639 2051 3640 2022 3640 2023 3640 2051 3641 2050 3641 2022 3641 2052 3642 2023 3642 2024 3642 2052 3643 2051 3643 2023 3643 2053 3644 2024 3644 2025 3644 2053 3645 2052 3645 2024 3645 2054 3646 2025 3646 2026 3646 2054 3647 2053 3647 2025 3647 2055 3648 2026 3648 2027 3648 2055 3649 2054 3649 2026 3649 2056 3650 2027 3650 2028 3650 2056 3651 2055 3651 2027 3651 2057 3652 2028 3652 2029 3652 2057 3653 2056 3653 2028 3653 2058 3654 2029 3654 2030 3654 2058 3655 2057 3655 2029 3655 2059 3656 2030 3656 2031 3656 2059 3657 2058 3657 2030 3657 2060 3658 2031 3658 1661 3658 2060 3659 2059 3659 2031 3659 1662 3660 2060 3660 1661 3660 1701 3661 1700 3661 2032 3661 2061 3662 2032 3662 2033 3662 2061 3663 1701 3663 2032 3663 2062 3664 2033 3664 2034 3664 2062 3665 2061 3665 2033 3665 2063 3666 2034 3666 2035 3666 2063 3667 2062 3667 2034 3667 2064 3668 2035 3668 2036 3668 2064 3669 2063 3669 2035 3669 2065 3670 2036 3670 2037 3670 2065 3671 2064 3671 2036 3671 2066 3672 2037 3672 2038 3672 2066 3673 2065 3673 2037 3673 2067 3674 2038 3674 2039 3674 2067 3675 2066 3675 2038 3675 2068 3676 2039 3676 2040 3676 2068 3677 2067 3677 2039 3677 2069 3678 2040 3678 2041 3678 2069 3679 2068 3679 2040 3679 2070 3680 2041 3680 2042 3680 2070 3681 2069 3681 2041 3681 2071 3682 2042 3682 2043 3682 2071 3683 2070 3683 2042 3683 2072 3684 2043 3684 2044 3684 2072 3685 2071 3685 2043 3685 2073 3686 2044 3686 2045 3686 2073 3687 2072 3687 2044 3687 2074 3688 2045 3688 2046 3688 2074 3689 2073 3689 2045 3689 2075 3690 2046 3690 2047 3690 2075 3691 2074 3691 2046 3691 2076 3692 2047 3692 2048 3692 2076 3693 2075 3693 2047 3693 2077 3694 2048 3694 2049 3694 2077 3695 2076 3695 2048 3695 2078 3696 2049 3696 2050 3696 2078 3697 2077 3697 2049 3697 2079 3698 2050 3698 2051 3698 2079 3699 2078 3699 2050 3699 2080 3700 2051 3700 2052 3700 2080 3701 2079 3701 2051 3701 2081 3702 2052 3702 2053 3702 2081 3703 2080 3703 2052 3703 2082 3704 2053 3704 2054 3704 2082 3705 2081 3705 2053 3705 2083 3706 2054 3706 2055 3706 2083 3707 2082 3707 2054 3707 2084 3708 2055 3708 2056 3708 2084 3709 2083 3709 2055 3709 2085 3710 2056 3710 2057 3710 2085 3711 2084 3711 2056 3711 2086 3712 2057 3712 2058 3712 2086 3713 2085 3713 2057 3713 2087 3714 2058 3714 2059 3714 2087 3715 2086 3715 2058 3715 2088 3716 2059 3716 2060 3716 2088 3717 2087 3717 2059 3717 2089 3718 2060 3718 1662 3718 2089 3719 2088 3719 2060 3719 1663 3720 2089 3720 1662 3720 1702 3721 1701 3721 2061 3721 2090 3722 2061 3722 2062 3722 2090 3723 1702 3723 2061 3723 2091 3724 2062 3724 2063 3724 2091 3725 2090 3725 2062 3725 2092 3726 2063 3726 2064 3726 2092 3727 2091 3727 2063 3727 2093 3728 2064 3728 2065 3728 2093 3729 2092 3729 2064 3729 2094 3730 2065 3730 2066 3730 2094 3731 2093 3731 2065 3731 2095 3732 2066 3732 2067 3732 2095 3733 2094 3733 2066 3733 2096 3734 2067 3734 2068 3734 2096 3735 2095 3735 2067 3735 2097 3736 2068 3736 2069 3736 2097 3737 2096 3737 2068 3737 2098 3738 2069 3738 2070 3738 2098 3739 2097 3739 2069 3739 2099 3740 2070 3740 2071 3740 2099 3741 2098 3741 2070 3741 2100 3742 2071 3742 2072 3742 2100 3743 2099 3743 2071 3743 2101 3744 2072 3744 2073 3744 2101 3745 2100 3745 2072 3745 2102 3746 2073 3746 2074 3746 2102 3747 2101 3747 2073 3747 2103 3748 2074 3748 2075 3748 2103 3749 2102 3749 2074 3749 2104 3750 2075 3750 2076 3750 2104 3751 2103 3751 2075 3751 2105 3752 2076 3752 2077 3752 2105 3753 2104 3753 2076 3753 2106 3754 2077 3754 2078 3754 2106 3755 2105 3755 2077 3755 2107 3756 2078 3756 2079 3756 2107 3757 2106 3757 2078 3757 2108 3758 2079 3758 2080 3758 2108 3759 2107 3759 2079 3759 2109 3760 2080 3760 2081 3760 2109 3761 2108 3761 2080 3761 2110 3762 2081 3762 2082 3762 2110 3763 2109 3763 2081 3763 2111 3764 2082 3764 2083 3764 2111 3765 2110 3765 2082 3765 2112 3766 2083 3766 2084 3766 2112 3767 2111 3767 2083 3767 2113 3768 2084 3768 2085 3768 2113 3769 2112 3769 2084 3769 2114 3770 2085 3770 2086 3770 2114 3771 2113 3771 2085 3771 2115 3772 2086 3772 2087 3772 2115 3773 2114 3773 2086 3773 2116 3774 2087 3774 2088 3774 2116 3775 2115 3775 2087 3775 2117 3776 2088 3776 2089 3776 2117 3777 2116 3777 2088 3777 2118 3778 2089 3778 1663 3778 2118 3779 2117 3779 2089 3779 1664 3780 2118 3780 1663 3780 1703 3781 1702 3781 2090 3781 2119 3782 2090 3782 2091 3782 2119 3783 1703 3783 2090 3783 2120 3784 2091 3784 2092 3784 2120 3785 2119 3785 2091 3785 2121 3786 2092 3786 2093 3786 2121 3787 2120 3787 2092 3787 2122 3788 2093 3788 2094 3788 2122 3789 2121 3789 2093 3789 2123 3790 2094 3790 2095 3790 2123 3791 2122 3791 2094 3791 2124 3792 2095 3792 2096 3792 2124 3793 2123 3793 2095 3793 2125 3794 2096 3794 2097 3794 2125 3795 2124 3795 2096 3795 2126 3796 2097 3796 2098 3796 2126 3797 2125 3797 2097 3797 2127 3798 2098 3798 2099 3798 2127 3799 2126 3799 2098 3799 2128 3800 2099 3800 2100 3800 2128 3801 2127 3801 2099 3801 2129 3802 2100 3802 2101 3802 2129 3803 2128 3803 2100 3803 2130 3804 2101 3804 2102 3804 2130 3805 2129 3805 2101 3805 2131 3806 2102 3806 2103 3806 2131 3807 2130 3807 2102 3807 2132 3808 2103 3808 2104 3808 2132 3809 2131 3809 2103 3809 2133 3810 2104 3810 2105 3810 2133 3811 2132 3811 2104 3811 2134 3812 2105 3812 2106 3812 2134 3813 2133 3813 2105 3813 2135 3814 2106 3814 2107 3814 2135 3815 2134 3815 2106 3815 2136 3816 2107 3816 2108 3816 2136 3817 2135 3817 2107 3817 2137 3818 2108 3818 2109 3818 2137 3819 2136 3819 2108 3819 2138 3820 2109 3820 2110 3820 2138 3821 2137 3821 2109 3821 2139 3822 2110 3822 2111 3822 2139 3823 2138 3823 2110 3823 2140 3824 2111 3824 2112 3824 2140 3825 2139 3825 2111 3825 2141 3826 2112 3826 2113 3826 2141 3827 2140 3827 2112 3827 2142 3828 2113 3828 2114 3828 2142 3829 2141 3829 2113 3829 2143 3830 2114 3830 2115 3830 2143 3831 2142 3831 2114 3831 2144 3832 2115 3832 2116 3832 2144 3833 2143 3833 2115 3833 2145 3834 2116 3834 2117 3834 2145 3835 2144 3835 2116 3835 2146 3836 2117 3836 2118 3836 2146 3837 2145 3837 2117 3837 2147 3838 2118 3838 1664 3838 2147 3839 2146 3839 2118 3839 1665 3840 2147 3840 1664 3840 1704 3841 1703 3841 2119 3841 2148 3842 2119 3842 2120 3842 2148 3843 1704 3843 2119 3843 2149 3844 2120 3844 2121 3844 2149 3845 2148 3845 2120 3845 2150 3846 2121 3846 2122 3846 2150 3847 2149 3847 2121 3847 2151 3848 2122 3848 2123 3848 2151 3849 2150 3849 2122 3849 2152 3850 2123 3850 2124 3850 2152 3851 2151 3851 2123 3851 2153 3852 2124 3852 2125 3852 2153 3853 2152 3853 2124 3853 2154 3854 2125 3854 2126 3854 2154 3855 2153 3855 2125 3855 2155 3856 2126 3856 2127 3856 2155 3857 2154 3857 2126 3857 2156 3858 2127 3858 2128 3858 2156 3859 2155 3859 2127 3859 2157 3860 2128 3860 2129 3860 2157 3861 2156 3861 2128 3861 2158 3862 2129 3862 2130 3862 2158 3863 2157 3863 2129 3863 2159 3864 2130 3864 2131 3864 2159 3865 2158 3865 2130 3865 2160 3866 2131 3866 2132 3866 2160 3867 2159 3867 2131 3867 2161 3868 2132 3868 2133 3868 2161 3869 2160 3869 2132 3869 2162 3870 2133 3870 2134 3870 2162 3871 2161 3871 2133 3871 2163 3872 2134 3872 2135 3872 2163 3873 2162 3873 2134 3873 2164 3874 2135 3874 2136 3874 2164 3875 2163 3875 2135 3875 2165 3876 2136 3876 2137 3876 2165 3877 2164 3877 2136 3877 2166 3878 2137 3878 2138 3878 2166 3879 2165 3879 2137 3879 2167 3880 2138 3880 2139 3880 2167 3881 2166 3881 2138 3881 2168 3882 2139 3882 2140 3882 2168 3883 2167 3883 2139 3883 2169 3884 2140 3884 2141 3884 2169 3885 2168 3885 2140 3885 2170 3886 2141 3886 2142 3886 2170 3887 2169 3887 2141 3887 2171 3888 2142 3888 2143 3888 2171 3889 2170 3889 2142 3889 2172 3890 2143 3890 2144 3890 2172 3891 2171 3891 2143 3891 2173 3892 2144 3892 2145 3892 2173 3893 2172 3893 2144 3893 2174 3894 2145 3894 2146 3894 2174 3895 2173 3895 2145 3895 2175 3896 2146 3896 2147 3896 2175 3897 2174 3897 2146 3897 2176 3898 2147 3898 1665 3898 2176 3899 2175 3899 2147 3899 1666 3900 2176 3900 1665 3900 1696 3901 1704 3901 2148 3901 1695 3902 2148 3902 2149 3902 1695 3903 1696 3903 2148 3903 1694 3904 2149 3904 2150 3904 1694 3905 1695 3905 2149 3905 1693 3906 2150 3906 2151 3906 1693 3907 1694 3907 2150 3907 1692 3908 2151 3908 2152 3908 1692 3909 1693 3909 2151 3909 1691 3910 2152 3910 2153 3910 1691 3911 1692 3911 2152 3911 1690 3912 2153 3912 2154 3912 1690 3913 1691 3913 2153 3913 1689 3914 2154 3914 2155 3914 1689 3915 1690 3915 2154 3915 1688 3916 2155 3916 2156 3916 1688 3917 1689 3917 2155 3917 1687 3918 2156 3918 2157 3918 1687 3919 1688 3919 2156 3919 1686 3920 2157 3920 2158 3920 1686 3921 1687 3921 2157 3921 1685 3922 2158 3922 2159 3922 1685 3923 1686 3923 2158 3923 1684 3924 2159 3924 2160 3924 1684 3925 1685 3925 2159 3925 1683 3926 2160 3926 2161 3926 1683 3927 1684 3927 2160 3927 1682 3928 2161 3928 2162 3928 1682 3929 1683 3929 2161 3929 1681 3930 2162 3930 2163 3930 1681 3931 1682 3931 2162 3931 1680 3932 2163 3932 2164 3932 1680 3933 1681 3933 2163 3933 1679 3934 2164 3934 2165 3934 1679 3935 1680 3935 2164 3935 1678 3936 2165 3936 2166 3936 1678 3937 1679 3937 2165 3937 1677 3938 2166 3938 2167 3938 1677 3939 1678 3939 2166 3939 1676 3940 2167 3940 2168 3940 1676 3941 1677 3941 2167 3941 1675 3942 2168 3942 2169 3942 1675 3943 1676 3943 2168 3943 1674 3944 2169 3944 2170 3944 1674 3945 1675 3945 2169 3945 1673 3946 2170 3946 2171 3946 1673 3947 1674 3947 2170 3947 1672 3948 2171 3948 2172 3948 1672 3949 1673 3949 2171 3949 1671 3950 2172 3950 2173 3950 1671 3951 1672 3951 2172 3951 1670 3952 2173 3952 2174 3952 1670 3953 1671 3953 2173 3953 1669 3954 2174 3954 2175 3954 1669 3955 1670 3955 2174 3955 1668 3956 2175 3956 2176 3956 1668 3957 1669 3957 2175 3957 1667 3958 2176 3958 1666 3958 1667 3959 1668 3959 2176 3959 1658 3960 1667 3960 1666 3960 2177 3961 241 3961 250 3961 2178 3962 246 3962 241 3962 2177 3963 2178 3963 241 3963 2179 3964 250 3964 249 3964 2177 3965 250 3965 2180 3965 2179 3966 2180 3966 250 3966 2179 3967 249 3967 252 3967 2181 3968 252 3968 255 3968 2179 3969 252 3969 2181 3969 2181 3970 255 3970 509 3970 2182 3971 509 3971 508 3971 2181 3972 509 3972 2182 3972 2182 3973 508 3973 510 3973 2183 3974 510 3974 512 3974 2182 3975 510 3975 2183 3975 2183 3976 512 3976 557 3976 2184 3977 557 3977 556 3977 2183 3978 557 3978 2184 3978 2184 3979 556 3979 559 3979 2185 3980 559 3980 558 3980 2184 3981 559 3981 2185 3981 2185 3982 558 3982 561 3982 2186 3983 561 3983 589 3983 2185 3984 561 3984 2186 3984 2187 3985 589 3985 593 3985 2186 3986 589 3986 2187 3986 2187 3987 593 3987 592 3987 2188 3988 592 3988 1496 3988 2187 3989 592 3989 2188 3989 2188 3990 1496 3990 145 3990 2189 3991 145 3991 144 3991 2188 3992 145 3992 2189 3992 2189 3993 144 3993 147 3993 2190 3994 147 3994 146 3994 2189 3995 147 3995 2190 3995 2190 3996 146 3996 150 3996 2191 3997 150 3997 149 3997 2190 3998 150 3998 2191 3998 2191 3999 149 3999 153 3999 2192 4000 153 4000 156 4000 2191 4001 153 4001 2192 4001 2192 4002 156 4002 155 4002 2193 4003 155 4003 160 4003 2192 4004 155 4004 2193 4004 2194 4005 160 4005 159 4005 2193 4006 160 4006 2194 4006 2194 4007 159 4007 164 4007 2195 4008 164 4008 163 4008 2194 4009 164 4009 2195 4009 2195 4010 163 4010 168 4010 2196 4011 168 4011 167 4011 2195 4012 168 4012 2196 4012 2196 4013 167 4013 173 4013 2197 4014 173 4014 171 4014 2196 4015 173 4015 2197 4015 2197 4016 171 4016 177 4016 2198 4017 177 4017 176 4017 2197 4018 177 4018 2198 4018 2198 4019 176 4019 181 4019 2199 4020 181 4020 180 4020 2198 4021 181 4021 2199 4021 2199 4022 180 4022 184 4022 2200 4023 184 4023 183 4023 2199 4024 184 4024 2200 4024 2201 4025 183 4025 187 4025 2200 4026 183 4026 2201 4026 2201 4027 187 4027 189 4027 2202 4028 189 4028 188 4028 2201 4029 189 4029 2202 4029 2202 4030 188 4030 193 4030 2203 4031 193 4031 215 4031 2202 4032 193 4032 2203 4032 2203 4033 215 4033 218 4033 2204 4034 218 4034 217 4034 2203 4035 218 4035 2204 4035 2204 4036 217 4036 220 4036 2205 4037 220 4037 219 4037 2204 4038 220 4038 2205 4038 2205 4039 219 4039 223 4039 2206 4040 223 4040 234 4040 2205 4041 223 4041 2206 4041 2206 4042 234 4042 235 4042 2207 4043 235 4043 5 4043 2206 4044 235 4044 2207 4044 2207 4045 5 4045 3 4045 2208 4046 3 4046 7 4046 2207 4047 3 4047 2208 4047 2209 4048 7 4048 6 4048 2210 4049 7 4049 2209 4049 2208 4050 7 4050 2210 4050 2209 4051 6 4051 12 4051 2211 4052 12 4052 30 4052 2209 4053 12 4053 2211 4053 2211 4054 30 4054 32 4054 2212 4055 32 4055 31 4055 2211 4056 32 4056 2212 4056 2212 4057 31 4057 38 4057 2213 4058 38 4058 45 4058 2212 4059 38 4059 2213 4059 2213 4060 45 4060 47 4060 2214 4061 47 4061 46 4061 2213 4062 47 4062 2214 4062 2214 4063 46 4063 49 4063 2215 4064 49 4064 62 4064 2214 4065 49 4065 2215 4065 2215 4066 62 4066 64 4066 2216 4067 64 4067 63 4067 2215 4068 64 4068 2216 4068 2217 4069 63 4069 65 4069 2216 4070 63 4070 2217 4070 2217 4071 65 4071 68 4071 2218 4072 68 4072 80 4072 2217 4073 68 4073 2218 4073 2218 4074 80 4074 79 4074 2219 4075 79 4075 82 4075 2218 4076 79 4076 2219 4076 2219 4077 82 4077 81 4077 2220 4078 81 4078 100 4078 2219 4079 81 4079 2220 4079 2220 4080 100 4080 102 4080 2221 4081 102 4081 101 4081 2220 4082 102 4082 2221 4082 2221 4083 101 4083 104 4083 2222 4084 104 4084 103 4084 2221 4085 104 4085 2222 4085 2222 4086 103 4086 106 4086 2223 4087 106 4087 110 4087 2222 4088 106 4088 2223 4088 2224 4089 110 4089 109 4089 2223 4090 110 4090 2224 4090 2224 4091 109 4091 115 4091 2225 4092 115 4092 113 4092 2224 4093 115 4093 2225 4093 2225 4094 113 4094 118 4094 2226 4095 118 4095 122 4095 2225 4096 118 4096 2226 4096 2226 4097 122 4097 121 4097 2227 4098 121 4098 126 4098 2226 4099 121 4099 2227 4099 2227 4100 126 4100 125 4100 2228 4101 125 4101 130 4101 2227 4102 125 4102 2228 4102 2228 4103 130 4103 1657 4103 2229 4104 1657 4104 712 4104 2228 4105 1657 4105 2229 4105 2229 4106 712 4106 711 4106 2230 4107 711 4107 714 4107 2229 4108 711 4108 2230 4108 2231 4109 714 4109 718 4109 2230 4110 714 4110 2231 4110 2231 4111 718 4111 745 4111 2232 4112 745 4112 749 4112 2231 4113 745 4113 2232 4113 2232 4114 749 4114 748 4114 2233 4115 748 4115 750 4115 2232 4116 748 4116 2233 4116 2233 4117 750 4117 752 4117 2234 4118 752 4118 972 4118 2233 4119 752 4119 2234 4119 2234 4120 972 4120 974 4120 2235 4121 974 4121 973 4121 2234 4122 974 4122 2235 4122 2235 4123 973 4123 975 4123 2236 4124 975 4124 1016 4124 2235 4125 975 4125 2236 4125 2236 4126 1016 4126 1017 4126 2178 4127 1017 4127 246 4127 2236 4128 1017 4128 2178 4128 2209 4129 2237 4129 2238 4129 2239 4130 2238 4130 2237 4130 2210 4131 2209 4131 2238 4131 2240 4132 2210 4132 2238 4132 1055 4133 2238 4133 2239 4133 1055 4134 2240 4134 2238 4134 2211 4135 2241 4135 2237 4135 1094 4136 2237 4136 2241 4136 2209 4137 2211 4137 2237 4137 1052 4138 2237 4138 1094 4138 1050 4139 2237 4139 1052 4139 2239 4140 2237 4140 1050 4140 2212 4141 2242 4141 2241 4141 1161 4142 2241 4142 2242 4142 2211 4143 2212 4143 2241 4143 1096 4144 2241 4144 1161 4144 1094 4145 2241 4145 1096 4145 2213 4146 2243 4146 2242 4146 1160 4147 2242 4147 2243 4147 2212 4148 2213 4148 2242 4148 1158 4149 2242 4149 1160 4149 1161 4150 2242 4150 1158 4150 2214 4151 2244 4151 2243 4151 1163 4152 2243 4152 2244 4152 2213 4153 2214 4153 2243 4153 1164 4154 2243 4154 1163 4154 1160 4155 2243 4155 1164 4155 2215 4156 2245 4156 2244 4156 1184 4157 2244 4157 2245 4157 2214 4158 2215 4158 2244 4158 1163 4159 2244 4159 1184 4159 2216 4160 2246 4160 2245 4160 1191 4161 2245 4161 2246 4161 2215 4162 2216 4162 2245 4162 1187 4163 2245 4163 1191 4163 1184 4164 2245 4164 1187 4164 2217 4165 2247 4165 2246 4165 1212 4166 2246 4166 2247 4166 2216 4167 2217 4167 2246 4167 1213 4168 2246 4168 1212 4168 1191 4169 2246 4169 1213 4169 2218 4170 2248 4170 2247 4170 1211 4171 2247 4171 2248 4171 2217 4172 2218 4172 2247 4172 1209 4173 2247 4173 1211 4173 1212 4174 2247 4174 1209 4174 2219 4175 2249 4175 2248 4175 1214 4176 2248 4176 2249 4176 2218 4177 2219 4177 2248 4177 1215 4178 2248 4178 1214 4178 1211 4179 2248 4179 1215 4179 2220 4180 2250 4180 2249 4180 1239 4181 2249 4181 2250 4181 2219 4182 2220 4182 2249 4182 1214 4183 2249 4183 1239 4183 2221 4184 2251 4184 2250 4184 1242 4185 2250 4185 2251 4185 2220 4186 2221 4186 2250 4186 1241 4187 2250 4187 1242 4187 1239 4188 2250 4188 1241 4188 2222 4189 2252 4189 2251 4189 1289 4190 2251 4190 2252 4190 2221 4191 2222 4191 2251 4191 1291 4192 2251 4192 1289 4192 1242 4193 2251 4193 1291 4193 2223 4194 2253 4194 2252 4194 1288 4195 2252 4195 2253 4195 2222 4196 2223 4196 2252 4196 1290 4197 2252 4197 1288 4197 1289 4198 2252 4198 1290 4198 2224 4199 2254 4199 2253 4199 1287 4200 2253 4200 2254 4200 2223 4201 2224 4201 2253 4201 1286 4202 2253 4202 1287 4202 1288 4203 2253 4203 1286 4203 2225 4204 2255 4204 2254 4204 1284 4205 2254 4205 2255 4205 2224 4206 2225 4206 2254 4206 1287 4207 2254 4207 1284 4207 2226 4208 2256 4208 2255 4208 1283 4209 2255 4209 2256 4209 2225 4210 2226 4210 2255 4210 1285 4211 2255 4211 1283 4211 1284 4212 2255 4212 1285 4212 2227 4213 2257 4213 2256 4213 1282 4214 2256 4214 2257 4214 2226 4215 2227 4215 2256 4215 1281 4216 2256 4216 1282 4216 1283 4217 2256 4217 1281 4217 2228 4218 2258 4218 2257 4218 1280 4219 2257 4219 2258 4219 2227 4220 2228 4220 2257 4220 1279 4221 2257 4221 1280 4221 1282 4222 2257 4222 1279 4222 2229 4223 2259 4223 2258 4223 1276 4224 2258 4224 2259 4224 2228 4225 2229 4225 2258 4225 1278 4226 2258 4226 1276 4226 1280 4227 2258 4227 1278 4227 2230 4228 2260 4228 2259 4228 1277 4229 2259 4229 2260 4229 2229 4230 2230 4230 2259 4230 1276 4231 2259 4231 1277 4231 2231 4232 2261 4232 2260 4232 1273 4233 2260 4233 2261 4233 2230 4234 2231 4234 2260 4234 1275 4235 2260 4235 1273 4235 1277 4236 2260 4236 1275 4236 2232 4237 2262 4237 2261 4237 1268 4238 2261 4238 2262 4238 2231 4239 2232 4239 2261 4239 1274 4240 2261 4240 1268 4240 1273 4241 2261 4241 1274 4241 2233 4242 2263 4242 2262 4242 1295 4243 2262 4243 2263 4243 2232 4244 2233 4244 2262 4244 1271 4245 2262 4245 1295 4245 1268 4246 2262 4246 1271 4246 2234 4247 2264 4247 2263 4247 1312 4248 2263 4248 2264 4248 2233 4249 2234 4249 2263 4249 1313 4250 2263 4250 1312 4250 1295 4251 2263 4251 1313 4251 2235 4252 2265 4252 2264 4252 1309 4253 2264 4253 2265 4253 2234 4254 2235 4254 2264 4254 1312 4255 2264 4255 1309 4255 2236 4256 2266 4256 2265 4256 1316 4257 2265 4257 2266 4257 2235 4258 2236 4258 2265 4258 1311 4259 2265 4259 1316 4259 1309 4260 2265 4260 1311 4260 2178 4261 2267 4261 2266 4261 1341 4262 2266 4262 2267 4262 2236 4263 2178 4263 2266 4263 1315 4264 2266 4264 1341 4264 1316 4265 2266 4265 1315 4265 2180 4266 2268 4266 2267 4266 1344 4267 2267 4267 2268 4267 2178 4268 2180 4268 2267 4268 1342 4269 2267 4269 1344 4269 1341 4270 2267 4270 1342 4270 2179 4271 2268 4271 2180 4271 2269 4272 1344 4272 2268 4272 2270 4273 2269 4273 2268 4273 2270 4274 2268 4274 2179 4274 2177 4275 2180 4275 2178 4275 2207 4276 2208 4276 2210 4276 2240 4277 2207 4277 2210 4277 2269 4278 1343 4278 1344 4278 2270 4279 1343 4279 2269 4279 1345 4280 1343 4280 2270 4280 1055 4281 2239 4281 1050 4281 2271 4282 2206 4282 2207 4282 2240 4283 2271 4283 2207 4283 2272 4284 2205 4284 2206 4284 2271 4285 2272 4285 2206 4285 2273 4286 2204 4286 2205 4286 2272 4286 2273 4286 2205 4286 2274 4287 2203 4287 2204 4287 2273 4288 2274 4288 2204 4288 2275 4289 2202 4289 2203 4289 2274 4290 2275 4290 2203 4290 2276 4291 2201 4291 2202 4291 2275 4292 2276 4292 2202 4292 2277 4293 2200 4293 2201 4293 2276 4294 2277 4294 2201 4294 2278 4295 2199 4295 2200 4295 2277 4296 2278 4296 2200 4296 2279 4297 2198 4297 2199 4297 2278 4298 2279 4298 2199 4298 2280 4299 2197 4299 2198 4299 2279 4300 2280 4300 2198 4300 2281 4301 2196 4301 2197 4301 2280 4302 2281 4302 2197 4302 2282 4303 2195 4303 2196 4303 2281 4304 2282 4304 2196 4304 2283 4305 2194 4305 2195 4305 2282 4306 2283 4306 2195 4306 2284 4307 2193 4307 2194 4307 2283 4308 2284 4308 2194 4308 2285 4309 2192 4309 2193 4309 2284 4310 2285 4310 2193 4310 2286 4311 2191 4311 2192 4311 2285 4312 2286 4312 2192 4312 2287 4313 2190 4313 2191 4313 2286 4314 2287 4314 2191 4314 2288 4315 2189 4315 2190 4315 2287 4316 2288 4316 2190 4316 2289 4317 2188 4317 2189 4317 2288 4318 2289 4318 2189 4318 2290 4319 2187 4319 2188 4319 2289 4320 2290 4320 2188 4320 2291 4321 2186 4321 2187 4321 2290 4322 2291 4322 2187 4322 2292 4323 2185 4323 2186 4323 2291 4324 2292 4324 2186 4324 2293 4325 2184 4325 2185 4325 2292 4326 2293 4326 2185 4326 2294 4327 2183 4327 2184 4327 2293 4328 2294 4328 2184 4328 2295 4329 2182 4329 2183 4329 2294 4330 2295 4330 2183 4330 2296 4331 2181 4331 2182 4331 2295 4332 2296 4332 2182 4332 2270 4333 2179 4333 2181 4333 2296 4334 2270 4334 2181 4334 1143 4335 2270 4335 2296 4335 1345 4336 2270 4336 1143 4336 1139 4337 2296 4337 2295 4337 1138 4338 2296 4338 1139 4338 1143 4339 2296 4339 1138 4339 1132 4340 2295 4340 2294 4340 1137 4341 2295 4341 1132 4341 1139 4342 2295 4342 1137 4342 1347 4343 2294 4343 2293 4343 1135 4344 2294 4344 1347 4344 1132 4345 2294 4345 1135 4345 1346 4346 2293 4346 2292 4346 1347 4347 2293 4347 1346 4347 1361 4348 2292 4348 2291 4348 1359 4349 2292 4349 1361 4349 1346 4350 2292 4350 1359 4350 1362 4351 2291 4351 2290 4351 1363 4352 2291 4352 1362 4352 1361 4353 2291 4353 1363 4353 1417 4354 2290 4354 2289 4354 1416 4355 2290 4355 1417 4355 1362 4356 2290 4356 1416 4356 1415 4357 2289 4357 2288 4357 1412 4358 2289 4358 1415 4358 1417 4359 2289 4359 1412 4359 1418 4360 2288 4360 2287 4360 1415 4361 2288 4361 1418 4361 1467 4362 2287 4362 2286 4362 1469 4363 2287 4363 1467 4363 1418 4364 2287 4364 1469 4364 1465 4365 2286 4365 2285 4365 1468 4366 2286 4366 1465 4366 1467 4367 2286 4367 1468 4367 1463 4368 2285 4368 2284 4368 1466 4369 2285 4369 1463 4369 1465 4370 2285 4370 1466 4370 1461 4371 2284 4371 2283 4371 1464 4372 2284 4372 1461 4372 1463 4373 2284 4373 1464 4373 1462 4374 2283 4374 2282 4374 1461 4375 2283 4375 1462 4375 1460 4376 2282 4376 2281 4376 1459 4377 2282 4377 1460 4377 1462 4378 2282 4378 1459 4378 1458 4379 2281 4379 2280 4379 1457 4380 2281 4380 1458 4380 1460 4381 2281 4381 1457 4381 1456 4382 2280 4382 2279 4382 1455 4383 2280 4383 1456 4383 1458 4384 2280 4384 1455 4384 1454 4385 2279 4385 2278 4385 1453 4386 2279 4386 1454 4386 1456 4387 2279 4387 1453 4387 1451 4388 2278 4388 2277 4388 1454 4389 2278 4389 1451 4389 1449 4390 2277 4390 2276 4390 1452 4391 2277 4391 1449 4391 1451 4392 2277 4392 1452 4392 1447 4393 2276 4393 2275 4393 1450 4394 2276 4394 1447 4394 1449 4395 2276 4395 1450 4395 1446 4396 2275 4396 2274 4396 1448 4397 2275 4397 1446 4397 1447 4398 2275 4398 1448 4398 1442 4399 2274 4399 2273 4399 1441 4400 2274 4400 1442 4400 1446 4401 2274 4401 1441 4401 1471 4402 2273 4402 2272 4402 1442 4403 2273 4403 1471 4403 1479 4404 2272 4404 2271 4404 1470 4405 2272 4405 1479 4405 1471 4406 2272 4406 1470 4406 1058 4407 2271 4407 2240 4407 1478 4408 2271 4408 1058 4408 1479 4409 2271 4409 1478 4409 1054 4410 2240 4410 1055 4410 1058 4411 2240 4411 1054 4411 2297 4412 1337 4412 1480 4412 2298 4413 1480 4413 1481 4413 2298 4414 2297 4414 1480 4414 2299 4415 1335 4415 1337 4415 2300 4416 2299 4416 1337 4416 2301 4417 2300 4417 1337 4417 2297 4418 2301 4418 1337 4418 1320 4419 1333 4419 1335 4419 1318 4420 1320 4420 1335 4420 2299 4421 1318 4421 1335 4421 1322 4422 1331 4422 1333 4422 1320 4423 1322 4423 1333 4423 1324 4424 1328 4424 1331 4424 1322 4425 1324 4425 1331 4425 1326 4426 1329 4426 1328 4426 1324 4427 1326 4427 1328 4427 2302 4428 1305 4428 1318 4428 2303 4429 2302 4429 1318 4429 2299 4430 2303 4430 1318 4430 2304 4431 1303 4431 1305 4431 2305 4432 2304 4432 1305 4432 2302 4433 2305 4433 1305 4433 2306 4434 2307 4434 1303 4434 1304 4435 1303 4435 2307 4435 2306 4436 1303 4436 2304 4436 2308 4437 2309 4437 2307 4437 2310 4438 2307 4438 2309 4438 2311 4439 2308 4439 2307 4439 2312 4440 2311 4440 2307 4440 2306 4441 2312 4441 2307 4441 2310 4442 1304 4442 2307 4442 1486 4443 2313 4443 2309 4443 2314 4444 2309 4444 2313 4444 1484 4445 1486 4445 2309 4445 2308 4446 1484 4446 2309 4446 2315 4447 2310 4447 2309 4447 2314 4448 2315 4448 2309 4448 1488 4449 2316 4449 2313 4449 2317 4450 2313 4450 2316 4450 1486 4451 1488 4451 2313 4451 2318 4452 2314 4452 2313 4452 2317 4453 2318 4453 2313 4453 1250 4454 2319 4454 2316 4454 2320 4455 2316 4455 2319 4455 1488 4456 1250 4456 2316 4456 2321 4457 2317 4457 2316 4457 2320 4458 2321 4458 2316 4458 1248 4459 1253 4459 2319 4459 2322 4460 2319 4460 1253 4460 1250 4461 1248 4461 2319 4461 2323 4462 2320 4462 2319 4462 2322 4463 2323 4463 2319 4463 1255 4464 2324 4464 1253 4464 2322 4465 1253 4465 2324 4465 2325 4466 1481 4466 1484 4466 2326 4467 2325 4467 1484 4467 2308 4468 2326 4468 1484 4468 2327 4469 2298 4469 1481 4469 2325 4470 2327 4470 1481 4470 2328 4471 1180 4471 1181 4471 2329 4472 1181 4472 2330 4472 2331 4473 2330 4473 1181 4473 2329 4474 2328 4474 1181 4474 1183 4475 2331 4475 1181 4475 2332 4476 1179 4476 1180 4476 2333 4477 2332 4477 1180 4477 2334 4478 2333 4478 1180 4478 2328 4479 2334 4479 1180 4479 1171 4480 1178 4480 1179 4480 1170 4481 1171 4481 1179 4481 2332 4482 1170 4482 1179 4482 1172 4483 1177 4483 1178 4483 1171 4484 1172 4484 1178 4484 1173 4485 1176 4485 1177 4485 1172 4486 1173 4486 1177 4486 1174 4487 1175 4487 1176 4487 1173 4488 1174 4488 1176 4488 2335 4489 1490 4489 1170 4489 2336 4490 2335 4490 1170 4490 2332 4491 2336 4491 1170 4491 2337 4492 1493 4492 1490 4492 2338 4493 2337 4493 1490 4493 2335 4494 2338 4494 1490 4494 2339 4495 1492 4495 1493 4495 2339 4496 1493 4496 2337 4496 2340 4497 1491 4497 1492 4497 2341 4498 2340 4498 1492 4498 2342 4499 2341 4499 1492 4499 2339 4500 2342 4500 1492 4500 2343 4501 1227 4501 1491 4501 2344 4502 2343 4502 1491 4502 2340 4503 2344 4503 1491 4503 2345 4504 1224 4504 1227 4504 2343 4505 2345 4505 1227 4505 2346 4506 1222 4506 1224 4506 2345 4507 2346 4507 1224 4507 1219 4508 1218 4508 1222 4508 2346 4509 1219 4509 1222 4509 1220 4510 1219 4510 2346 4510 2347 4511 2346 4511 2345 4511 2348 4512 1220 4512 2346 4512 2347 4513 2348 4513 2346 4513 2349 4514 2345 4514 2343 4514 2350 4515 2347 4515 2345 4515 2349 4516 2350 4516 2345 4516 2351 4517 2343 4517 2344 4517 2352 4518 2349 4518 2343 4518 2351 4519 2352 4519 2343 4519 2353 4520 2330 4520 2344 4520 2354 4521 2344 4521 2330 4521 2355 4522 2353 4522 2344 4522 2340 4523 2355 4523 2344 4523 2356 4524 2351 4524 2344 4524 2354 4525 2356 4525 2344 4525 2357 4526 2329 4526 2330 4526 2353 4527 2357 4527 2330 4527 2358 4528 2330 4528 2331 4528 2358 4529 2354 4529 2330 4529 2359 4530 1389 4530 1494 4530 2360 4531 1494 4531 1495 4531 2360 4532 2359 4532 1494 4532 2361 4533 1387 4533 1389 4533 2362 4534 2361 4534 1389 4534 2363 4535 2362 4535 1389 4535 2359 4536 2363 4536 1389 4536 2364 4537 1385 4537 1387 4537 2365 4538 2364 4538 1387 4538 2361 4539 2365 4539 1387 4539 2366 4540 1383 4540 1385 4540 2364 4541 2366 4541 1385 4541 2367 4542 1381 4542 1383 4542 2366 4543 2367 4543 1383 4543 1375 4544 1379 4544 1381 4544 2367 4545 1375 4545 1381 4545 1376 4546 1375 4546 2367 4546 2368 4547 2367 4547 2366 4547 2369 4548 1376 4548 2367 4548 2368 4549 2369 4549 2367 4549 2370 4550 2366 4550 2364 4550 2371 4551 2368 4551 2366 4551 2370 4552 2371 4552 2366 4552 2372 4553 2364 4553 2365 4553 2373 4554 2370 4554 2364 4554 2372 4555 2373 4555 2364 4555 2374 4556 2375 4556 2365 4556 2376 4557 2365 4557 2375 4557 2377 4558 2374 4558 2365 4558 2361 4559 2377 4559 2365 4559 2378 4560 2372 4560 2365 4560 2376 4561 2378 4561 2365 4561 2379 4562 1349 4562 2375 4562 2380 4563 2375 4563 1349 4563 2381 4564 2379 4564 2375 4564 2374 4565 2381 4565 2375 4565 2382 4566 2375 4566 2380 4566 2382 4567 2376 4567 2375 4567 2383 4568 1348 4568 1349 4568 2383 4569 1349 4569 2379 4569 1351 4570 2380 4570 1349 4570 2384 4571 1124 4571 1348 4571 2385 4572 2384 4572 1348 4572 2386 4573 2385 4573 1348 4573 2383 4574 2386 4574 1348 4574 1105 4575 1121 4575 1124 4575 1106 4576 1105 4576 1124 4576 2384 4577 1106 4577 1124 4577 1108 4578 1119 4578 1121 4578 1105 4579 1108 4579 1121 4579 1110 4580 1117 4580 1119 4580 1108 4581 1110 4581 1119 4581 1112 4582 1115 4582 1117 4582 1110 4583 1112 4583 1117 4583 2387 4584 1495 4584 1106 4584 2388 4585 2387 4585 1106 4585 2384 4586 2388 4586 1106 4586 2389 4587 2360 4587 1495 4587 2387 4588 2389 4588 1495 4588 2390 4589 2391 4589 1475 4589 1476 4590 1475 4590 2391 4590 2392 4591 1475 4591 1477 4591 2392 4592 2390 4592 1475 4592 2393 4593 2394 4593 2391 4593 2395 4594 2391 4594 2394 4594 2396 4595 2393 4595 2391 4595 2397 4596 2396 4596 2391 4596 2390 4597 2397 4597 2391 4597 2395 4598 1476 4598 2391 4598 1400 4599 2398 4599 2394 4599 2399 4600 2394 4600 2398 4600 1399 4601 1400 4601 2394 4601 2393 4602 1399 4602 2394 4602 2400 4603 2395 4603 2394 4603 2399 4604 2400 4604 2394 4604 1401 4605 2401 4605 2398 4605 2402 4606 2398 4606 2401 4606 1400 4607 1401 4607 2398 4607 2403 4608 2399 4608 2398 4608 2402 4609 2403 4609 2398 4609 1420 4610 2404 4610 2401 4610 2405 4611 2401 4611 2404 4611 1401 4612 1420 4612 2401 4612 2406 4613 2402 4613 2401 4613 2405 4614 2406 4614 2401 4614 1422 4615 1426 4615 2404 4615 2407 4616 2404 4616 1426 4616 1420 4617 1422 4617 2404 4617 2408 4618 2405 4618 2404 4618 2407 4619 2408 4619 2404 4619 1425 4620 2409 4620 1426 4620 2407 4621 1426 4621 2409 4621 2410 4622 1398 4622 1399 4622 2411 4623 2410 4623 1399 4623 2393 4624 2411 4624 1399 4624 2412 4625 1397 4625 1398 4625 2413 4626 2412 4626 1398 4626 2410 4627 2413 4627 1398 4627 2414 4628 1086 4628 1397 4628 2414 4629 1397 4629 2412 4629 2415 4630 1084 4630 1086 4630 2416 4631 2415 4631 1086 4631 2417 4632 2416 4632 1086 4632 2414 4633 2417 4633 1086 4633 1064 4634 1081 4634 1084 4634 1066 4635 1064 4635 1084 4635 2415 4636 1066 4636 1084 4636 1068 4637 1079 4637 1081 4637 1064 4638 1068 4638 1081 4638 1070 4639 1077 4639 1079 4639 1068 4640 1070 4640 1079 4640 1073 4641 1075 4641 1077 4641 1070 4642 1073 4642 1077 4642 2418 4643 1477 4643 1066 4643 2419 4644 2418 4644 1066 4644 2415 4645 2419 4645 1066 4645 2420 4646 2392 4646 1477 4646 2418 4647 2420 4647 1477 4647 2421 4648 2337 4648 2338 4648 2422 4649 2339 4649 2337 4649 2422 4650 2337 4650 2421 4650 2423 4651 2338 4651 2335 4651 2423 4652 2421 4652 2338 4652 2424 4653 2335 4653 2336 4653 2424 4654 2423 4654 2335 4654 2425 4655 2336 4655 2332 4655 2425 4656 2424 4656 2336 4656 2426 4657 2332 4657 2333 4657 2426 4658 2425 4658 2332 4658 2427 4659 2333 4659 2334 4659 2427 4660 2426 4660 2333 4660 2428 4661 2334 4661 2328 4661 2428 4662 2427 4662 2334 4662 2429 4663 2328 4663 2329 4663 2429 4664 2428 4664 2328 4664 2430 4665 2329 4665 2357 4665 2429 4666 2329 4666 2430 4666 2431 4667 2357 4667 2353 4667 2431 4668 2430 4668 2357 4668 2432 4669 2353 4669 2355 4669 2432 4670 2431 4670 2353 4670 2433 4671 2355 4671 2340 4671 2433 4672 2432 4672 2355 4672 2434 4673 2340 4673 2341 4673 2434 4674 2433 4674 2340 4674 2435 4675 2341 4675 2342 4675 2435 4676 2434 4676 2341 4676 2436 4677 2342 4677 2339 4677 2436 4678 2435 4678 2342 4678 2422 4679 2436 4679 2339 4679 2437 4680 2304 4680 2305 4680 2438 4681 2306 4681 2304 4681 2438 4682 2304 4682 2437 4682 2439 4683 2305 4683 2302 4683 2439 4684 2437 4684 2305 4684 2440 4685 2302 4685 2303 4685 2440 4686 2439 4686 2302 4686 2441 4687 2303 4687 2299 4687 2441 4688 2440 4688 2303 4688 2442 4689 2299 4689 2300 4689 2442 4690 2441 4690 2299 4690 2443 4691 2300 4691 2301 4691 2443 4692 2442 4692 2300 4692 2444 4693 2301 4693 2297 4693 2444 4694 2443 4694 2301 4694 2445 4695 2297 4695 2298 4695 2445 4696 2444 4696 2297 4696 2446 4697 2298 4697 2327 4697 2445 4698 2298 4698 2446 4698 2447 4699 2327 4699 2325 4699 2447 4700 2446 4700 2327 4700 2448 4701 2325 4701 2326 4701 2448 4702 2447 4702 2325 4702 2449 4703 2326 4703 2308 4703 2449 4704 2448 4704 2326 4704 2450 4705 2308 4705 2311 4705 2450 4706 2449 4706 2308 4706 2451 4707 2311 4707 2312 4707 2451 4708 2450 4708 2311 4708 2452 4709 2312 4709 2306 4709 2452 4710 2451 4710 2312 4710 2438 4711 2452 4711 2306 4711 2453 4712 2412 4712 2413 4712 2454 4713 2414 4713 2412 4713 2454 4714 2412 4714 2453 4714 2455 4715 2413 4715 2410 4715 2455 4716 2453 4716 2413 4716 2456 4717 2410 4717 2411 4717 2456 4718 2455 4718 2410 4718 2457 4719 2411 4719 2393 4719 2457 4720 2456 4720 2411 4720 2458 4721 2393 4721 2396 4721 2458 4722 2457 4722 2393 4722 2459 4723 2396 4723 2397 4723 2459 4724 2458 4724 2396 4724 2460 4725 2397 4725 2390 4725 2460 4726 2459 4726 2397 4726 2461 4727 2390 4727 2392 4727 2461 4728 2460 4728 2390 4728 2462 4729 2392 4729 2420 4729 2461 4730 2392 4730 2462 4730 2463 4731 2420 4731 2418 4731 2463 4732 2462 4732 2420 4732 2464 4733 2418 4733 2419 4733 2464 4734 2463 4734 2418 4734 2465 4735 2419 4735 2415 4735 2465 4736 2464 4736 2419 4736 2466 4737 2415 4737 2416 4737 2466 4738 2465 4738 2415 4738 2467 4739 2416 4739 2417 4739 2467 4740 2466 4740 2416 4740 2468 4741 2417 4741 2414 4741 2468 4742 2467 4742 2417 4742 2454 4743 2468 4743 2414 4743 2469 4744 2379 4744 2381 4744 1404 4745 2383 4745 2379 4745 1404 4746 2379 4746 2469 4746 2470 4747 2381 4747 2374 4747 2470 4748 2469 4748 2381 4748 2471 4749 2374 4749 2377 4749 2471 4750 2470 4750 2374 4750 2472 4751 2377 4751 2361 4751 2472 4752 2471 4752 2377 4752 2473 4753 2361 4753 2362 4753 2473 4754 2472 4754 2361 4754 2474 4755 2362 4755 2363 4755 2474 4756 2473 4756 2362 4756 823 4757 2363 4757 2359 4757 823 4758 2474 4758 2363 4758 824 4759 2359 4759 2360 4759 824 4760 823 4760 2359 4760 2475 4761 2360 4761 2389 4761 824 4762 2360 4762 2475 4762 2476 4763 2389 4763 2387 4763 2476 4764 2475 4764 2389 4764 2477 4765 2387 4765 2388 4765 2477 4766 2476 4766 2387 4766 2478 4767 2388 4767 2384 4767 2478 4768 2477 4768 2388 4768 2479 4769 2384 4769 2385 4769 2479 4770 2478 4770 2384 4770 2480 4771 2385 4771 2386 4771 2480 4772 2479 4772 2385 4772 1403 4773 2386 4773 2383 4773 1403 4774 2480 4774 2386 4774 1404 4775 1403 4775 2383 4775 523 4776 2324 4776 1255 4776 2452 4777 2322 4777 2324 4777 2450 4778 2324 4778 2449 4778 522 4779 2449 4779 2324 4779 2451 4780 2324 4780 2450 4780 2452 4781 2324 4781 2451 4781 523 4782 522 4782 2324 4782 762 4783 1255 4783 1259 4783 763 4784 1255 4784 762 4784 765 4785 1255 4785 763 4785 764 4786 1255 4786 765 4786 767 4787 1255 4787 764 4787 1005 4788 1255 4788 767 4788 523 4789 1255 4789 1005 4789 1015 4790 1259 4790 1258 4790 762 4791 1259 4791 1015 4791 1014 4792 1258 4792 1262 4792 1015 4793 1258 4793 1014 4793 1014 4794 1262 4794 1296 4794 1298 4795 524 4795 1013 4795 1013 4796 1014 4796 1296 4796 1013 4797 1296 4797 1298 4797 524 4798 1298 4798 1297 4798 524 4799 1297 4799 1300 4799 524 4800 1300 4800 1299 4800 524 4801 1299 4801 1302 4801 524 4802 1302 4802 1301 4802 574 4803 1301 4803 1304 4803 524 4804 1301 4804 574 4804 2315 4805 1304 4805 2310 4805 2314 4806 1304 4806 2315 4806 2318 4807 1304 4807 2314 4807 2317 4808 1304 4808 2318 4808 2321 4809 1304 4809 2317 4809 2320 4810 1304 4810 2321 4810 2323 4811 1304 4811 2320 4811 2437 4812 1304 4812 2323 4812 2439 4813 1304 4813 2437 4813 2440 4814 1304 4814 2439 4814 574 4815 1304 4815 2440 4815 2437 4816 2323 4816 2322 4816 2438 4817 2437 4817 2322 4817 2438 4818 2322 4818 2452 4818 1091 4819 2331 4819 1183 4819 1090 4820 2358 4820 2331 4820 1091 4821 1090 4821 2331 4821 870 4822 1183 4822 1192 4822 876 4823 1183 4823 870 4823 877 4824 1183 4824 876 4824 878 4825 1183 4825 877 4825 879 4826 1183 4826 878 4826 880 4827 1183 4827 879 4827 1091 4828 1183 4828 880 4828 867 4829 1192 4829 1195 4829 870 4830 1192 4830 867 4830 864 4831 1195 4831 1194 4831 867 4832 1195 4832 864 4832 864 4833 1194 4833 1198 4833 1197 4834 467 4834 862 4834 864 4835 1198 4835 862 4835 862 4836 1198 4836 1197 4836 467 4837 1197 4837 1201 4837 467 4838 1201 4838 1200 4838 467 4839 1200 4839 1204 4839 467 4840 1204 4840 1203 4840 467 4841 1203 4841 1208 4841 472 4842 1208 4842 1220 4842 467 4843 1208 4843 472 4843 2432 4844 1220 4844 2348 4844 2433 4845 1220 4845 2432 4845 2434 4846 1220 4846 2433 4846 2435 4847 1220 4847 2434 4847 2436 4848 1220 4848 2435 4848 2422 4849 1220 4849 2436 4849 472 4850 1220 4850 2422 4850 2431 4851 2348 4851 2347 4851 2432 4852 2348 4852 2431 4852 2430 4853 2347 4853 2350 4853 2431 4854 2347 4854 2430 4854 2430 4855 2350 4855 2349 4855 2352 4856 1090 4856 2429 4856 2429 4857 2430 4857 2349 4857 2429 4858 2349 4858 2352 4858 1090 4859 2352 4859 2351 4859 1090 4860 2351 4860 2356 4860 1090 4861 2356 4861 2354 4861 1090 4862 2354 4862 2358 4862 240 4863 2380 4863 1351 4863 2471 4864 2382 4864 2380 4864 1404 4865 2469 4865 2380 4865 2470 4866 2380 4866 2469 4866 239 4867 1404 4867 2380 4867 2471 4868 2380 4868 2470 4868 240 4869 239 4869 2380 4869 588 4870 1351 4870 1350 4870 526 4871 1351 4871 520 4871 587 4872 520 4872 1351 4872 527 4873 1351 4873 526 4873 528 4874 1351 4874 527 4874 240 4875 1351 4875 528 4875 587 4876 1351 4876 588 4876 586 4877 1350 4877 1354 4877 588 4878 1350 4878 586 4878 585 4879 1354 4879 1353 4879 586 4880 1354 4880 585 4880 585 4881 1353 4881 1358 4881 1365 4882 244 4882 584 4882 585 4883 1358 4883 584 4883 584 4884 1358 4884 1365 4884 244 4885 1365 4885 1369 4885 244 4886 1369 4886 1368 4886 244 4887 1368 4887 1372 4887 244 4888 1372 4888 1371 4888 244 4889 1371 4889 1377 4889 267 4890 1377 4890 1376 4890 244 4891 1377 4891 267 4891 2368 4892 1376 4892 2369 4892 2371 4893 1376 4893 2368 4893 2370 4894 1376 4894 2371 4894 2373 4895 1376 4895 2370 4895 2372 4896 1376 4896 2373 4896 2378 4897 1376 4897 2372 4897 2376 4898 1376 4898 2378 4898 2473 4899 1376 4899 2376 4899 2474 4900 1376 4900 2473 4900 823 4901 1376 4901 2474 4901 267 4902 1376 4902 823 4902 2473 4903 2376 4903 2382 4903 2472 4904 2382 4904 2471 4904 2473 4905 2382 4905 2472 4905 296 4906 2409 4906 1425 4906 2460 4907 2407 4907 2409 4907 2458 4908 2409 4908 2457 4908 295 4909 2457 4909 2409 4909 2459 4910 2409 4910 2458 4910 2460 4911 2409 4911 2459 4911 296 4912 295 4912 2409 4912 659 4913 1425 4913 1429 4913 660 4914 1425 4914 659 4914 662 4915 1425 4915 660 4915 661 4916 1425 4916 662 4916 666 4917 1425 4917 661 4917 960 4918 1425 4918 666 4918 296 4919 1425 4919 960 4919 658 4920 1429 4920 1428 4920 659 4921 1429 4921 658 4921 656 4922 1428 4922 1433 4922 658 4923 1428 4923 656 4923 656 4924 1433 4924 1432 4924 1436 4925 297 4925 968 4925 656 4926 1432 4926 968 4926 968 4927 1432 4927 1436 4927 297 4928 1436 4928 1435 4928 297 4929 1435 4929 1440 4929 297 4930 1440 4930 1472 4930 297 4931 1472 4931 1474 4931 297 4932 1474 4932 1473 4932 350 4933 1473 4933 1476 4933 297 4934 1473 4934 350 4934 2400 4935 1476 4935 2395 4935 2399 4936 1476 4936 2400 4936 2403 4937 1476 4937 2399 4937 2402 4938 1476 4938 2403 4938 2406 4939 1476 4939 2402 4939 2405 4940 1476 4940 2406 4940 2408 4941 1476 4941 2405 4941 2462 4942 1476 4942 2408 4942 2463 4943 1476 4943 2462 4943 2464 4944 1476 4944 2463 4944 350 4945 1476 4945 2464 4945 2462 4946 2408 4946 2407 4946 2461 4947 2462 4947 2407 4947 2461 4948 2407 4948 2460 4948 468 4949 2422 4949 2421 4949 468 4950 2421 4950 2423 4950 468 4951 472 4951 2422 4951 469 4952 856 4952 857 4952 469 4953 884 4953 856 4953 467 4954 857 4954 859 4954 467 4955 469 4955 857 4955 467 4956 859 4956 862 4956 468 4957 2423 4957 2424 4957 468 4958 2424 4958 2425 4958 468 4959 2425 4959 2426 4959 468 4960 2426 4960 2427 4960 1090 4961 2427 4961 2428 4961 1090 4962 468 4962 2427 4962 1090 4963 2428 4963 2429 4963 469 4964 880 4964 881 4964 469 4965 1091 4965 880 4965 469 4966 881 4966 882 4966 469 4967 882 4967 883 4967 469 4968 883 4968 884 4968 522 4969 2446 4969 2447 4969 525 4970 2445 4970 2446 4970 522 4971 525 4971 2446 4971 522 4972 2447 4972 2448 4972 522 4973 2448 4973 2449 4973 521 4974 1005 4974 1006 4974 521 4975 523 4975 1005 4975 521 4976 1006 4976 1007 4976 574 4977 2440 4977 2441 4977 574 4978 2441 4978 2442 4978 574 4979 2442 4979 2443 4979 574 4980 2443 4980 2444 4980 525 4981 2444 4981 2445 4981 525 4982 574 4982 2444 4982 521 4983 1007 4983 1008 4983 521 4984 1008 4984 1009 4984 521 4985 1009 4985 1010 4985 521 4986 1010 4986 1011 4986 524 4987 1011 4987 1012 4987 524 4988 521 4988 1011 4988 524 4989 1012 4989 1013 4989 298 4990 2454 4990 2453 4990 295 4991 2453 4991 2455 4991 295 4992 298 4992 2453 4992 350 4993 2464 4993 2465 4993 350 4994 2465 4994 2466 4994 350 4995 2466 4995 2467 4995 350 4996 2467 4996 2468 4996 298 4997 2468 4997 2454 4997 298 4998 350 4998 2468 4998 294 4999 961 4999 962 4999 294 5000 960 5000 961 5000 294 5001 962 5001 963 5001 294 5002 963 5002 964 5002 294 5003 964 5003 966 5003 294 5004 966 5004 965 5004 297 5005 965 5005 967 5005 297 5006 294 5006 965 5006 297 5007 967 5007 968 5007 295 5008 2455 5008 2456 5008 295 5009 2456 5009 2457 5009 294 5010 296 5010 960 5010 267 5011 2475 5011 2476 5011 267 5012 824 5012 2475 5012 267 5013 2476 5013 2477 5013 245 5014 2477 5014 2478 5014 245 5015 267 5015 2477 5015 245 5016 2478 5016 2479 5016 239 5017 2479 5017 2480 5017 239 5018 245 5018 2479 5018 239 5019 2480 5019 1403 5019</p>
        </triangles>
      </mesh>
    </geometry>
  </library_geometries>
  <library_visual_scenes>
    <visual_scene id="Scene" name="Scene">
      <node id="asm_edie_v7-1_ear_right" name="asm_edie_v7-1_ear_right" type="NODE">
        <matrix sid="transform">-7.54495e-5 9.12644e-5 9.92964e-4 -2.96688e-4 7.70725e-4 6.37168e-4 -1.05055e-12 3.13919e-4 -6.32685e-4 7.65302e-4 -1.18414e-4 -4.03433e-4 0 0 0 1</matrix>
        <instance_geometry url="#asm_edie_v7-1_ear_right-mesh" name="asm_edie_v7-1_ear_right">
          <bind_material>
            <technique_common>
              <instance_material symbol="Material_001-material" target="#Material_001-material"/>
            </technique_common>
          </bind_material>
        </instance_geometry>
      </node>
    </visual_scene>
  </library_visual_scenes>
  <scene>
    <instance_visual_scene url="#Scene"/>
  </scene>
</COLLADA>